filepath,label
madoubt.com 356695.xyz NIMA-047 / madoubt.com 356695.xyz NIMA-047.mp4,1
【蜜蜜蜜蜜】正规按摩店~塞跳蛋自慰~全裸拔罐~口鸡~精油SPA~真实刺激，暧昧氛围拉满，对白挑逗有趣！ / 【蜜蜜蜜蜜】正规按摩店~塞跳蛋自慰~全裸拔罐~口鸡~精油SPA~真实刺激，暧昧氛围拉满，对白挑逗有趣！.mp4,1
出入平安的白虎小骚逼激情大秀6小时，给小哥口交乳交道具玩弄骚穴，大鸡巴爆草蹂躏，淫声荡语不断表情好骚 / 出入平安的白虎小骚逼激情大秀6小时，给小哥口交乳交道具玩弄骚穴，大鸡巴爆草蹂躏，淫声荡语不断表情好骚.mkv,1
旅游中途成功拿下喜欢穿JK制服的可爱小妹妹超清无水印原始版 / 旅游中途成功拿下喜欢穿JK制服的可爱小妹妹超清无水印原始版.mp4,1
抖音24万粉丝小网红。【甜心宝贝】，新疆美女，白虎粉穴黑丝，极品尤物福利 / 抖音24万粉丝小网红。【甜心宝贝】，新疆美女，白虎粉穴黑丝，极品尤物福利.mp4,1
最新爆火推特约炮大神【深海杀人鲸 小张历险记】订阅私拍，超多人前女神私下反差的极品美女被大神拿捏爆操 / 最新爆火推特约炮大神【深海杀人鲸 小张历险记】订阅私拍，超多人前女神私下反差的极品美女被大神拿捏爆操.mp4,1
madoubt.com 289566.xyz fc2ppv-4655305 / madoubt.com 289566.xyz fc2ppv-4655305.mp4,1
Vsadnik po imeni Smert (2004).BDRip.1080p.AV1.PlamenNik / Vsadnik po imeni Smert (2004).BDRip.1080p.AV1.PlamenNik.mkv,0
FamilyTherapyXXX.18.05.03.Cory.Chase.A.Quiet.Summer.Night.XXX.SD.MP4-KLEENEX / FamilyTherapyXXX.18.05.03.Cory.Chase.A.Quiet.Summer.Night.XXX.SD.MP4-KLEENEX.mp4,1
[ CourseWikia.com ] Udemy - Secret Language Of Music - The Grand Staff / ~Get Your Files Here !/6 - AccidentalsChanging the Note/19 - Sharps Flats and Naturals.mp4,0
OakleyTapes_1162_NewsEnt / 20240104_073204.mp4,1
GirlGirlMania.20.04.08.Nickey.Huntsman.And.Nikki.Knightly.XXX.1080p.MP4-GAPFiLL[XC] / girlgirlmania.20.04.08.nickey.huntsman.and.nikki.knightly.mp4,1
Pet Sematary (1989) [BluRay] [1080p] [YTS.AM] / Pet.Sematary.1989.1080p.BluRay.x264-[YTS.AM].mp4,0
Besprintcipnye.S04.WEB-DL.720p.MrMittens / Besprintcipnye.S04.E01.WEB-DL.720p.MrMittens.mkv,0
madoubt.com 382386.xyz WAAA-479 / madoubt.com 382386.xyz WAAA-479.mp4,1
回上海了 小母狗来机场接机 到家先一顿操！ / 回上海了 小母狗来机场接机 到家先一顿操！.mp4,1
Naked.and.Afraid.S05.1080p.WEBRip.AAC2.0.x264-CAFFEiNE[rartv] / Naked.and.Afraid.S05E01.Forsaken.1080p.WEB.x264-CAFFEiNE.mkv,0
Hard.Quiz.S05E05.720p.HDTV.x264-CBFM[eztv].mkv / Hard.Quiz.S05E05.720p.HDTV.x264-CBFM[eztv].mkv,0
"2021-07-09 Eliza Ibarra, Freya Parker (Switch Things Up - S39E15) 1080p.mkv / 2021-07-09 Eliza Ibarra, Freya Parker (Switch Things Up - S39E15) 1080p.mkv",0
"[CumLouder] BoldlyGirls - Nekane (Nekane's competition) [NEW November 04, 2015] / [CumLouder] BoldlyGirls - Nekane (Nekane's competition) [NEW November 04, 2015].mp4",1
madoubt.com 398528.xyz DASS-090 / madoubt.com 398528.xyz DASS-090.mp4,1
[ Torrent9.red ] Getaway.Plan.2016.FRENCH.720p.BluRay.x264-UTT / Getaway.Plan.2016.FRENCH.720p.BluRay.x264-UTT.mkv,0
《贵在真实最新流出》女人坑女人！主人定制反差眼镜女大学生出卖同学在宿舍偸拍姐妹隐私 日常换衣保养阴部跳蛋紫薇 / 《贵在真实最新流出》女人坑女人！主人定制反差眼镜女大学生出卖同学在宿舍偸拍姐妹隐私 日常换衣保养阴部跳蛋紫薇.mp4,1
地下停车场里的刺激战场，高价约的网红模特颜值很高，在车里耍她一下，口活超棒的不脱衣服直接坐上来草 / 地下停车场里的刺激战场，高价约的网红模特颜值很高，在车里耍她一下，口活超棒的不脱衣服直接坐上来草.mp4,1
Devil in Ohio 2022 S01 Complete Hindi Dual Audio www.DownloadHub.us 720p WEB-DL MSubs / Devil.in.ohio.s01e08.the.dawning.720p.nf.web-dl.ddp5.1.atmos.x264-DownloadHub.us.mkv,0
h尔b一j四s.EP23.HD1080p.mp4 / h尔b一j四s.EP23.HD1080p.mp4,1
PRIN-004 / PRIN-004.mp4,1
叔嫂乱伦大神我的长腿嫂子大哥出门倒短把正午睡的嫂子带到租房狂草摩擦骚逼射嫂子一脸 / 叔嫂乱伦大神我的长腿嫂子大哥出门倒短把正午睡的嫂子带到租房狂草摩擦骚逼射嫂子一脸.mp4,1
推特约炮博主【YuWangManShen 】高价SVIP群收费900，私拍模特学生妹 / 推特约炮博主【YuWangManShen 】高价SVIP群收费900，私拍模特学生妹.mp4,1
Les Tuche[2011]BRRip XviD[French]-ETRG / ETRG.mp4,1
Black.Hawk.Down.2001.Theatrical.Cut.REPACK.2160p.UHD.BDRemux.TrueHD.Atmos.7.1.HYBRID.DoVi-DVT.mkv / Black.Hawk.Down.2001.Theatrical.Cut.REPACK.2160p.UHD.BDRemux.TrueHD.Atmos.7.1.HYBRID.DoVi-DVT.mkv,0
LustyGrandmas - Angela Reed - Redhead Granny in Action [.mp4] / [LustyGrandmas.com] Angela Reed - Redhead Granny in Action/26470-540p.mp4,0
【高清影视之家发布 www.HDBTHD.com】倚天屠龙记之九阳神功[杜比视界版本][无字片源].New.Kung.Fu.Cult.Master.2022.2160p.WEB-DL.H265.DV.DDP5.1-BATWEB / New.Kung.Fu.Cult.Master.2022.2160p.WEB-DL.H265.DV.DDP5.1-BATWEB.mp4,0
The Many Saints Of Newark (2021) [720p] [WEBRip] [YTS.MX] / The.Many.Saints.Of.Newark.2021.720p.WEBRip.x264.AAC-[YTS.MX].mp4,0
On.Drakon.2015.RUS.BDRip.720p.-HELLYWOOD.mkv / On.Drakon.2015.RUS.BDRip.720p.-HELLYWOOD.mkv,0
Miami Heat at Philadelphia 76ers 12.05.22.mkv / Miami Heat at Philadelphia 76ers 12.05.22.mkv,0
Gag Manga Biyori Jump Festa 2002 Han.mp4 / Gag Manga Biyori Jump Festa 2002 Han.mp4,1
《贵在真实反差淫妻》顶级绿帽刷锅狠人，私密交流群东北夫妻淫乱群交内容曝光，商场户外超市露出3P野战相当开放 / 《贵在真实反差淫妻》顶级绿帽刷锅狠人，私密交流群东北夫妻淫乱群交内容曝光，商场户外超市露出3P野战相当开放.mp4,1
91C仔团伙漏网大神重出江湖老司机探花 ️酒店约外围吸舔取精爱不释手长腿高跟美女娇羞不已打桩式后入 / 91C仔团伙漏网大神重出江湖老司机探花 ️酒店约外围吸舔取精爱不释手长腿高跟美女娇羞不已打桩式后入.mp4,1
FamilyStrokes - Stella Luxx (23.05.2025) rq.mp4 / FamilyStrokes - Stella Luxx (23.05.2025) rq.mp4,1
madoubt.com 252635.xyz caribbeancom-041319_896 / madoubt.com 252635.xyz caribbeancom-041319_896.mp4,1
madoubt.com 623655.xyz DPMI-095 / madoubt.com 623655.xyz DPMI-095.mp4,1
madoubt.com 665539.xyz fc2ppv-2043937 / madoubt.com 665539.xyz fc2ppv-2043937.mp4,1
"Halloween 1, 2, 3, 4, 5, 6, 7, 8, 9, 10 - Complete Collection Eng Subs 720p [H264-mp4] / Halloween Complete Collection/09 Halloween Rob Zombie - Horror 2007 Eng Subs 720p [H264-mp4].mp4",0
Laura.1979.(David.Hamilton-Erotica-Dual).1080p.x264-Classics / Laura.1979.(David.Hamilton-Erotica-Dual).1080p.x264-Classics.mkv,0
madoubt.com 989552.xyz fc2ppv-3962534 / madoubt.com 989552.xyz fc2ppv-3962534.mp4,1
05后超级萌妹，【零5萝莉酱】，JK萝莉，无套吃鸡啪啪，还会弹吉他，才艺展示，蜜桃臀后入内射 / 05后超级萌妹，【零5萝莉酱】，JK萝莉，无套吃鸡啪啪，还会弹吉他，才艺展示，蜜桃臀后入内射.mp4,1
"大神最新公交车冒死顶臀猥亵妹子大合集,有心没胆的狼友们赶紧看 / 大神最新公交车冒死顶臀猥亵妹子大合集,有心没胆的狼友们赶紧看.mp4",1
专约极品学妹土豪『A-sce』现在00后身材都这么爆炸 性欲都这么旺盛了吗？差一点就直接操喷的学妹，被狠狠地操 / 专约极品学妹土豪『A-sce』现在00后身材都这么爆炸 性欲都这么旺盛了吗？差一点就直接操喷的学妹，被狠狠地操.mp4,1
千人斩约炮大神【异地且怀孕】专操极品嫩妹小母狗！清纯可爱的女高嫩妹被大神调教成淫荡母狗，少女肉体全身是宝 / 千人斩约炮大神【异地且怀孕】专操极品嫩妹小母狗！清纯可爱的女高嫩妹被大神调教成淫荡母狗，少女肉体全身是宝.mp4,1
Tom Of Your Life (2020) [720p] [WEBRip] [YTS.MX] / Tom.Of.Your.Life.2020.720p.WEBRip.x264.AAC-[YTS.MX].mp4,0
Času dost.mkv / Času dost.mkv,0
madoubt.com 962662.xyz caribbeancom-112517_002 / madoubt.com 962662.xyz caribbeancom-112517_002.mp4,1
Superman.2025.UHD WEB-DLRip.1080p. HEVC.HDR10.DV.8.1.10bit.Dub. MVO.mikos .mkv / Superman.2025.UHD WEB-DLRip.1080p. HEVC.HDR10.DV.8.1.10bit.Dub. MVO.mikos .mkv,0
《反差网红 ️顶级泄密》你的女神有钱人的母狗！拥有精致身材极品气质御姐bwcou私密曝光~紫薇肛交深喉SM吞精样样精通 / 《反差网红 ️顶级泄密》你的女神有钱人的母狗！拥有精致身材极品气质御姐bwcou私密曝光~紫薇肛交深喉SM吞精样样精通.mp4,1
糖心网黄美少女【甜心宝贝】_制服诱惑之cos女警嫩穴服务 / 糖心网黄美少女【甜心宝贝】_制服诱惑之cos女警嫩穴服务.mp4,1
"Zafira And Lindsey Olsen - Learning To Serve, Part 2.mp4 / Zafira And Lindsey Olsen - Learning To Serve, Part 2.mp4",1
Native Instruments KOMPLETE 12 Instruments & Effects / to Block Ads/How to Block Ads.mp4,1
PornWorld.25.04.06.Anissa.Kate.XXX.1080p.HEVC.x265.PRT / PornWorld.25.04.06.Anissa.Kate.XXX.1080p.HEVC.x265.PRT.mp4,1
gotmylf_aila_donovan_full_hi_720hd.mp4 / gotmylf_aila_donovan_full_hi_720hd.mp4,1
Only.Fools.And.Horses.Xmas.Special.[1989].The.Jolly.Boys.Outing.DVDRip.H264(BINGOWINGZ.UKB-RG) / Only.Fools.And.Horses.Xmas.Special.[1989].The.Jolly.Boys.Outing.mp4,0
"Lay Her Down (Boomskadoom, Digital Playground) 2017 WEB-DL rq.mp4 / Lay Her Down (Boomskadoom, Digital Playground) 2017 WEB-DL rq.mp4",0
madoubt.com 323683.xyz heyzo-2072 / madoubt.com 323683.xyz heyzo-2072.mp4,1
Sundays and Cybele (1962) BDRip 720p.mkv / Sundays and Cybele (1962) BDRip 720p.mkv,0
The.Studio.2025.S01E09.CinemaCon.1080p.ATVP.WEB-DL.DDP5.1.Atmos.H.264-FLUX.mkv / The.Studio.2025.S01E09.CinemaCon.1080p.ATVP.WEB-DL.DDP5.1.Atmos.H.264-FLUX.mkv,0
[LegalPorno] Veronica Leal SZ2526 (02.12.2020) rq.mp4 / [LegalPorno] Veronica Leal SZ2526 (02.12.2020) rq.mp4,1
madoubt.com 989569.xyz fc2ppv-2382903 / madoubt.com 989569.xyz fc2ppv-2382903.mp4,1
"X-Art - Jenna, James & Seth Double daydreams.mp4 / X-Art - Jenna, James & Seth Double daydreams.mp4",1
Pulya.2018.WEB-DL.(1080p).Nikolspup / Pulya.(06.seriya.iz.10).2018.WEB-DL.(1080p).Nikolspup.mkv,0
3626DominnoMakingHerbigNaturalTitsBounce / 3626DominnoMakingHerbigNaturalTitsBounce.mp4,1
Cathy Heaven - Scene 5.mp4 / Cathy Heaven - Scene 5.mp4,1
madoubt.com 963228.xyz 1pondo-091416_382 / madoubt.com 963228.xyz 1pondo-091416_382.mp4,1
madoubt.com 526393.xyz fc2ppv-2952812 / madoubt.com 526393.xyz fc2ppv-2952812.mp4,1
The.Peripheral.S01E01.1080p.rus.LostFilm.TV.mkv / The.Peripheral.S01E01.1080p.rus.LostFilm.TV.mkv,0
Cyclotrode X 1966.x264.1080p.WEBRip.1080p.Rus.kosmoaelita.mkv / Cyclotrode X 1966.x264.1080p.WEBRip.1080p.Rus.kosmoaelita.mkv,0
madoubt.com 935998.xyz HUNTB-472 / madoubt.com 935998.xyz HUNTB-472.mp4,1
Stacy_Bloom_5k_5400_180_180x180_3dh.mp4 / Stacy_Bloom_5k_5400_180_180x180_3dh.mp4,1
Berlin Station - Temporada 2 [HDTV 720p][Cap.209][AC3 5.1 Español Castellano] / Berlin Station 720p 2x09 [www.newpct1.com].mkv,0
CAD-033 / CAD-033.H265.mp4,1
Mariss Jansons conducts Beethoven - Piano Concerto No. 3 (Mitsuko Uchida) & R. Strauss - Ein Heldenleben - 2011 / Main.mkv,1
【精品TP】外站盗摄流出 ️偷窥大学生宿舍美女居室换衣、裸体走动的喷血画面 / 【精品TP】外站盗摄流出 ️偷窥大学生宿舍美女居室换衣、裸体走动的喷血画面.mp4,1
Jurassic.World.Rebirth.2025.D.TELECINE.V2_1O8Op.mkv / Jurassic.World.Rebirth.2025.D.TELECINE.V2_1O8Op.mkv,0
[SubsPlease] Silent Witch - Chinmoku no Majo no Kakushigoto - 03v2 (1080p) [6EBC3F07].mkv / [SubsPlease] Silent Witch - Chinmoku no Majo no Kakushigoto - 03v2 (1080p) [6EBC3F07].mkv,0
The Old Way (2023) [1080p] [WEBRip] [5.1] [YTS.MX] / The.Old.Way.2023.1080p.WEBRip.x264.AAC5.1-[YTS.MX].mp4,0
Frantz.2016.1080p.BluRay.DTS.x264.mkv / Frantz.2016.1080p.BluRay.DTS.x264.mkv,0
madoubt.com 332282.xyz 1pondo-120515_202 / madoubt.com 332282.xyz 1pondo-120515_202.mp4,1
BurningAngel.16.02.11.Draven.Star.Pussy.Eatin.Man.XXX.1080p.MP4-KTR[rarbg] / burna.16.02.11.draven.star.pussy.eatin.man.mp4,1
JulesJordan.19.08.16.Saya.Song.XXX.2160p.MP4-KTR[rarbg] / julesjordan.19.08.16.saya.song.4k.mp4,1
madoubt.com 692523.xyz WAAA-506 / madoubt.com 692523.xyz WAAA-506.mp4,1
Eto.tozhe.projdyot.2025.WEB-DLRip.AVC.mkv / Eto.tozhe.projdyot.2025.WEB-DLRip.AVC.mkv,0
Angelina Ashe - Sex Secrets Of A Dirty Blonde 1 (01.04.2021)_558p.mp4 / Angelina Ashe - Sex Secrets Of A Dirty Blonde 1 (01.04.2021)_558p.mp4,0
"Koroleva_Shanteklera.1962.2,1gb.DVDRip-AVC.mkv / Koroleva_Shanteklera.1962.2,1gb.DVDRip-AVC.mkv",0
黑客破解家庭网络摄像头偷拍 夫妻趁小孩睡着一个月就搞这么一次 / 黑客破解家庭网络摄像头偷拍 夫妻趁小孩睡着一个月就搞这么一次.mp4,1
极品反差婊--眼镜妹 ️：现在好想要，老公快来操我，好痒，太爽了嗯嗯嗯~ 男友加班不在身边，自慰直播，淫叫太荡了！ / 极品反差婊--眼镜妹 ️：现在好想要，老公快来操我，好痒，太爽了嗯嗯嗯~ 男友加班不在身边，自慰直播，淫叫太荡了！.mp4,1
Things.to.Do.in.Denver.When.Youre.Dead.1995.1080p.BluRay.x265-RARBG / Things.to.Do.in.Denver.When.Youre.Dead.1995.1080p.BluRay.x265-RARBG.mp4,0
Windy.City.Rehab.S01E10.Fire.Sale.Fail.to.Dream.Duplex.WEB.x264-CAFFEiNE[eztv].mkv / Windy.City.Rehab.S01E10.Fire.Sale.Fail.to.Dream.Duplex.WEB.x264-CAFFEiNE[eztv].mkv,0
BBC.Blue.Note.Records.Beyond.the.Notes.1080p.HDTV.x264.AAC.MVGroup.org.mkv / BBC.Blue.Note.Records.Beyond.the.Notes.1080p.HDTV.x264.AAC.MVGroup.org.mkv,0
09472.Kyoroichi-Believe.amvnews.ru.mp4 / 09472.Kyoroichi-Believe.amvnews.ru.mp4,1
【高清影视之家发布 www.HDBTHD.com】41舞会[中文字幕].Dance.of.the.41.2020.1080p.NF.WEB-DL.x264.DDP5.1-SONYHD / Dance.of.the.41.2020.1080p.NF.WEB-DL.x264.DDP5.1-SONYHD.mkv,0
madoubt.com 822526.xyz heyzo-2792 / madoubt.com 822526.xyz heyzo-2792.mp4,1
Poissonsexe.2020.P.WEB-DL.1O8Op.mkv / Poissonsexe.2020.P.WEB-DL.1O8Op.mkv,0
Forbidden.World.1982.ExKinoRay.mkv / Forbidden.World.1982.ExKinoRay.mkv,0
贵阳夫妻找单男酒后3P肉丝高跟制服男的鸡巴粗又大 / 贵阳夫妻找单男酒后3P肉丝高跟制服男的鸡巴粗又大.mp4,1
START-203.mp4 / START-203.mp4,1
Juliet.of.the.Spirits.1965.(Fellini).1080p.BRRip.x264-Classics / Juliet.of.the.Spirits.1965.(Fellini).1080p.BRRip.x264-Classics.mkv,0
佩戴价值30万劳力士土豪，玩弄真实空姐，做爱中途操尿，深喉，啪啪性爱视频泄露 / 佩戴价值30万劳力士土豪，玩弄真实空姐，做爱中途操尿，深喉，啪啪性爱视频泄露.mp4,1
[Seijin no Hi] Voltes V Legacy 41 - 50 [Sub Ita] [1080p x264 AAC] / [Seijin no Hi] Voltes V Legacy 50 [Sub Ita] [1080p x264 AAC].mp4,0
明星颜值，极品巨乳肥臀女神【jeenzen】，被金主包养，日常各种性爱，全程无尿点 / 明星颜值，极品巨乳肥臀女神【jeenzen】，被金主包养，日常各种性爱，全程无尿点.mp4,1
TVBOXNOW 食為奴 / TVBOXNOW 食為奴 EP01.mp4,1
madoubt.com 858652.xyz fc2ppv-4540562 / madoubt.com 858652.xyz fc2ppv-4540562.mp4,1
FilthyPOV.19.10.04.Lexi.Grey.XXX.720p.HEVC.x265.PRT / FilthyPOV.19.10.04.Lexi.Grey.XXX.720p.HEVC.x265.PRT.mp4,1
《监控破解》纹身哥酒店约炮极品身材的美女啪啪啪 / 《监控破解》纹身哥酒店约炮极品身材的美女啪啪啪.mp4,1
giuliarodrigues.mp4 / giuliarodrigues.mp4,1
Stunning18.24.08.01.Kassandra.Fun.Mood.XXX.720p.HEVC.x265.PRT / Stunning18.24.08.01.Kassandra.Fun.Mood.XXX.720p.HEVC.x265.PRT.mp4,1
The Day of the Jackal 1 - LostFilm.TV [MP4] / The.Day.Of.The.Jackal.S01E10.720p.rus.LostFilm.TV.mp4,0
PJGirls / pjgirls_2023.12/Julia Smile - Inside Juicy Pussy - 2023-12-01h.mp4,1
Mizu Zokusei no Mahou Tsukai / [SubsPlease] Mizuzokusei no Mahoutsukai - 02 (720p) [7169A921].mkv,0
Slow.Horses.S01.WEB-DL.1080p.Bluebird-RGzsRutracker / Slow.Horses.s01e01.WEB-DL.1080p.Bluebird-RGzsRutracker.mkv,0
[Tushy] April Olsen - Gorgeous April Lives Her Double Penetration Fantasy (104317) (2023-12-17) 720p.mp4 / [Tushy] April Olsen - Gorgeous April Lives Her Double Penetration Fantasy (104317) (2023-12-17) 720p.mp4,0
Lilly Mays - Lilly Mays’ First Anal (16.08.2025)_720p.mp4 / Lilly Mays - Lilly Mays’ First Anal (16.08.2025)_720p.mp4,1
El Baile De Las Luciernagas - Temporada 2 [HDTV 720p][Cap.201][AC3 5.1 Castellano][www.AtomoHD.NU] / El Baile De Las Luciernagas - Temporada 2 [HDTV 720p][Cap.201][AC3 5.1 Castellano][www.AtomoHD.NU].mkv,0
ImmoralLive.16.01.21.Tasha.Reign.XXX.1080p.MP4-KTR[rarbg] / il.16.01.21.tasha.reign.mp4,1
Pantanal S01E51 2022 WEB-DL 1080p NACIONAL 2.0 / Pantanal S01E51 WEB-DL 1080p NACIONAL 2.0.mkv,0
www.UIndex.org    -    Bob.Ross.The.Joy.of.Painting.S21E09.Indian.Summer.1080p.HEVC.x265-MeGusta / Bob.Ross.The.Joy.of.Painting.S21E09.Indian.Summer.1080p.HEVC.x265-MeGusta.mkv,0
“受不了了 快操我”清纯脸女友小白 遭男友振蛋玩逼 痒的不行哀求男友进来操逼止痒 / “受不了了 快操我”清纯脸女友小白 遭男友振蛋玩逼 痒的不行哀求男友进来操逼止痒.mp4,1
midv-277 / midv-277.mp4,1
From.S03E03.2160p.WEB.H265-SuccessfulCrab[TGx] / from.s03e03.2160p.web.h265-successfulcrab.mkv,0
The Doraemons - Mushimushi Pyonpyon Daisakusen! (DVD 708x434 x264 10bit AC3) [61CD12B4].mp4 / The Doraemons - Mushimushi Pyonpyon Daisakusen! (DVD 708x434 x264 10bit AC3) [61CD12B4].mp4,0
"Clara - Clara, 18, Threesome And Sodomy In A Castle! (05.08.2020)_480p.mp4 / Clara - Clara, 18, Threesome And Sodomy In A Castle! (05.08.2020)_480p.mp4",1
家用网络摄像头破解TP关灯后夫妻床上缠绵做爱先用手抠然后肉棒进入体位多大白屁股骚妻真不错内射 / 家用网络摄像头破解TP关灯后夫妻床上缠绵做爱先用手抠然后肉棒进入体位多大白屁股骚妻真不错内射.mp4,1
Cuddle Mocap_Elven Sex With Artoria_Passthrough Version_2944p_LR_180.mp4 / Cuddle Mocap_Elven Sex With Artoria_Passthrough Version_2944p_LR_180.mp4,1
Cricket 2025 Champions Trophy - Final Highlights 720p50 -ash.mp4 / Cricket 2025 Champions Trophy - Final Highlights 720p50 -ash.mp4,0
[SubsPlease] Bad Girl - 02 (1080p) [2ECC9FE4].mkv / [SubsPlease] Bad Girl - 02 (1080p) [2ECC9FE4].mkv,0
Strefa gangsterów  MobLand (2025) s1e3MULTi.2160p.PMTP.WEB-DL.DDP5.1.DoVi.HDR10.HEVC-Ralf  Lektor & Napisy PL.mkv / Strefa gangsterów  MobLand (2025) s1e3MULTi.2160p.PMTP.WEB-DL.DDP5.1.DoVi.HDR10.HEVC-Ralf  Lektor & Napisy PL.mkv,0
艺校身材顶级大奶白虎美女【玉米】露脸私拍高清完整原版，多模式远程遥控跳蛋潮吹求饶+小护士紫薇高潮抽搐 / 艺校身材顶级大奶白虎美女【玉米】露脸私拍高清完整原版，多模式远程遥控跳蛋潮吹求饶+小护士紫薇高潮抽搐.mp4,1
madoubt.com 526285.xyz caribbeancom-030823_001 / madoubt.com 526285.xyz caribbeancom-030823_001.mp4,1
madoubt.com 369262.xyz 1pondo-032721_001 / madoubt.com 369262.xyz 1pondo-032721_001.mp4,1
CALICO LANE 23.01.2009.mp4 / CALICO LANE 23.01.2009.mp4,1
The.Invisible.Woman.2013.iTA-ENG.Bluray.720p.x264-TRL.mkv / The.Invisible.Woman.2013.iTA-ENG.Bluray.720p.x264-TRL.mkv,0
The.Damned.2024.FRENCH.720p.WEB-DL.H264-Slay3R.mkv / The.Damned.2024.FRENCH.720p.WEB-DL.H264-Slay3R.mkv,0
TmwVRnet_Antonia_Sainz_Hard_3840x1920.mp4 / TmwVRnet_Antonia_Sainz_Hard_3840x1920.mp4,1
madoubt.com 929663.xyz 10musume-112724_01 / madoubt.com 929663.xyz 10musume-112724_01.mp4,1
超级好看的美少女【铃木晴奈】这身材 这咪咪 这颜值爽yy，声音是那种酥脆酥脆的，娇喘声似回到中学时代！ / 超级好看的美少女【铃木晴奈】这身材 这咪咪 这颜值爽yy，声音是那种酥脆酥脆的，娇喘声似回到中学时代！.mp4,1
Lost.Gold.of.World.War.II.S02E07.1080p.WEB.h264-TRUMP[ettv] / lost.gold.of.world.war.ii.s02e07.1080p.web.h264-trump[ettv].mkv,0
性感丰满的大奶子女仆性爱唤醒服务 还在睡觉就来吃鸡吧了 只好狠狠的操她 / 性感丰满的大奶子女仆性爱唤醒服务 还在睡觉就来吃鸡吧了 只好狠狠的操她.mp4,1
最新91大神专攻貌美萝莉少女 唐伯虎 1号极品学妹 绝佳视角欣赏肏穴 绝妙快感榨精疯狂飙射 / 最新91大神专攻貌美萝莉少女 唐伯虎 1号极品学妹 绝佳视角欣赏肏穴 绝妙快感榨精疯狂飙射.mp4,1
[Thz.la]bban-152 / [Thz.la]bban-152.mp4,1
[www.domp4.cc]生化危机：无尽黑暗.S01E01.HD1080p.mp4 / [www.domp4.cc]生化危机：无尽黑暗.S01E01.HD1080p.mp4,0
madoubt.com 899285.xyz HEYZO-916 / madoubt.com 899285.xyz HEYZO-916.mp4,1
10.Lives.2024.BDRip.1080p.Rip.by.HardwareMining.R.G.Generalfilm.mkv / 10.Lives.2024.BDRip.1080p.Rip.by.HardwareMining.R.G.Generalfilm.mkv,0
Jumanji.The.Next.Level.2019.BDRip.1080p.seleZen.mkv / Jumanji.The.Next.Level.2019.BDRip.1080p.seleZen.mkv,0
겨울왕국 2 Frozen.II.2019.1080p.BluRay.H264.AAC 2Audio-CHD.mkv / 겨울왕국 2 Frozen.II.2019.1080p.BluRay.H264.AAC 2Audio-CHD.mkv,0
JDSY-0100.mp4 / JDSY-0100.mp4,1
19.02.2025_WEBDL_Yurievij_Manuel Creampies Their Asses 1_Jules Jordan Video_2014 WEB-DL 720p Split Scenes / 1 Misha Cross.mp4,0
madoubt.com 693563.xyz fc2ppv-4732170 / madoubt.com 693563.xyz fc2ppv-4732170.mp4,1
Stella Liberty - Footjob Cuckold for Stella Liberty and Jett Jangles / Stella Liberty - Footjob Cuckold for Stella Liberty and Jett Jangles.mp4,0
最新爆火推特约炮大神【深海杀人鲸小张历险记】私拍，超多人前女神私下反差的极品美女被大神拿捏爆操 / 最新爆火推特约炮大神【深海杀人鲸小张历险记】私拍，超多人前女神私下反差的极品美女被大神拿捏爆操.mp4,1
Spring (1969) [720p] [WEBRip] [YTS.MX] / Spring.1969.720p.WEBRip.x264.AAC-[YTS.MX].mp4,0
OnlyFans.com - Kasey Kei (@callmekaseykei) / videos/2019-12-21_Come jerk along in my newest JOI!_109204678.mp4,1
TVBOXNOW 空間改造王 / TVBOXNOW 空間改造王 EP11.mp4,1
Analized 22 09 16 Madison Parker XXX 720p-XLeech.mp4 / Analized 22 09 16 Madison Parker XXX 720p-XLeech.mp4,1
madoubt.com 663855.xyz MDON-081 / madoubt.com 663855.xyz MDON-081.mp4,1
Purr Simona & Foxy Alissa - Naked Yoga_Episode 3_1080p.mp4 / Purr Simona & Foxy Alissa - Naked Yoga_Episode 3_1080p.mp4,1
Dr.House.Medical.Division.S03E01-04.WEBRip.1080p.x264.E-AC3.AC3.ITA.ENG.SUB.ITA.ENG / Dr. House - Medical Division_S03E01_Il significato.WEBRip.1080p.x264.E-AC3.AC3.ITA.ENG.SUB.ITA.ENG.mkv,0
INXS Never Tear Us Apart Part 1 PDTV x264-W4F[ettv] / inxs.never.tear.us.apart.part.1.pdtv.x264-w4f.mp4,0
Podraz.mkv / Podraz.mkv,0
FC2-PPV-1159023.mp4 / FC2-PPV-1159023.mp4,1
[ Torrent911.me ] Secret.Invasion.S01E01.TRUEFRENCH.WEBRip.x264.mp4 / [ Torrent911.me ] Secret.Invasion.S01E01.TRUEFRENCH.WEBRip.x264.mp4,0
很带劲儿的节目！【172CM大长腿九头身短发女神】的自慰和热舞VIP定制，韵味十足的御姐，笔直的大长美腿，看的让人血脉喷张 / 很带劲儿的节目！【172CM大长腿九头身短发女神】的自慰和热舞VIP定制，韵味十足的御姐，笔直的大长美腿，看的让人血脉喷张.mp4,1
SexInTaxi.E53.Sofii.CZECH.XXX.1080p.MP4-WRB[rarbg] / sexintaxi.e53.sofii.cz.mp4,1
[APTX-Fansub] Detective Conan vs Kaitō Kid FHD [Especial Película 27] [DDF35294].mp4 / [APTX-Fansub] Detective Conan vs Kaitō Kid FHD [Especial Película 27] [DDF35294].mp4,1
The.Good.Lord.Bird.S01E07.1080p.WEB.H264-GGWP[TGx] / the.good.lord.bird.s01e07.1080p.web.h264-ggwp.mkv,0
Black.Panther.2018.1080p.BDRip.mkv / Black.Panther.2018.1080p.BDRip.mkv,0
ipx-701-C / ipx-701-C.mp4,1
madoubt.com 925225.xyz VEC-726 / madoubt.com 925225.xyz VEC-726.mp4,1
Quantum.Apocalypse.2010.720p.BluRay.x264-HD4U / hd4u-qa.720.mkv,0
nofionakyle_480qt.mp4 / nofionakyle_480qt.mp4,1
WWE.Clash.in.Paris.2025.Netflix.WEBRip.1080p.H264-Star.mp4 / WWE.Clash.in.Paris.2025.Netflix.WEBRip.1080p.H264-Star.mp4,0
madoubt.com 523966.xyz MUKD-528 / madoubt.com 523966.xyz MUKD-528.mp4,1
www.5MovieRulz.frl - Raid 2 (2025) 720p Hindi Proper HQ HDRip - x264 - (DD+5.1 - 192Kbps & AAC) - 1.4GB - ESub.mkv / www.5MovieRulz.frl - Raid 2 (2025) 720p Hindi Proper HQ HDRip - x264 - (DD+5.1 - 192Kbps & AAC) - 1.4GB - ESub.mkv,0
火爆各大成人平台的越南阿黑颜 网红博主「yuumeilyn」私拍合集 / 火爆各大成人平台的越南阿黑颜 网红博主「yuumeilyn」私拍合集.mp4,1
Продвинутый backend на nodejs за 12 часов / lesson10.mp4,1
SSNI-362-uncensored-HD / SSNI-362-uncensored-nyap2p.com.mp4,1
Hostage.2025.S01E02.480p.x264-mSD[EZTVx.to].mkv / Hostage.2025.S01E02.480p.x264-mSD[EZTVx.to].mkv,0
[期間限定配信版／オマケ動画付き]コスプレ一本勝負vol.170【アヘ顔激潮吹き】イカせすぎたら壊れちゃった！ 首絞めアヘ顔＆オホイキ＆潮吹きまくりながらの閲覧注意セックス！！ / DEC-170.mp4,1
SexAndSubmission.22.12.16.Lydia.Black.XXX.INTERNAL.480p.MP4-XXX / sexandsubmission.22.12.16.lydia.black.int.mp4,1
Nightman.2023.WEB.1080p.seleZen.mkv / Nightman.2023.WEB.1080p.seleZen.mkv,0
Not.Suitable.For.Children.2012.BRRip.x264.AAC.BGAUDiO-SiSO / Not.Suitable.For.Children.2012.BRRip.x264.AAC.BGAUDiO-SiSO.mkv,0
【长腿 ️反差女神】水冰月 极品窈窕身材气质黑丝御姐 跳蛋玩弄又爽又羞耻 美穴拉丝越肏越湿 啊~射给我精液 / 【长腿 ️反差女神】水冰月 极品窈窕身材气质黑丝御姐 跳蛋玩弄又爽又羞耻 美穴拉丝越肏越湿 啊~射给我精液.mp4,1
Margo Von Teese - DP Teen Margo Von Teese Takes Big Cock In Ass - Non Stop Multiple Orgasms (05.09.2025)_480p.mp4 / Margo Von Teese - DP Teen Margo Von Teese Takes Big Cock In Ass - Non Stop Multiple Orgasms (05.09.2025)_480p.mp4,1
爱的秘密坐标上海后小情侣情趣黑丝肤白貌美年轻无敌上下粉嫩小男友干逼不停 / 爱的秘密坐标上海后小情侣情趣黑丝肤白貌美年轻无敌上下粉嫩小男友干逼不停.mp4,1
【SEX8.CC】MGMQ-054 / MGMQ-054.mp4,1
[22sht.me]IPX-304-C / IPX-304-C.mp4,1
甜美乖巧00后妹妹！肉肉身材连体网袜！无毛嫩穴道具自慰，张开双腿进出抽插，翘起美臀后入 / 甜美乖巧00后妹妹！肉肉身材连体网袜！无毛嫩穴道具自慰，张开双腿进出抽插，翘起美臀后入.mp4,1
[Thz.la]mds-880 / [Thz.la]mds-880cd1.mp4,1
For All Mankind S04E10 Perestroika DLMux 1080p E-AC3+AC3 ITA ENG SUBS HEVC.mkv / For All Mankind S04E10 Perestroika DLMux 1080p E-AC3+AC3 ITA ENG SUBS HEVC.mkv,0
Maleficent.2014.1080p.BluRay.x265.DUAL.DD2.0-5.1-WAR / war-maleficent.mkv,0
TouchMyWife.24.05.17.Addison.Vodka.Wife.Wants.The.Younger.Version.XXX.720p.HEVC.x265.PRT[XvX] / TouchMyWife.24.05.17.Addison.Vodka.Wife.Wants.The.Younger.Version.XXX.720p.HEVC.x265.PRT.mkv,1
The.Lion.King.1994.Hybrid.1080p.BluRay.REMUX.mkv / The.Lion.King.1994.Hybrid.1080p.BluRay.REMUX.mkv,0
[NC-Raws] 现实主义勇者的王国再建记 后半 - 09 (B-Global 1920x1080 HEVC AAC MKV).mkv / [NC-Raws] 现实主义勇者的王国再建记 后半 - 09 (B-Global 1920x1080 HEVC AAC MKV).mkv,0
Spies.In.Disguise.2019.BDRip.AVC.AC3-RoG / Spies.In.Disguise.2019.BDRip.AVC.AC3-RoG.mkv,0
[电影天堂www.dytt8899.com]养鬼吃人10：审判-2018_蓝光中英双字.mp4 / [电影天堂www.dytt8899.com]养鬼吃人10：审判-2018_蓝光中英双字.mp4,1
28.xvsr398 / xvsr398.mp4,1
《大神魔手 极品CD》超市商场贴身TP各种高冷漂亮小姐姐神秘裙内不穿内裤露B性感T内想不到我们日常生活中有这么多隐藏的骚妹 / 《大神魔手 极品CD》超市商场贴身TP各种高冷漂亮小姐姐神秘裙内不穿内裤露B性感T内想不到我们日常生活中有这么多隐藏的骚妹.mp4,1
JUX-361R / JUX-361R.mp4,1
ABF-098 / hhd800.com@ABF-098.mp4,1
2547-en-preview-v01-war-remixed.mp4 / 2547-en-preview-v01-war-remixed.mp4,1
Blam.Prolog.2.serii.iz.2.2007.x264.DVDRip / Blame_Prologue_02_Sanakan_Requiem.mkv,0
OralOverdose.20.10.26.Marry.Lynn.Scarlet.Red.XXX.1080p.MP4-XXX[XvX] / OralOverdose.20.10.26.Marry.Lynn.Scarlet.Red.XXX.1080p.MP4-XXX.mkv,1
绝美勾魂女神【Sweetea05】剧烈抽搐 潮喷！爽的叫爸爸 剃了毛的逼逼格外性感水多奶大 / 绝美勾魂女神【Sweetea05】剧烈抽搐 潮喷！爽的叫爸爸 剃了毛的逼逼格外性感水多奶大.mp4,1
[JAV] [Uncensored] MIAD-632 [1080p] / miad-632-uncensored.mp4,1
Coroner.S04E04.1080p.HEVC.x265-MeGusta[TGx] / Coroner.S04E04.1080p.HEVC.x265-MeGusta.mkv,0
Pharrell.Williams.Pieza.por.pieza.2024.1080p-Dual-Lat / Pharrell.Williams.Pieza.por.pieza.2024.1080p-Dual-Lat.mkv,0
Através da Minha Janela - Além-mar 2023 1080p WEB-DL DUAL 5.1 / Através da Minha Janela - Além-mar 2023 1080p WEB-DL DUAL 5.1.mkv,0
Flight_of_the_Navigator_1986_BDRip_1080p_[HEVC]_10bit_by XuMuK.mkv / Flight_of_the_Navigator_1986_BDRip_1080p_[HEVC]_10bit_by XuMuK.mkv,0
FC2PPV 4735355 / FC2PPV 4735355.mp4,1
Atomic.Heart.Premium.Edition.Steam.Rip-InsaneRamZes / Atomic Heart/AtomicHeart/Content/Movies/Credits/pakchunk1_Credits_FullHD.mp4,0
Ookami to Koushinryou Merchant Meets the Wise Wolf - AniLibria [WEBRip 1080p] / Ookami_to_Koushinryou_Merchant_Meets_the_Wise_Wolf_[07]_[AniLibria]_[WEBRip_1080p].mkv,0
云盘高质泄密！恩爱情侣家中沉浸式性爱自拍，骚女白浆很多局部特写镜头狼牙套上场刺激非凡 / 云盘高质泄密！恩爱情侣家中沉浸式性爱自拍，骚女白浆很多局部特写镜头狼牙套上场刺激非凡.mp4,1
Ronal.the.Barbarian.2011.x264.BDRip-AVC.0ptimus.mkv / Ronal.the.Barbarian.2011.x264.BDRip-AVC.0ptimus.mkv,0
青春无敌 极品身材人气少女【小仙云】大佬最新裸舞定制 多套情趣装动感热舞 / 青春无敌 极品身材人气少女【小仙云】大佬最新裸舞定制 多套情趣装动感热舞.mp4,1
重磅！女神从头美到脚趾~【汐汐汐颜】户外车上直播自慰自摸狂喷天女散花~真骚 / 重磅！女神从头美到脚趾~【汐汐汐颜】户外车上直播自慰自摸狂喷天女散花~真骚.mp4,1
【老高娱乐】深夜少妇风情万种 温柔体贴 超清画质设备 正对大白臀 鲍鱼黑森林一览无余 / 【老高娱乐】深夜少妇风情万种 温柔体贴 超清画质设备 正对大白臀 鲍鱼黑森林一览无余.mp4,1
Invasion de altura - Temporada 1 [HDTV 720p][Cap.101_112][AC3 5.1 Castellano][www.PctReload1.com] / Invasion de altura - Temporada 1 [HDTV 720p][Cap.108][AC3 5.1 Castellano][www.PctReload1.com].mkv,0
最新流出乐橙酒店摄像头偷拍多对情侣开房精选 / 最新流出乐橙酒店摄像头偷拍多对情侣开房精选.mp4,1
"NTRD-48,.mkv / NTRD-48,.mkv",1
香蕉秀xjx0109姐姐用黑丝教弟弟做男人 / 香蕉秀xjx0109姐姐用黑丝教弟弟做男人.mp4,1
LegalPorno - Tea Mint (20.08.2024) rq.mp4 / LegalPorno - Tea Mint (20.08.2024) rq.mp4,1
Inheritance.2020.iT.BDRip.2.12Gb.x264.mkv / Inheritance.2020.iT.BDRip.2.12Gb.x264.mkv,0
М20762С Разработка баз данных на платформе Microsoft SQL Server (2021) / lections/М20762С_06.mkv,1
BrattySis.25.05.09.Emma.Rosie.And.Summer.Renee.XXX.480p.MP4-XXX[XC] / brattysis.25.05.09.emma.rosie.and.summer.renee.480p.mp4,1
madoubt.com 953299.xyz VOTAN-087 / madoubt.com 953299.xyz VOTAN-087.mp4,1
www.Torrenting.com - Creature Commandos S01E01 The Collywobbles 720p AMZN WEB-DL DDP5 1 H 264-NTb / Creature Commandos S01E01 The Collywobbles 720p AMZN WEB-DL DDP5 1 H 264-NTb.mkv,0
Sexraj.cz - Veronika - let z Ceského Brodu / veronika-part2.mp4,1
Mission.Impossible.Dead.Reckoning.Part.One.2023.WEB-DL.720p.10bit.6CH.x265.HEVC.ELEKTRI4KA.UNIONGANG.mkv / Mission.Impossible.Dead.Reckoning.Part.One.2023.WEB-DL.720p.10bit.6CH.x265.HEVC.ELEKTRI4KA.UNIONGANG.mkv,0
卡哇伊邻家小妹妹！清纯甜美新人！脱掉睡衣肉嘟嘟，多毛超嫩小穴，自摸拿出跳蛋震动，爽的低低呻吟 / 卡哇伊邻家小妹妹！清纯甜美新人！脱掉睡衣肉嘟嘟，多毛超嫩小穴，自摸拿出跳蛋震动，爽的低低呻吟.mp4,1
Tekken.Bloodline.S01.JAPANESE.1080p.NF.WEBRip.DDP5.1.x264-SMURF[eztv.re] / Tekken.Bloodline.S01E05.Episode.5.1080p.NF.WEB-DL.DUAL.DDP5.1.H.264-SMURF[eztv.re].mkv,0
madoubt.com 536282.xyz ADN-424 / madoubt.com 536282.xyz ADN-424.mp4,1
madoubt.com 925686.xyz DASS-693 / madoubt.com 925686.xyz DASS-693.mp4,1
The.Secret.Agent.2016.S01E02.HDTV.x264-TLA[ettv] / the.secret.agent.2016.s01e02.hdtv.x264-tla[ettv].mkv,0
TVBOXNOW 地球大神秘 / TVBOXNOW 地球大神秘 EP02.mp4,1
Dom.2021.S01.PORTUGUESE.720p.AMZN.WEBRip.DDP5.1.x264-AGLET[rartv] / DOM.S01E02.METAMORPHOSIS.720p.AMZN.WEB-DL.DDP5.1.H.264-AGLET.mkv,0
[NanakoRaws] Grand Blue S2 - 07 (AT-X 1920x1080 x265 AAC).mkv / [NanakoRaws] Grand Blue S2 - 07 (AT-X 1920x1080 x265 AAC).mkv,0
(old) S Z 1708.mp4 / (old) S Z 1708.mp4,1
FBI.Most.Wanted.S02E03.FRENCH.720p.WEB.H264-AVON[ettv] / fbi.most.wanted.s02e03.french.720p.web.h264-avon[ettv].mkv,0
Paradise 2021 S01 Complete Hindi Dual Audio www.downloadhub.us 720p Web-DL ESubs / Paradise.S01E01.The.Fire.720p.AMZN.WEB-DL.Dual.DDP2.0.x264-DownloadHub.mkv,0
The.Human.Stain.2003.BDRip.x264.DD5.1.Rus.Eng-E76.mkv / The.Human.Stain.2003.BDRip.x264.DD5.1.Rus.Eng-E76.mkv,0
PropertySex.23.08.04.Aria.Valencia.Stress.Reliever.XXX.720p.HEVC.x265.PRT / PropertySex.23.08.04.Aria.Valencia.Stress.Reliever.XXX.720p.HEVC.x265.PRT.mp4,1
Drifting Dragons - AniLibria.TV [WEBRip 1080p] / Drifting_Dragons_[03]_[AniLibria_TV]_[WEBRip_1080p].mkv,0
换妻大神，【爱玩夫妻】，【女老师与外籍男友的交换】第二集 老师的禁忌游戏。整个人酥掉脑子一片空白 / 换妻大神，【爱玩夫妻】，【女老师与外籍男友的交换】第二集 老师的禁忌游戏。整个人酥掉脑子一片空白.mp4,1
"Saimin Class / Saimin Class Joshi Zenin, Shiranai Uchi ni Ninshin Shitemashita_01_[D5BB3C90].mkv",1
Bob.Ross.The.Joy.of.Painting.S17E04.Stormy.Seas.720p.HEVC.x265-MeGusta[EZTVx.to].mkv / Bob.Ross.The.Joy.of.Painting.S17E04.Stormy.Seas.720p.HEVC.x265-MeGusta[EZTVx.to].mkv,0
Murder.Made.Me.Famous.S03E07.The.Night.Stalker.WEB.x264-UNDERBELLY[eztv].mkv / Murder.Made.Me.Famous.S03E07.The.Night.Stalker.WEB.x264-UNDERBELLY[eztv].mkv,0
madoubt.com 686859.xyz heyzo-3442 / madoubt.com 686859.xyz heyzo-3442.mp4,1
Les enquetes du commissaire Maigret / 31_01 Maigret chez les Flamands (Kultura 96).mkv,0
madoubt.com 523966.xyz CLUB-634 / madoubt.com 523966.xyz CLUB-634.mp4,1
Lustery.E25.Joy.And.Mark.Public.Display.Of.Affection.XXX.720p.MP4-KTR[rarbg] / lustery.e25.joy.and.mark.public.display.of.affection.mp4,1
MkvHub.Com - A Very Vermont Christmas 2024 English 1080p WEB-DL x264 6CH ESubs.mkv / MkvHub.Com - A Very Vermont Christmas 2024 English 1080p WEB-DL x264 6CH ESubs.mkv,0
The.Simpsons.S36.WEBDL.1080p / The.Simpsons.S36E10.Christmas.Special.WEBDL.1080p.RGzsRutracker.mkv,0
Showdown in Little Tokyo (1991).mkv / Showdown in Little Tokyo (1991).mkv,1
[lost108] BLEACH - Sennen Kessen-hen - 27-40 v2 - VOSTFR - 1080p / [lost108] BLEACH - Sennen Kessen-hen - 30 - The Betrayer - VOSTFR - 1080p - v2.mkv,0
heyzo_hd_0893 / heyzo_hd_0893.mp4,1
《云盘高质 泄密》露脸才是王道！对白淫荡，大一校花母狗极度反差，刮阴毛肛交啪啪调教，边给男友打电话边被爸爸狂肏 / 《云盘高质 泄密》露脸才是王道！对白淫荡，大一校花母狗极度反差，刮阴毛肛交啪啪调教，边给男友打电话边被爸爸狂肏.mp4,1
ShortHair.mp4 / ShortHair.mp4,1
InterracialPass.19.11.15.Casca.Akashova.1080p.mp4 / InterracialPass.19.11.15.Casca.Akashova.1080p.mp4,1
MKMP-487 / MKMP-487.H265.mp4,1
aws-005.mp4 / aws-005.mp4,1
DOCP-225 / DOCP-225.mp4,1
巨乳白皙的清纯美女，一只手完全抓不过来，揉奶诱惑，吞吐阴洞，近距离观看逼口！ / 巨乳白皙的清纯美女，一只手完全抓不过来，揉奶诱惑，吞吐阴洞，近距离观看逼口！.mp4,1
VEO-073 / hhd800.com@VEO-073.mp4,1
AllAnal.21.08.18.Mia.Kay.And.Rory.Knox.XXX.480p.MP4-XXX / allanal.21.08.18.mia.kay.and.rory.knox.mp4,1
NSLG-002 ch2.mp4 / NSLG-002 ch2.mp4,1
534IND-051 / 534IND-051.mp4,1
Delphi Cars 2015.R3 & Delphi Trucks 2015.R3 / install video.mp4,0
Badmaash Company 2010 Hindi 720p BluRay x264 AAC 5.1 ESubs - LOKiHD - Telly / Badmaash Company 2010 Hindi 720p BluRay x264 AAC 5.1 ESubs - LOKiHD - Telly.mkv,0
[SubsPlease] Mahoutsukai no Yakusoku - 07 (1080p) [09C8E7BA].mkv / [SubsPlease] Mahoutsukai no Yakusoku - 07 (1080p) [09C8E7BA].mkv,0
[ASW] Arifureta Shokugyou de Sekai Saikyou S3 - 10 [1080p HEVC][08DCFBC1].mkv / [ASW] Arifureta Shokugyou de Sekai Saikyou S3 - 10 [1080p HEVC][08DCFBC1].mkv,0
MkvHub.Com - Blind Date Book Club 2024 English [ORG 2.0] 1080p WEB-DL x264 2CH ESubs.mkv / MkvHub.Com - Blind Date Book Club 2024 English [ORG 2.0] 1080p WEB-DL x264 2CH ESubs.mkv,0
Città.violenta.1970.480p.BluRay.AC3.x264-HaB.mkv / Città.violenta.1970.480p.BluRay.AC3.x264-HaB.mkv,0
BigNaturals.19.04.30.Rachel.Raxxx.Maid.Got.Boobs.XXX.1080p.MP4-KTR[rarbg] / bignaturals.19.04.30.rachel.raxxx.maid.got.boobs.mp4,1
Section 8 (2022) [2160p] [4K] [WEB] [5.1] [YTS.MX] / Section.8.2022.2160p.4K.WEB.x265.10bit.AAC5.1-[YTS.MX].mkv,0
madoubt.com 369262.xyz 1pondo-022721_001 / madoubt.com 369262.xyz 1pondo-022721_001.mp4,1
SexMex.23.01.08.Fabiola.Romero.Pregnant.And.Perverted.XXX.SD.MP4-KLEENEX / SexMex.23.01.08.Fabiola.Romero.Pregnant.And.Perverted.XXX.SD.MP4-KLEENEX.mp4,1
Nickey Huntsman - Making My Perfect Sister My Personal Slut.mp4 / Nickey Huntsman - Making My Perfect Sister My Personal Slut.mp4,1
BrazzersExxtra.21.10.13.Jenna.Love.Take.A.Seat.On.My.Cock.XXX.720p.MP4-XXX / brazzersexxtra.21.10.13.jenna.love.take.a.seat.on.my.cock.720p.mp4,1
极品名媛外围女神『嫖妓达人』那些年出差操过的鸡 穿衣是高不可攀的女神，脱衣是淫荡下贱母狗 / 极品名媛外围女神『嫖妓达人』那些年出差操过的鸡 穿衣是高不可攀的女神，脱衣是淫荡下贱母狗.mp4,1
91大神【sexydoll】约炮的都是极品反差婊，学生妹，良家少妇，白领，老师，精彩 / 91大神【sexydoll】约炮的都是极品反差婊，学生妹，良家少妇，白领，老师，精彩.mp4,1
漂亮美女大奶子形状很漂亮揉奶搜首弄姿很是诱人 / 漂亮美女大奶子形状很漂亮揉奶搜首弄姿很是诱人.mp4,1
dxxdom.com@MIDV-494C / MIDV-494C.mp4,1
UMD-833 / hhd800.com@UMD-833.mp4,1
Mad.God.2022.1080p.AMZN.WEB-DL.DDP2.0.H.264-EVO[TGx] / Mad.God.2022.1080p.AMZN.WEB-DL.DDP2.0.H.264-EVO.mkv,0
Hitch (2005) / Hitch.2005.720p.BrRip.x264.YIFY.mp4,0
Arcane S01E01 Welcome to the Playground 1080p NF WEB-DL DDP5 1 H 264-FLUX[TGx] / Arcane S01E01 Welcome to the Playground 1080p NF WEB-DL DDP5 1 H 264-FLUX.mkv,0
madoubt.com 339266.xyz HEYZO-221 / madoubt.com 339266.xyz HEYZO-221.mp4,1
Dune.2021.1080p.WEBRip.DD5.1.x264-SHITBOX / Dune.2021.1080p.WEBRip.DD5.1.x264-SHITBOX.mkv,0
madoubt.com 599238.xyz caribbeancom-121918_813 / madoubt.com 599238.xyz caribbeancom-121918_813.mp4,1
PropertySex.22.04.01.Sarai.Minx.Thanks.For.This.Opportunity.XXX.1080p.HEVC.x265.PRT[XvX] / PropertySex.22.04.01.Sarai.Minx.Thanks.For.This.Opportunity.XXX.1080p.HEVC.x265.PRT.mkv,1
Lady In Blue (1990) / Lady in Blue.mp4,1
[Anime Time] Berserk - Ougon Jidaihen - MEMORIAL EDITION - 09 [1080p][HEVC 10bit x265][AAC][Multi Sub].mkv / [Anime Time] Berserk - Ougon Jidaihen - MEMORIAL EDITION - 09 [1080p][HEVC 10bit x265][AAC][Multi Sub].mkv,0
Zhenshchina.v.zerkale.2018.WEB-DL.(720p).Getty / Zhenshchina.v.zerkale.e01.2018.WEB-DL.(720p).Getty.mkv,0
"103917031 - Daddy tied my wrists, put my panties in my mouth, and fucked me hard!.mp4 / 103917031 - Daddy tied my wrists, put my panties in my mouth, and fucked me hard!.mp4",0
What.We.Did.on.Our.Holiday.2014.1080p.BluRay.H264.AAC-RARBG / What.We.Did.on.Our.Holiday.2014.1080p.BluRay.H264.AAC-RARBG.mp4,0
madoubt.com 998295.xyz pacopacomama-022817_035 / madoubt.com 998295.xyz pacopacomama-022817_035.mp4,1
WankzVR_Fresh_Meat_2300p_(Oculus).mp4 / WankzVR_Fresh_Meat_2300p_(Oculus).mp4,1
Vigilante.Diaries.2016.D.BDRip.1080p.ExKinoRay.mkv / Vigilante.Diaries.2016.D.BDRip.1080p.ExKinoRay.mkv,0
StrandedTeens.15.06.09.Kiera.Daniels.Blondes.Juicy.Booty.Bounces.XXX.1080p.MP4-KTR[rarbg] / sts.15.06.09.kiera.daniels.blondes.juicy.booty.bounces.mp4,1
[MonstersofCock] Katy Rose - She Wants His Monster Cock (28.05.2023) rq.mp4 / [MonstersofCock] Katy Rose - She Wants His Monster Cock (28.05.2023) rq.mp4,1
Angelica / X-Art－Angelica：good_night_kiss _1080p/X-Art_Angelica_Good_Night_Kiss_1080.mp4,1
Perdido [BluRay 1080p][AC3 5.1 Castellano DTS 5.1-Frances+Subs][ES-EN] / Perdido BD1080.www.descargas2020.com.mkv,0
[Anku & mutagenb] Vinland Saga - 17 [720p rus].mkv / [Anku & mutagenb] Vinland Saga - 17 [720p rus].mkv,0
The.Twisted.Tale.of.Amanda.Knox.S01E01.VOSTFR.WEBRip.x264.mp4 / The.Twisted.Tale.of.Amanda.Knox.S01E01.VOSTFR.WEBRip.x264.mp4,0
Ne Zha zhi mo tong jiang shi (2019).720p.mkv / Ne Zha zhi mo tong jiang shi (2019).720p.mkv,0
MIDA-215 / hhd800.com@MIDA-215.mp4,1
mic_cherie_deville_abella_danger_1080p_6000.mp4 / mic_cherie_deville_abella_danger_1080p_6000.mp4,1
AQSH-048.mp4 / AQSH-048.mp4,1
Mushoku Tensei Jobless Reincarnation S02E17 VOSTFR 720p WEB x264 AAC -Tsundere-Raws (CR).mkv / Mushoku Tensei Jobless Reincarnation S02E17 VOSTFR 720p WEB x264 AAC -Tsundere-Raws (CR).mkv,0
Chto.Gde.Kogda.Leto.(2025).HDTV 1080p / 02.Chto.Gde.Kogda.Leto.(23.05.2025).HDTV 1080p.by.Sergey1779.Files-x.mkv,0
Cronicas Vampiricas - Temporada 8 [HDTV 720p][Cap.810][AC3 5.1 Español Castellano] / CronicasVampiricas720p8x10 [www.newpct1.com].mkv,0
Bella Rolland.mp4 / Bella Rolland.mp4,1
madoubt.com 633289.xyz JUQ-214 / madoubt.com 633289.xyz JUQ-214.mp4,1
EvolvedFights.21.08.27.Nadia.White.Vs.Peter.King.XXX.720p.HEVC.x265.PRT / EvolvedFights.21.08.27.Nadia.White.Vs.Peter.King.XXX.720p.HEVC.x265.PRT.mp4,1
The Disappearance - 2017 Mini Series [HDTV x264] - cOOt / The.Disappearance.2017.Part.1.HDTV.x264.mkv,0
SUKE-158 / hhd800.com@SUKE-158.mp4,1
The Pretender - Season 1 / S01E21-E22 - The Dragon House.mp4,0
Storage Hunter / StorageHunter/Content/Movies/CreditsBackground.mp4,0
FC2-PPV-3056715 / FC2-PPV-3056715.mp4,1
Sheena Shaw _Mr.Anal.mp4 / Sheena Shaw _Mr.Anal.mp4,1
20250705_CWC_2025_QF_RMA_vs_BVB_[rgfootball.net]_1080p.50.mkv / 20250705_CWC_2025_QF_RMA_vs_BVB_[rgfootball.net]_1080p.50.mkv,0
Harley Quinn S03 (360p re-webrip) / Harley Quinn S03E09 Climax at Jazzapajizza.mp4,0
OnlyFans.June.Heale.And.Maccaypeaches.anal.bigass.bigtits.hardcore.trans.FULL.HD.https.strmup.to.v.M1dZ27n0q4LET.mp4 / OnlyFans.June.Heale.And.Maccaypeaches.anal.bigass.bigtits.hardcore.trans.FULL.HD.https.strmup.to.v.M1dZ27n0q4LET.mp4,1
[FHD日劇] 醫師阿修羅 / [FHD日劇] 醫師阿修羅 S01E07.mkv,1
Group Sex The Movie - Powersville Inc.(2016) - New Release May 2016 torrent Dvdrip Split Scenes / Dahlia Sky - Scene 4 - Group Sex The Movie.mp4,0
PornMegaLoad.19.08.15.Codi.Vore.Is.Big-Boobed.And.Pink.XXX.1080p.HEVC.x265.PRT / PornMegaLoad.19.08.15.Codi.Vore.Is.Big-Boobed.And.Pink.XXX.1080p.HEVC.x265.PRT.mp4,1
Gipnotik.2023.x265.WEB-DL.2160p.SDR.mkv / Gipnotik.2023.x265.WEB-DL.2160p.SDR.mkv,0
madoubt.com 858652.xyz 10musume-021124_01 / madoubt.com 858652.xyz 10musume-021124_01.mp4,1
[Anon]Kamen_Rider_Gavv / [Anon]Kamen_Rider_Gavv_20_HD720_h264[29910088].mp4,1
Your.Friendly.Neighborhood.Spider-Man.S01E01.Amazing.Fantasy.720p.HEVC.x265-MeGusta[EZTVx.to].mkv / Your.Friendly.Neighborhood.Spider-Man.S01E01.Amazing.Fantasy.720p.HEVC.x265-MeGusta[EZTVx.to].mkv,0
PornWorld.24.09.03.Ria.Sunn.XXX.1080p.MP4-WRB[XC] / pornworld.24.09.03.ria.sunn.mp4,1
Boyhood.2014.BDRemux.1080p_by_vedigo.mkv / Boyhood.2014.BDRemux.1080p_by_vedigo.mkv,1
heyzo-3564 / heyzo-3564.mp4,1
Americas.Got.Talent.S15E08.WEB.h264-TBS[TGx] / americas.got.talent.s15e08.web.h264-tbs.mkv,1
大四女友太饥渴校门口车上给我裹J8 欲火焚身开房干一炮 爆裂黑丝后入猛操 高清私拍50P 高清1080P原版无水印 / 大四女友太饥渴校门口车上给我裹J8 欲火焚身开房干一炮 爆裂黑丝后入猛操 高清私拍50P 高清1080P原版无水印.mp4,1
化妆品店的老板娘，丰满的身材好诱人，拉到窗户边吃鸡巴，卖力舔 好舒服！ / 化妆品店的老板娘，丰满的身材好诱人，拉到窗户边吃鸡巴，卖力舔 好舒服！.mp4,1
第一會所新片@SIS001@VEC-615 / VEC-615.mp4,1
Acapulco.2021.S03E03.1080p.WEB.h264-ETHEL[TGx] / Acapulco.2021.S03E03.1080p.WEB.h264-ETHEL.mkv,0
Isabelle-3581.mp4 / Isabelle-3581.mp4,1
madoubt.com 885965.xyz heyzo-3491 / madoubt.com 885965.xyz heyzo-3491.mp4,1
European Meat 2 / european-meat-2-scene5.mp4,1
The.Watchers.2024.1080p.BDRemux.AVC.TrueHD.Atmos / The.Watchers.2024.1080p.BDRemux.AVC.TrueHD.Atmos.mkv,0
The.Church.1989.UNCUT.1080p.BluRay.H264.AAC-RARBG / The.Church.1989.UNCUT.1080p.BluRay.H264.AAC-RARBG.mp4,0
JUR-370-HD / JUR-370-HD.mp4,1
SDSI-008-uncensored-HD / SDSI-008-uncensored-nyap2p.com.mp4,1
HD_VENU-965 / HD_VENU-965.mp4,1
Behind.Her.Eyes.S01.COMPLETE.1080p.WEB.H264-MIXED[TGx] / Behind.Her.Eyes.S01E04.1080p.WEB.H264-GGWP.mkv,0
Megan Milly - Anal Interracial.mp4 / Megan Milly - Anal Interracial.mp4,1
Heather.Harmon.IDeepthroat.Classic.I.hope.you.like.today.s.Blast.from.the.Past.video.It.is.remastered.and.re.edited.hardcore.couple.blowjob.deepthroat.onlyfans.milf.bigtits.faketits.titjob.drjay.anal.https.doodstream.com.d.5d5c9x7g11hf.mp4 / Heather.Harmon.IDeepthroat.Classic.I.hope.you.like.today.s.Blast.from.the.Past.video.It.is.remastered.and.re.edited.hardcore.couple.blowjob.deepthroat.onlyfans.milf.bigtits.faketits.titjob.drjay.anal.https.doodstream.com.d.5d5c9x7g11hf.mp4,1
FTVGirls.24.02.08.Camilla.Cream.Pure.Personality.XXX.1080p.HEVC.x265.PRT / FTVGirls.24.02.08.Camilla.Cream.Pure.Personality.XXX.1080p.HEVC.x265.PRT.mp4,1
Detona Ralph 2013 (720p) / Detona.Ralph.2013.720p.BluRay.6CH.x264.DUAL-WWW.BLUDV.COM.mkv,0
madoubt.com 553882.xyz HEYZO-472 / madoubt.com 553882.xyz HEYZO-472.mp4,1
JUQ-367-C_GG5 / gg5.co@JUQ-367-C_GG5.mp4,1
Thelma.and.Louise.1991.2160p.UHD.BDRemux.DTS-HD.MA.5.1.HDR.DoVi.P8.by.DVT.mkv / Thelma.and.Louise.1991.2160p.UHD.BDRemux.DTS-HD.MA.5.1.HDR.DoVi.P8.by.DVT.mkv,0
DASS-560-C / DASS-560-C.mp4,1
madoubt.com 858652.xyz 10musume-030224_01 / madoubt.com 858652.xyz 10musume-030224_01.mp4,1
Hutor.S01.2025.WEB-DL.1080p.ExKinoRay / Hutor.S01.E02.2025.WEB-DL.1080p.ExKinoRay.mkv,0
madoubt.com 898623.xyz fc2ppv-4587033 / madoubt.com 898623.xyz fc2ppv-4587033.mp4,1
Despicable.Me.3.2017.1080p.BluRay.X264-AMIABLE / Despicable.Me.3.2017.1080p.BluRay.X264-AMIABLE.mkv,0
91大神王胖真实约炮闷骚大姐阿姨系列，全是饿母虎，全程对白刺激 / 91大神王胖真实约炮闷骚大姐阿姨系列，全是饿母虎，全程对白刺激.mp4,1
Ted.Lasso.S03.1080p.ATVP.WEB-DL.DDP5.1.H.264-EniaHD / Ted.Lasso.S03E12.So.Long.Farewell.1080p.ATVP.WEB-DL.DDP5.1.H.264-EniaHD.mkv,0
最新流出 台湾海军之花 志愿役 黄采洁私密片外流 2700人喊上车 / 最新流出 台湾海军之花 志愿役 黄采洁私密片外流 2700人喊上车.mp4,1
www.1TamilBlasters.wine - Sarzameen (2025) Tamil HDRip AAC x264 250MB ESub.mkv / www.1TamilBlasters.wine - Sarzameen (2025) Tamil HDRip AAC x264 250MB ESub.mkv,0
[AniDub]_Your.Forma.s01 / Your.Forma.s01e10.HD1080p.WEBRip.Rus.AniDub.com.mp4,0
FC2PPV-2228121 / FC2PPV-2228121.mp4,1
[SubsPlease] The IDOLM@STER Cinderella Girls - U149 - 03 (720p) [D265142D].mkv / [SubsPlease] The IDOLM@STER Cinderella Girls - U149 - 03 (720p) [D265142D].mkv,0
The.White.Lotus.S03E06.1080p.rus.LostFilm.TV.mkv / The.White.Lotus.S03E06.1080p.rus.LostFilm.TV.mkv,0
86.EIGHTY-SIX.S02.1080p / [S02 E12] 86 EIGHTY-SIX Season 2 Episode 12 Welcome.mkv,0
[ Torrent911.net ] Tehran.S02E02.FRENCH.WEBRip.H264-EXTREME.mkv / [ Torrent911.net ] Tehran.S02E02.FRENCH.WEBRip.H264-EXTREME.mkv,0
[Erai-raws] One Piece - 1130 [720p CR WEB-DL AVC EAC3][MultiSub][D7D83926].mkv / [Erai-raws] One Piece - 1130 [720p CR WEB-DL AVC EAC3][MultiSub][D7D83926].mkv,0
Mahou Shoujo Magical Destroyers - AniLibria.TV [WEBRip_1080p HEVC] / Mahou_Shoujo_Magical_Destroyers_[04]_[AniLibria_TV]_[WEBRip_1080p_HEVC].mkv,0
[44x.me]veq-148 / [44x.me]veq-148-3.mp4,1
"Wonder Egg Priority (2021, AVC WEBRip-720p, RUS JAP+SUB) / Special/[SubsPlease] Wonder Egg Priority - Sp.01 [720p].mkv",0
MEYD-957-UC / MEYD-957-UC.mp4,1
DoctorAdventures.22.08.16.Marina.Maya.The.Deepthroat.Doctor.Is.In.XXX.720p.MP4-XXX / doctoradventures.22.08.16.marina.maya.the.deepthroat.doctor.is.in.720p.mp4,1
Renaissance Man (1994) WEB-DLRip-AVC.mkv / Renaissance Man (1994) WEB-DLRip-AVC.mkv,0
madoubt.com 229263.xyz VIO-052 / madoubt.com 229263.xyz VIO-052.mp4,1
Inspektor.Gavrilov.S02.WEB-DL.1080p.MrMittens / Inspektor.Gavrilov.S02.E16.WEB-DL.1080p.MrMittens.mkv,0
fsdss-556ch / fsdss-556ch.mp4,1
日本美乳花季萝莉「Saku J」OF大尺度纯爱私拍 紧致肌肤饱满乳房肥厚鲍鱼肉欲满满 / 日本美乳花季萝莉「Saku J」OF大尺度纯爱私拍 紧致肌肤饱满乳房肥厚鲍鱼肉欲满满.mp4,1
【贴心话】HTMS-045liangdaozukaitacinofu / 【贴心话】HTMS-045liangdaozukaitacinofu.mp4,0
金屋藏娇阁很漂亮美女乱世佳人 一多自慰大秀 脸蛋漂亮身材白嫩小穴也粉 换了几身制服很诱人 / 金屋藏娇阁很漂亮美女乱世佳人 一多自慰大秀 脸蛋漂亮身材白嫩小穴也粉 换了几身制服很诱人.mp4,1
SexMex.23.12.04.Emily.Thorne.Sexy.Pirate.XXX.1080p.HEVC.x265.PRT / SexMex.23.12.04.Emily.Thorne.Sexy.Pirate.XXX.1080p.HEVC.x265.PRT.mp4,1
The.Eight.Hundred.2020.CHINESE.1080p.BluRay.1600MB.DD5.1.x264-GalaxyRG[TGx] / The.Eight.Hundred.2020.CHINESE.1080p.BluRay.1600MB.DD5.1.x264-GalaxyRG.mkv,0
[Obscurerips] Naughty Nurses / [Obscurerips] Naughty Nurses Episode 01.mkv,1
[Moozzi2] Aiura / Aiura - 11 (BD 1920x1080 x.264 FLAC) - moozzi2.mkv,1
Better.Things.S03.COMPLETE.720p.AMZN.WEBRip.x264-GalaxyTV[TGx] / Better.Things.S03E02.720p.AMZN.WEBRip.x264-GalaxyTV.mkv,0
Family.Guy - Season 19.1080p.TVShows / Family Guy (S19E20).mkv,0
SS31_720_2023.mp4 / SS31_720_2023.mp4,1
MyDirtyMaid - Sarah Arabic - Maid Does It For Cash! (25.06.2025) rq.mp4 / MyDirtyMaid - Sarah Arabic - Maid Does It For Cash! (25.06.2025) rq.mp4,1
[Thz.la]ipz-902 / [Thz.la]ipz-902.mp4,1
Erotic Heat - Seduction.mp4 / Erotic Heat - Seduction.mp4,1
I_SPLOM_1080_2022.mp4 / I_SPLOM_1080_2022.mp4,1
ap.15.11.02.nicole.aniston.mp4 / ap.15.11.02.nicole.aniston.mp4,1
Wadjda (2012) 480p DVDRip Junaid-Zia (PimpRG) / Wadjda (2012) 480p DVDRip AC3 5.1 Junaid-Zia (PimpRG).mkv,1
11860.kalink.and.MagicDarkLight.and.Li0n.and.Fobos.and.Danny.Amv.and.TakeshiAMV-SAIKURON.amvnews.ru.mp4 / 11860.kalink.and.MagicDarkLight.and.Li0n.and.Fobos.and.Danny.Amv.and.TakeshiAMV-SAIKURON.amvnews.ru.mp4,1
My Best Friend's Wedding (1997) [YTS.AG] / My.Best.Friend's.Wedding.1997.720p.BluRay.x264-[YTS.AG].mp4,0
"Loan Sharks 3 Lauren Phillips pays her debt, 7on1 BBC Gangbang with Balls Deep Anal, Gapes, DAP, Creampie GIO979 fhd.mp4 / Loan Sharks 3 Lauren Phillips pays her debt, 7on1 BBC Gangbang with Balls Deep Anal, Gapes, DAP, Creampie GIO979 fhd.mp4",1
Le.Comte.de.Monte-Cristo.2024.FRENCH.1080p.WEB.H264-FW.mkv / Le.Comte.de.Monte-Cristo.2024.FRENCH.1080p.WEB.H264-FW.mkv,0
The.Flight.Attendant.S01.720p.P.4rus / The.Flight.Attendant.s01e03.4rus.mkv,0
08.mp4 / 08.mp4,1
Yellowstone.S05E01.1080p.HEVC.x265-MeGusta[eztv.re].mkv / Yellowstone.S05E01.1080p.HEVC.x265-MeGusta[eztv.re].mkv,0
kittyy25_Cam4_2021-10-10.mp4 / kittyy25_Cam4_2021-10-10.mp4,1
ATKPetites.13.01.21.Chloe.Foster.Blowjob.XXX.1080p.MP4-KTR[rarbg] / ktr.atkp.13.01.21.chloe.foster.blowjob.mp4,1
SSIS-664 / hhd800.com@SSIS-664.mp4,1
天美传媒TMP0080貌美小妈勾引我 / 天美传媒TMP0080貌美小妈勾引我.mp4,1
317 / 4V/15391115.mp4,1
choufli-hal-2007-stv / Choufli Hal (2007) - EP30.mp4,1
madoubt.com 259528.xyz 1pondo-050725_001 / madoubt.com 259528.xyz 1pondo-050725_001.mp4,1
[ DevCourseWeb.com ] Udemy - Digital IC - FPGA Design P3 - Common Used Hardware Architectures / ~Get Your Files Here !/2 - SRAM/1 -Behavior of SRAM and Usage Suggestions.mp4,0
madoubt.com 398853.xyz caribbeancom-012618_002 / madoubt.com 398853.xyz caribbeancom-012618_002.mp4,1
The Art of Burying Pieces - CM Can Kabadayi / 2. Burying a g2-g7 Bishop.mp4,0
Superman.and.Lois.S03.1080p.x265-ZMNT / Superman.and.Lois.S03E02.1080p.x265-ZMNT.mkv,0
[Sick-Fansubs] Dr. Stone - Ryusui - Special [720p][C92DE73F].mp4 / [Sick-Fansubs] Dr. Stone - Ryusui - Special [720p][C92DE73F].mp4,0
Welcome to the Outcast's Restaurant S01E01 VOSTFR 1080p WEB x264 AAC -Tsundere-Raws (CR).mkv / Welcome to the Outcast's Restaurant S01E01 VOSTFR 1080p WEB x264 AAC -Tsundere-Raws (CR).mkv,0
Ego.edinstvennyj.syn.2023.WEB-DLRip.AVC.mkv / Ego.edinstvennyj.syn.2023.WEB-DLRip.AVC.mkv,0
1408.2007.1080p.BluRay.Remux.TrueHD.5.1 / 1408.2007.1080p.BluRay.Remux.TrueHD.5.1.mkv,0
La Rueda del Tiempo [HDTV 1080p][Cap.206](wolfmax4k.com) / La Rueda del Tiempo [HDTV 1080p][Cap.206](wolfmax4k.com).mkv,0
颜值不错爆乳妹子约炮头套男啪啪大秀 肛塞尾巴口交上位骑乘后入抽插呻吟娇喘 很是诱惑不要错过 / 颜值不错爆乳妹子约炮头套男啪啪大秀 肛塞尾巴口交上位骑乘后入抽插呻吟娇喘 很是诱惑不要错过.mp4,1
SweetSinner.23.02.14.Skylar.Snow.Platonic.Please.Dont.Talk.XXX.1080p.HEVC.x265.PRT[XvX] / SweetSinner.23.02.14.Skylar.Snow.Platonic.Please.Dont.Talk.XXX.1080p.HEVC.x265.PRT.mkv,1
"THE JACKIE GLEASON SHOW -- Sleepy Time Gal ( 7th Season ) with Richard Deacon, Greg Mullavey, and Robert Dryden.mp4 / THE JACKIE GLEASON SHOW -- Sleepy Time Gal ( 7th Season ) with Richard Deacon, Greg Mullavey, and Robert Dryden.mp4",0
PRED-797-uncensored-HD / PRED-797-uncensored-nyap2p.com.mp4,1
tki-098-C / tki-098-C.mp4,1
Moana.2.2024.1080p.ITA-ENG.MULTI.WEBRip.x265.AAC-V3SP4EV3R.mkv / Moana.2.2024.1080p.ITA-ENG.MULTI.WEBRip.x265.AAC-V3SP4EV3R.mkv,0
The.Wild.Life.1984.1080p.BluRay.x264-BARC0DE / BARC0DE1080pTWL.mkv,0
[ASW] Zutaboro Reijou wa Ane no Moto Konyakusha ni Dekiai sareru - 07 [1080p HEVC][0BB6B9F6].mkv / [ASW] Zutaboro Reijou wa Ane no Moto Konyakusha ni Dekiai sareru - 07 [1080p HEVC][0BB6B9F6].mkv,0
【性爱泄密 胖叔炮房】操上瘾红唇妹 干一半妹纸男友查岗 赶紧躲厕所里 骗走男友捆在炮椅继续操 高清1080P原版 / 【性爱泄密 胖叔炮房】操上瘾红唇妹 干一半妹纸男友查岗 赶紧躲厕所里 骗走男友捆在炮椅继续操 高清1080P原版.mp4,1
New.Life.2024.1080p.AMZN_от New-Team.mkv / New.Life.2024.1080p.AMZN_от New-Team.mkv,0
VEC-569 / VEC-569.mp4,1
Shoplyfter.21.02.10.Mia.Taylor.And.Dakota.Burns.Antifa.Riot.Girls.XXX.480p.MP4-XXX / shoplyfter.21.02.10.mia.taylor.and.dakota.burns.antifa.riot.girls.mp4,1
nitr301 / nitr301.mp4,1
ReZero kara Hajimeru Isekai Seikatsu 3 [1080 x265] / ReZero kara Hajimeru Isekai Seikatsu 3 - 01 [1080p x265 10bit].mkv,0
[DASS-353] Rui Nanase Reverse Anal Released.mp4 / [DASS-353] Rui Nanase Reverse Anal Released.mp4,1
FC2-PPV-4533144 / hhd800.com@FC2-PPV-4533144.mp4,1
TVBOXNOW 直播靈接觸 S2 / TVBOXNOW 直播靈接觸 S2 EP42.mp4,1
[初]ドキュメンタリー７「涙の奮闘記」2025.03.29 WEBDL-Cosmo / [初]ドキュメンタリー７「涙の奮闘記」2025.03.29 WEBDL-Cosmo .mkv,1
[apreder]MM_If_I_See_Randy_Again_Do_You_Want_Me_to_Hit_Him_with_the_Axe(2006)DVB.mkv / [apreder]MM_If_I_See_Randy_Again_Do_You_Want_Me_to_Hit_Him_with_the_Axe(2006)DVB.mkv,0
Succession.S02E08.720p.WEB.x265-MiNX[TGx] / Succession.S02E08.720p.WEB.x265-MiNX.mkv,0
Apollonide.2011.BDRip720p.ExKinoRay.mkv / Apollonide.2011.BDRip720p.ExKinoRay.mkv,0
Ajta.2022.WEB-DL.1080p.mkv / Ajta.2022.WEB-DL.1080p.mkv,0
Decibel (2022) hd.mp4 / Decibel (2022) hd.mp4,1
PublicAgent - Clemence Audiard - Russian redhead fucked in public (01.03.2024) rq.mp4 / PublicAgent - Clemence Audiard - Russian redhead fucked in public (01.03.2024) rq.mp4,1
[Legalporno]Sarah Cute Takes Two Cocks IV349 [08.23.19][HD].mp4 / [Legalporno]Sarah Cute Takes Two Cocks IV349 [08.23.19][HD].mp4,1
The Sum Of All Fears (2002)1080p.BluRay.x264-[YTS.AG] / The Sum Of All Fears (2002)1080p.BluRay.x264-[YTS.AG].mp4,0
Dainanaoji S01 1080p WEBRip AAC x265-EMBER / [EMBER] Dainanaoji - 01.mkv,0
The.Miracle.Club.2023.1080p.WEB-DL.DDP5.1.H.264-BAPHOMET.mkv / The.Miracle.Club.2023.1080p.WEB-DL.DDP5.1.H.264-BAPHOMET.mkv,0
www.1TamilMV.run - Bheeshma Parvam (2022) Malayalam TRUE WEB-DL - 1080p - AVC - UNTOUCHED - (DD+ 5.1 - 192Kbps) - 3.5GB - ESub.mkv / www.1TamilMV.run - Bheeshma Parvam (2022) Malayalam TRUE WEB-DL - 1080p - AVC - UNTOUCHED - (DD+ 5.1 - 192Kbps) - 3.5GB - ESub.mkv,0
"Good Morning, Miss Bliss 1988 Season 1 Complete TVRip x264 [i_c] / Good Morning, Miss Bliss S01E11 Stevie.mkv",0
The Night Of - Temporada 1 [HDTV 720p][Cap.108][AC3 5.1 Español Castellano] / TNOf720p1x08 [www.newpct1.com].mkv,0
【CD原创】TIMCOB--4K超清cd抄底漫展lo裙JK小姐姐 / 【CD原创】TIMCOB--4K超清cd抄底漫展lo裙JK小姐姐.mp4,1
madoubt.com 558628.xyz caribbeancom-051125_001 / madoubt.com 558628.xyz caribbeancom-051125_001.mp4,1
2022-02-20 Kristy Black (Monster Cock Vs Monster Ass) 1080p.mkv / 2022-02-20 Kristy Black (Monster Cock Vs Monster Ass) 1080p.mkv,0
DickDrainers - Liz Jordan - BBC Delivery Straight In Her Asshole! (10.06.2025) rq.mp4 / DickDrainers - Liz Jordan - BBC Delivery Straight In Her Asshole! (10.06.2025) rq.mp4,1
AllOver30.23.02.10.Sydney.Paige.Mature.Pleasure.XXX.1080p.HEVC.x265.PRT / AllOver30.23.02.10.Sydney.Paige.Mature.Pleasure.XXX.1080p.HEVC.x265.PRT.mp4,1
媚眼撩人小可爱iltalairs付费解锁~沦为富家公子泄欲工具人虽娇小但很耐操 / 媚眼撩人小可爱iltalairs付费解锁~沦为富家公子泄欲工具人虽娇小但很耐操.mp4,1
063023_001-1PON / hhd800.com@063023_001-1PON.mp4,1
Hotel.Eleon.2017.S03.E05.WEB-DL(720p).mkv / Hotel.Eleon.2017.S03.E05.WEB-DL(720p).mkv,0
Amber Alena.mp4 / Amber Alena.mp4,1
Ballerina (2025) [1080p] [WEBRip] [x265] [10bit] [5.1] [YTS.MX] / Ballerina.2025.1080p.WEBRip.x265.10bit.AAC5.1-[YTS.MX].mp4,0
[88q.me]parm-152 / [88q.me]parm-152.mp4,1
MormonGirlz.20.11.18.Trillium.Feels.So.Good.Being.Bad.XXX.1080p.MP4-XXX[XvX] / MormonGirlz.20.11.18.Trillium.Feels.So.Good.Being.Bad.XXX.1080p.MP4-XXX.mkv,1
[Dynamis One] 异世界默示录米诺戈拉 ～从灭亡的文明开始的世界征服～ - 09 (B-Global 1920x1080 HEVC AAC MKV) [1637B54E].mkv / [Dynamis One] 异世界默示录米诺戈拉 ～从灭亡的文明开始的世界征服～ - 09 (B-Global 1920x1080 HEVC AAC MKV) [1637B54E].mkv,0
童颜巨乳娇俏网红『钱小猫』和粉丝激烈3P啪啪私拍流出 前裹后操 激烈热吻 完美露脸 / 童颜巨乳娇俏网红『钱小猫』和粉丝激烈3P啪啪私拍流出 前裹后操 激烈热吻 完美露脸.mp4,1
Modern.Family.S10E07.HDTV.x264-SVA / Modern.Family.S10E07.HDTV.x264-SVA.mkv,1
Love Thy Neighbour [Series 4] / 3-Working On New Year's Eve (Broadcast 31 December 1973).mp4,1
[AniDub]_MF.Ghost.s02 / MF.Ghost.s02e05.HD1080p.WEBRip.Rus.AniDub.com.mp4,0
Secrets.of.Penthouse.S01E01.WEB.x264-TORRENTGALAXY[TGx] / Secrets.of.Penthouse.S01E01.WEB.x264-TORRENTGALAXY.mkv,0
HelpmyWife 11 Movies / HelpMyWife - Dana.mp4,0
BabyGotBoobs.17.07.12.Skylar.Snow.Haute.Couture.XXX.1080p.MP4-KTR[rarbg] / bgb.17.07.12.skylar.snow.haute.couture.mp4,1
清纯素颜小妹露脸想让狼友们的礼物，听指挥脱光了展示，性感的奶子好诱人，掰开逼逼给狼友看，自慰呻吟刺激 / 清纯素颜小妹露脸想让狼友们的礼物，听指挥脱光了展示，性感的奶子好诱人，掰开逼逼给狼友看，自慰呻吟刺激.mp4,1
[Fumei] Itsumademo Shiroi Hane - 07 (VIU 1080p) [B47433A0].mkv / [Fumei] Itsumademo Shiroi Hane - 07 (VIU 1080p) [B47433A0].mkv,0
核弹！高人气裸舞女神~20小时~【阿楚】全新姿势~撸点极高~ 女神终于尺度大开~！揉穴自慰，长腿美臀，绝~！！ / 核弹！高人气裸舞女神~20小时~【阿楚】全新姿势~撸点极高~ 女神终于尺度大开~！揉穴自慰，长腿美臀，绝~！！.mp4,1
brazzersexxtra.24.03.21.crystal.rush.and.scarlit.scandal.please.tempt.my.boyfriend.480p.mp4 / brazzersexxtra.24.03.21.crystal.rush.and.scarlit.scandal.please.tempt.my.boyfriend.480p.mp4,0
Toys Are Not For Children (1972) [BluRay] [720p] [YTS.LT] / Toys.Are.Not.For.Children.1972.720p.BluRay.x264-[YTS.LT].mp4,0
Navstrechu.Shtormu.2014.DUAL.BDRip.x264.-HELLYWOOD.mkv / Navstrechu.Shtormu.2014.DUAL.BDRip.x264.-HELLYWOOD.mkv,0
StepPOV.com - Stacy Cruz - The Real Culprit - 31-08-2021.mp4 / StepPOV.com - Stacy Cruz - The Real Culprit - 31-08-2021.mp4,0
"OnlyFans - Dharma Jones, Scarlett Alexis - Hot Threesome with Codey Steele rq.mp4 / OnlyFans - Dharma Jones, Scarlett Alexis - Hot Threesome with Codey Steele rq.mp4",1
Irlandskaya.mechta.2024.NF.WEB-DLRip.AVC.mkv / Irlandskaya.mechta.2024.NF.WEB-DLRip.AVC.mkv,0
The Last Showgirl (2024) [1080p] [BluRay] [5.1] [YTS.MX] / The.Last.Showgirl.2024.1080p.BluRay.x264.AAC5.1-[YTS.MX].mp4,0
OnlyFans 2025 Tiny Texie Anal XXX 1080p AV1-XLeech / OnlyFans 2025 Tiny Texie Anal XXX 1080p AV1-XLeech.mkv,1
IPX-535 3・2・1 GO！ いきなり追撃ピストンSEX 「えっ！？ノーカットですか？」 桜空もも / IPX-535-4K.mp4,1
靓仔强撩了个刚上大学的南方妹子 穿着透色肉丝船袜手足齐灰机 / 靓仔强撩了个刚上大学的南方妹子 穿着透色肉丝船袜手足齐灰机.mp4,1
"[Moozzi2] Wake Up, Girls! - Movie 01 - 「 Shichinin no Idol 」 - Movie + SP / [Moozzi2] Wake Up, Girls! - Movie 01 - 「 Shichinin no Idol 」 (BD 1920x1080 x.264 DTS).mkv",0
IENE922 / IENE922.mp4,1
极品推特人妻“雪玲儿”土豪专享性爱私拍甄选 无套爆操内射浪穴 精液喷射 / 极品推特人妻“雪玲儿”土豪专享性爱私拍甄选 无套爆操内射浪穴 精液喷射.mp4,1
The Boys.2023.1080p.FHD.H264.AAC-CJCONTENTS.mp4 / The Boys.2023.1080p.FHD.H264.AAC-CJCONTENTS.mp4,0
[AnalTeenAngels] Cindy Dee 1080p [.mp4][PornLeech] / 72085-1080p.mp4,1
Max World 10 Planet Of Women (1997) ~ Hot Classic ~ [RRG]{Brego} / Max World 10 (1997) ~ Hot Classic ~ [RRG]{Brego}.mkv,0
madoubt.com 625836.xyz heyzo-3162 / madoubt.com 625836.xyz heyzo-3162.mp4,1
MyFirstSexTeacher - Sara Jay_SD.mp4 / MyFirstSexTeacher - Sara Jay_SD.mp4,1
SisLovesMe.24.11.09.Evie.Christian.XXX.480p.MP4-XXX[XC] / sislovesme.24.11.09.evie.christian.480p.mp4,1
Bring.Her.Back.2025.2160p.HDR.mkv / Bring.Her.Back.2025.2160p.HDR.mkv,0
06.10.2024_WEBDL_Yurievij_sex-friends-barcelona_720p.mp4 / 06.10.2024_WEBDL_Yurievij_sex-friends-barcelona_720p.mp4,1
1080p.BDRip.The.Rule.of.Jenny.Pen.2024 / The.Rule.of.Jenny.Pen.2024.1080p.BDRip.AVC.DDP5.1-Asmo.mkv,0
눈이.부시게.The.Light.in.Your.Eyes.S01 / The.Light.in.Your.Eyes.S01E11.1080p.x264.AAC-BCG.mkv,0
Rurouni.Kenshin.The.Final.2021.WEBRip.1080p.NNMClub.mkv / Rurouni.Kenshin.The.Final.2021.WEBRip.1080p.NNMClub.mkv,0
Blacked.25.08.21.Sarah.Illustrates.And.Liz.Jordan.The.Blueprint.Part.3.XXX.2160p.MP4-P2P[XC] / blacked.25.08.21.sarah.illustrates.and.liz.jordan.the.blueprint.part.3.xxx.mp4,1
35.BOgfhbabgrab.mp4 / 35.BOgfhbabgrab.mp4,1
OnlyFans 2024 Lillian Phillips 101 Guys Sextape Part 4 XXX 720p AV1-XLeech.mkv / OnlyFans 2024 Lillian Phillips 101 Guys Sextape Part 4 XXX 720p AV1-XLeech.mkv,1
[SubsPlease] Mattaku Saikin no Tantei to Kitara - 02 (1080p) [909E1932].mkv / [SubsPlease] Mattaku Saikin no Tantei to Kitara - 02 (1080p) [909E1932].mkv,0
madoubt.com 266368.xyz caribbeancom-081125_001 / madoubt.com 266368.xyz caribbeancom-081125_001.mp4,1
Belyakovy.v.otpuske.2024.WEB-DL.1080p.mkv / Belyakovy.v.otpuske.2024.WEB-DL.1080p.mkv,0
madoubt.com 669236.xyz pacopacomama-081225_100 / madoubt.com 669236.xyz pacopacomama-081225_100.mp4,1
True.Detective.S04E01.1080p.WEB.h264-ETHEL[TGx] / True.Detective.S04E01.1080p.WEB.h264-ETHEL.mkv,0
异人之下之决战碧游村01.mp4 / 异人之下之决战碧游村01.mp4,1
WWE.Rivals.S01E02.Undertaker.vs.Kane.720p.HDTV.x264-NWCHD[TGx] / WWE.Rivals.S01E02.Undertaker.vs.Kane.720p.HDTV.x264-NWCHD.mp4,0
楼下打麻将认识的少妇 老公不在家去她家里操她 哦槽还是一个无毛的白虎 完美露脸 / 楼下打麻将认识的少妇 老公不在家去她家里操她 哦槽还是一个无毛的白虎 完美露脸.mp4,1
Kowloon Generic Romance - AniLibria [WEBRip 1080p] / Kowloon_Generic_Romance_[01]_[AniLibria]_[WEBRip_1080p].mkv,0
调教叫父【daddyjbabyem】，混血160天生萝莉型小性奴，被爸爸宛如玩偶虐操 / 调教叫父【daddyjbabyem】，混血160天生萝莉型小性奴，被爸爸宛如玩偶虐操.mp4,1
CHAKUI-009 / CHAKUI-009.mp4,1
BellesaHouse.E183.Romi.Rain.And.Van.XXX.1080p.HEVC.x265.PRT[XvX] / BellesaHouse.E183.Romi.Rain.And.Van.XXX.1080p.HEVC.x265.PRT.mkv,1
Chelovek.Kotoryi.Ubil.Don.Kihota.2018.DUAL.BDRip.720p.-HELLYWOOD.mkv / Chelovek.Kotoryi.Ubil.Don.Kihota.2018.DUAL.BDRip.720p.-HELLYWOOD.mkv,0
kin8-3258 / kin8-3258.mp4,1
madoubt.com 963583.xyz fc2ppv-4582145 / madoubt.com 963583.xyz fc2ppv-4582145.mp4,1
This.Is.Us.S06.WEBDL.720p.Rus.Eng / This.Is.Us.S06E01.WEB-DL.720p.RGzsRutracker.mkv,0
Resident.Alien.WEB-DL.1080p.TVShows / Resident.Alien.s01e07.WEB-DL.1080p.mkv,0
NetVideoGirls.24.03.05.Danae.XXX.720p.HEVC.x265.PRT / NetVideoGirls.24.03.05.Danae.XXX.720p.HEVC.x265.PRT.mp4,1
Kaiju No. 8 S02E05 VOSTFR 1080p WEB x264 AAC -Tsundere-Raws (CR).mkv / Kaiju No. 8 S02E05 VOSTFR 1080p WEB x264 AAC -Tsundere-Raws (CR).mkv,0
Vitoria Beatriz - After Work Ass Play (18.03.2025)_1080p.mp4 / Vitoria Beatriz - After Work Ass Play (18.03.2025)_1080p.mp4,1
madoubt.com 696553.xyz fc2ppv-4743337 / madoubt.com 696553.xyz fc2ppv-4743337.mp4,1
madoubt.com 956586.xyz heyzo-1599 / madoubt.com 956586.xyz heyzo-1599.mp4,1
タイムスクープハンター セレクション「“忍者”その真の姿とは」.mp4 / タイムスクープハンター セレクション「“忍者”その真の姿とは」.mp4,1
hookuphotshot_lola_mai_episode_281_480p.mp4 / hookuphotshot_lola_mai_episode_281_480p.mp4,1
WANZ689 / 台湾uu祼聊室，注册成为会员免费送50点，指挥妹子露波露B.mp4,1
XRW-949.mp4 / XRW-949.mp4,1
The.Autopsy.of.Jane.Doe.2016.Lic.BDRip.1080p.mkv / The.Autopsy.of.Jane.Doe.2016.Lic.BDRip.1080p.mkv,0
MIDV-046 / hhd800.com@MIDV-046.mp4,1
NikeΣ@һ@MIDE-137R / MIDE-137R.mp4,1
FakeTaxi.19.12.01.Candy.Banks.XXX.1080p.HEVC.x265.PRT / FakeTaxi.19.12.01.Candy.Banks.XXX.1080p.HEVC.x265.PRT.mp4,1
漂亮大奶美女吃鸡啪啪 身材不错 细腰肥臀 口货也好 最后拔枪撸射 / 漂亮大奶美女吃鸡啪啪 身材不错 细腰肥臀 口货也好 最后拔枪撸射.mp4,1
年度最美逼，会动翘臀女神【冰芯橘】福利，极品一线天，各种热门裸舞，美鲍展示，撸点超高 / 年度最美逼，会动翘臀女神【冰芯橘】福利，极品一线天，各种热门裸舞，美鲍展示，撸点超高.mp4,1
Татусі мимоволі [1080p] [Amanogawa] / Buddy Daddies - 09 [1080p] [Amanogawa].mkv,0
HardWerk.25.03.06.Mia.Stone.Portal.To.Bang.Choral.Version.XXX.480p.MP4-XXX[XC] / hardwerk.25.03.06.mia.stone.portal.to.bang.choral.version.480p.mp4,1
Elsbeth.S02E11.1080p.x265-ELiTE / Elsbeth.S02E11.1080p.x265-ELiTE.mkv,0
The.Intern.2015.D.WEB-DL.1080p.mkv / The.Intern.2015.D.WEB-DL.1080p.mkv,0
Movies for John / The Jewel of the Nile (1985) (1080p BluRay x265 HEVC 10bit AAC 5.1 Tigole)/The Jewel of the Nile (1985) (1080p BluRay x265 10bit Tigole).mkv,0
Klan.S03E01.WEB-DL.1080p.x264.AAC.BGAUDiO-4PLAY.mp4 / Klan.S03E01.WEB-DL.1080p.x264.AAC.BGAUDiO-4PLAY.mp4,0
[BBCPie] Madi Collins - Principals pleasure 480p.mp4 / [BBCPie] Madi Collins - Principals pleasure 480p.mp4,1
[FOW-012]Mila_Red_Riding_Hood.mp4 / [FOW-012]Mila_Red_Riding_Hood.mp4,1
Superman.and.Lois.S04.MULTi.1080p.WEB.DDP.x264-THESYNDiCATE / Superman.and.Lois.S04E07.Un.homme.comme.les.autres.MULTi.1080p.WEB.DDP.x264-THESYNDiCATE.mkv,0
TVBOXNOW 最強生命線 / TVBOXNOW 最強生命線 EP402.mp4,1
Agente X - 1x10 (EliteTorrent.net).mp4 / Agente X - 1x10 (EliteTorrent.net).mp4,1
Resident.Evil.S01.720p.NF.WEBRip.DDP5.1.Atmos.x264-SMURF[rartv] / Resident.Evil.S01E08.Revelations.720p.NF.WEB-DL.DDP5.1.Atmos.x264-SMURF.mkv,0
甲医值班赚外快手术室护士刷机自慰不刺激便特写有点儿拉稀人气棚赚几千 / 甲医值班赚外快手术室护士刷机自慰不刺激便特写有点儿拉稀人气棚赚几千.mp4,1
Summer.Vixen.Round.3.anal.bigass.black.blonde.blowjob.hardcore.hugeass.interracial.rimjob.mp4 / Summer.Vixen.Round.3.anal.bigass.black.blonde.blowjob.hardcore.hugeass.interracial.rimjob.mp4,1
www.1TamilMV.love - Pride And Prejudice (2014) S01 EP (01-21) - HQ HDRip - [Tam + Tel + Hin] - AAC - 3GB - ESub / www.1TamilMV.love - Pride And Prejudice S01E05 Pride And Prejudice EP 5 360p WEB-DL x264 (AAC 2.0 - 64kbps) [Tam + Tel + Hin] ESub.mkv,0
Atrapados.En.Lo.Profundo.2024.1080P-Dual-Lat / Atrapados.En.Lo.Profundo.2024.1080P-Dual-Lat.mkv,0
【高清影视之家发布 www.WHATMV.com】母女马拉松[中文字幕].Women.on.the.Run.2019.1080p.WEB-DL.AAC.H264-ParkHD / 母女马拉松.Women.on.the.Run.2019.1080p.WEB-DL.AAC.H264-ParkHD.mkv,0
WowGirls.2024.Nancy.A.And.Ashby.Winter.Arousing.Play.XXX.1080p.HEVC.x265.PRT[XvX] / WowGirls.2024.Nancy.A.And.Ashby.Winter.Arousing.Play.XXX.1080p.HEVC.x265.PRT.mkv,1
[VLDeshka] Nyaight of the Living Cat S1 [WEBRip 1080p] / Nyaight of the Living Cat S1 - 01.mkv,0
www.UIndex.org    -    PetitePOV.21.11.03.Evelina.Darling.Kristi.Fox.And.Polina.Sweet.Petite.Trio.XXX.1080p.MP4-WRB / petitepov.21.11.03.evelina.darling.kristi.fox.and.polina.sweet.petite.trio.mp4,1
440-czechvr-3d-2880x1440-60fps-gearvr_lq_h264-180x180_3dh.mp4 / 440-czechvr-3d-2880x1440-60fps-gearvr_lq_h264-180x180_3dh.mp4,1
Nubiles.25.08.09.Foxi.Hella.Good.XXX.1080p.HEVC.x265.PRT / Nubiles.25.08.09.Foxi.Hella.Good.XXX.1080p.HEVC.x265.PRT.mp4,1
Scooby-Doo Mask Of The Blue Falcon (2012) [720p] [BluRay] [YTS.MX] / Scooby-Doo.Mask.Of.The.Blue.Falcon.2012.720p.BluRay.x264.AAC-[YTS.MX].mp4,0
[Leopard-Raws] Masuda Kousuke Gekijou Gag Manga Biyori + - 09 RAW (YTV 1280x720 x264 AAC).mp4 / [Leopard-Raws] Masuda Kousuke Gekijou Gag Manga Biyori + - 09 RAW (YTV 1280x720 x264 AAC).mp4,0
Memoir.of.a.Snail.2024.2160p.AMZN.WEB-DL.DDP5.1.H.265-FLUX[TGx] / Memoir.of.a.Snail.2024.2160p.AMZN.WEB-DL.DDP5.1.H.265-FLUX.mkv,0
HEYZO-2867-FHD / rh2048.com@heyzo_hd_2867_full.mp4,1
"Pluralsight - Unreal Engine 4 Materials Fundamentals / 15 - File Textures & External Shading Programs - File Textures, Problems, and Solutions.mp4",1
"LegalPorno - Lara Onyx, Kyra Blonde interracial foursome with DAP RS240 XXX NEW 30.June.2016 / LegalPorno - Lara Onyx, Kyra Blonde interracial foursome with DAP RS240 XXX NEW 30.June.2016.mp4",1
"Aqua Pleasure with Erica Fontes, Rocco Reed 91 01 by FukBabes.mp4 / Aqua Pleasure with Erica Fontes, Rocco Reed 91 01 by FukBabes.mp4",0
What Price Honesty [1980]x264DVDrip(ShawBros.KungFu) / What Price Honesty [1980]x264DVDrip(ShawBros.KungFu).mp4,0
SexArt.24.06.28.Kama.Oxi.And.Leya.Desantis.Velvet.Secret.XXX.1080p.HEVC.x265.PRT[XvX] / SexArt.24.06.28.Kama.Oxi.And.Leya.Desantis.Velvet.Secret.XXX.1080p.HEVC.x265.PRT.mkv,1
Blood of Redemption (2013) [1080p] / Blood.of.Redemption.2013.1080p.BluRay.x264.YIFY.mp4,0
9-1-1 3 - LostFilm.TV [MP4] / 9-1-1.S03E14.720p.rus.LostFilm.TV.mp4,1
The Day The Earth Stood Still (1951) [1080p] [BluRay] [5.1] [YTS.MX] / The.Day.The.Earth.Stood.Still.1951.1080p.BluRay.x264.AAC5.1-[YTS.MX].mp4,0
teenmarvel-kayley-kitty / teenmarvel-kayley-kitty.mp4,1
[HorribleSubs] Folktales from Japan - 145 [480p].mkv / [HorribleSubs] Folktales from Japan - 145 [480p].mkv,1
madoubt.com 559665.xyz DVRT-006 / madoubt.com 559665.xyz DVRT-006.mp4,1
漂亮有韵味美女和炮友双人啪啪大秀 先口后啪 尝试多种体位 / 漂亮有韵味美女和炮友双人啪啪大秀 先口后啪 尝试多种体位.mp4,1
[AsukaRaws] Kuroiwa Medaka ni Watashi no Kawaii ga Tsuujinai - 08 (WEB-DL 1280x720 x264 AAC).mp4 / [AsukaRaws] Kuroiwa Medaka ni Watashi no Kawaii ga Tsuujinai - 08 (WEB-DL 1280x720 x264 AAC).mp4,0
David Gilmour - Live at Pompeii.BDRip720p / David Gilmour - Live at Pompeii.Part2.BDRip720p.mkv,0
IPZZ-017_2K / @蜂鳥@honeybird139.vip-IPZZ-017_2K.mp4,1
淘气弟弟为 了报复姐姐不让他玩手机 偷拍姐姐洗澡给其他的网友看 / 淘气弟弟为 了报复姐姐不让他玩手机 偷拍姐姐洗澡给其他的网友看.mp4,1
USBA-024.mp4 / USBA-024.mp4,1
Cherry Kiss - Secret Office Affair 2160p.mp4 / Cherry Kiss - Secret Office Affair 2160p.mp4,0
Las.cronicas.de.Shannara.2x06.m720p.www.DESCARGASMIX.com.mkv / Las.cronicas.de.Shannara.2x06.m720p.www.DESCARGASMIX.com.mkv,0
20th.Century.Boys.Trilogy.1080p.BluRay.x264 / 20th.Century.Boys.Chapter.Two.The.Last.Hope.2009.1080p.BluRay.x264-BestHD/20th.Century.Boys.Chapter.Two.The.Last.Hope.2009.1080p.BluRay.x264-BestHD.mkv,0
DAVK-050.mp4 / DAVK-050.mp4,1
The.House.That.Jack.Built.2018.WEBdl.1080p.werecut PROD..mkv / The.House.That.Jack.Built.2018.WEBdl.1080p.werecut PROD..mkv,0
NACX-081 / hhd800.com@NACX-081.mp4,1
帮您推翻不在场证明.Alibi.Kuzushi.Uketamawarimasu.Ep07.Final.Chi_Jap.HDTVrip.1280X720-ZhuixinFan.mp4 / 帮您推翻不在场证明.Alibi.Kuzushi.Uketamawarimasu.Ep07.Final.Chi_Jap.HDTVrip.1280X720-ZhuixinFan.mp4,1
NataliaStarr.17.07.10.Natalia.Starr.Slipping.My.Toy.In.Deep.XXX.1080p.MP4-KTR[rarbg] / nataliastarr.17.07.10.natalia.starr.slipping.my.toy.in.deep.mp4,1
The Residence (Season 1) (2025) WEB-DL 1080p [Ukr_Eng] [Hurtom] / The Residence S01E08 (2025) WEB-DL 1080p [Ukr_Eng] [Hurtom].mkv,0
枣阳熟女人妻全自动 / 枣阳熟女人妻全自动.mp4,1
The.Crazies.2010.BluRay.1080p.x264.AAC.5.1.-.Hon3y / www.HDSector.com - The.Crazies.2010.BluRay.1080p.x264.AAC.5.1.-.Hon3y.mkv,0
28.05.2025_WEBDL_Yurievij_Inked XXXploitation of Misha Montana_404p.mp4 / 28.05.2025_WEBDL_Yurievij_Inked XXXploitation of Misha Montana_404p.mp4,1
FC2-PPV-1274849.mp4 / FC2-PPV-1274849.mp4,1
MIDE-223_uncensored.mp4 / MIDE-223_uncensored.mp4,1
Alain Guiraudie - (2003) No Rest for the Brave.mkv / Alain Guiraudie - (2003) No Rest for the Brave.mkv,0
the.au.pair.s01e02.720p.web.h264-skyfire[EZTVx.to].mkv / the.au.pair.s01e02.720p.web.h264-skyfire[EZTVx.to].mkv,0
Shaun Of The Dead (2004) [2160p] [4K] [BluRay] [5.1] [YTS.MX] / Shaun.Of.The.Dead.2004.2160p.4K.BluRay.x265.10bit.AAC5.1-[YTS.MX].mkv,0
Sudba rezidenta.chopper887.mkv / Sudba rezidenta.chopper887.mkv,0
[SubsPlease] Trillion Game - 21 (1080p) [122E7256].mkv / [SubsPlease] Trillion Game - 21 (1080p) [122E7256].mkv,0
Poldark.S03.SweSub.720p.x264--Justiso / Poldark S03E01.mkv,0
Teenies_Julia_en_Zela_geven_een_sexfeest.mp4 / Teenies_Julia_en_Zela_geven_een_sexfeest.mp4,1
Zgon przed weselem (2025) WEB-DL 1080p Ukr Pol [Hurtom].mkv / Zgon przed weselem (2025) WEB-DL 1080p Ukr Pol [Hurtom].mkv,0
Kiss of the Dragon.2001.720p.x264-LEONARDO_[scarabey.org].mkv / Kiss of the Dragon.2001.720p.x264-LEONARDO_[scarabey.org].mkv,0
PornBox.com - RaulsBud - Kinuski Kakku - Double penetration to Kinuski! Anal Sex!! We want to fuck Now. 3vs1 - 09-06-2024.mp4 / PornBox.com - RaulsBud - Kinuski Kakku - Double penetration to Kinuski! Anal Sex!! We want to fuck Now. 3vs1 - 09-06-2024.mp4,1
"Xande Ribeiro Diamond Concept. Side Control, Mount Escapes, Modern Hip Escaping, Vortex Strengthening / Xande Ribeiro Diamond Escape Concept Vol1.mp4",0
虎牙100多万粉星秀颜值天花板极品女神【思妤宝宝】私人订制~销魂裸舞紫薇挑逗~B形不错一线天馒头 / 虎牙100多万粉星秀颜值天花板极品女神【思妤宝宝】私人订制~销魂裸舞紫薇挑逗~B形不错一线天馒头.mp4,1
a-girl-in-every-port_202203 / A Girl In Every Port.mp4,1
极品尤物美少女！直播赚钱还网贷！超高颜值粉嫩美穴，拨开丁字裤真棒抽插，表情一脸享受 / 极品尤物美少女！直播赚钱还网贷！超高颜值粉嫩美穴，拨开丁字裤真棒抽插，表情一脸享受.mp4,1
SAS.Rogue.Heroes.S02E03.480p.x264-mSD[EZTVx.to].mkv / SAS.Rogue.Heroes.S02E03.480p.x264-mSD[EZTVx.to].mkv,0
Counterpart.S01E09.1080p.WEB.H264-DEFLATE[rarbg] / Counterpart.S01E09.1080p.WEB.H264-DEFLATE.mkv,0
jessie_volt.1920.mp4 / jessie_volt.1920.mp4,1
1001 gram (2014).mkv / 1001 gram (2014).mkv,1
Enter.the.Dragon.1973.4K.HDR.2160p.BDRemux Ita Eng x265-NAHOM / Enter.the.Dragon.1973.4K.HDR.2160p.BDRemux Ita Eng x265-NAHOM.mkv,0
ChelseaCharms - Chelsea Charms - Glitter Bouncexxx.mp4 / ChelseaCharms - Chelsea Charms - Glitter Bouncexxx.mp4,1
The Love of Siam Directors Cut.mkv / The Love of Siam Directors Cut.mkv,0
"简陋出租房偷拍公共卫生间洗澡的大奶妹,竟然还带一根木棍放在门旁边防身,人与人之间的信任一点都没有啊 / 简陋出租房偷拍公共卫生间洗澡的大奶妹,竟然还带一根木棍放在门旁边防身,人与人之间的信任一点都没有啊.mp4",1
Dostoyaniye_Respubliki_1971_RUS_Sub_Eng.mkv / Dostoyaniye_Respubliki_1971_RUS_Sub_Eng.mkv,1
435MFC-182 / jav20s8.com@435MFC-182.mp4,1
[ Torrent9.cz ] Tolkien.2019.MULTI.1080p.WEB.H264-EXTREME.mkv / [ Torrent9.cz ] Tolkien.2019.MULTI.1080p.WEB.H264-EXTREME.mkv,0
sas.rogue.heroes.s02e01.1080p.webrip.x264-s4lve.mkv / sas.rogue.heroes.s02e01.1080p.webrip.x264-s4lve.mkv,0
NHDTB-457.mp4 / NHDTB-457.mp4,1
情人节做爱视频来了，巨骚的一个人妻：浴池搞，洗手台搞，床上搞，爽飞上天 / 情人节做爱视频来了，巨骚的一个人妻：浴池搞，洗手台搞，床上搞，爽飞上天.mp4,1
madoubt.com 963228.xyz 1pondo-042820_001 / madoubt.com 963228.xyz 1pondo-042820_001.mp4,1
[Legalporno] Lexi Lore - AA057 [01.02.20] / [Legalporno] Lexi Lore - AA057 [01.02.20].mp4,1
TVBOXNOW ViuTV 偷天任務 / TVBOXNOW ViuTV 偷天任務 EP12.mp4,1
"[BANGBROS]Cassidy Banks,John Strong - Spying On My Step Daughter.mp4 / [BANGBROS]Cassidy Banks,John Strong - Spying On My Step Daughter.mp4",1
Avatar.2009.EXTENDED.1080p.BluRay.REMUX.AVC.DTS-HD.MA.5.1-FGT / Avatar.2009.EXTENDED.1080p.BluRay.REMUX.AVC.DTS-HD.MA.5.1-FGT.mkv,0
森は生きている - 숲은 살아있다 4계절 1980 [H264 700x568 24fps 2Audio(Jpn-Kor)] / 森は生きている - 숲은 살아있다 4계절 1980 [H264 700x568 24fps 2Audio(Jpn-Kor)] .mkv,1
Gladiator.II.1080p.rus.LostFilm.TV.mkv / Gladiator.II.1080p.rus.LostFilm.TV.mkv,0
[Anime Time] Dragon Ball GT Complete Series (S01+S02+S03+S04+Special) [DVD] [Multi Audio] [480p][HEVC 10bit x265][AAC][Eng Sub] / Special/[Anime Time] Dragon Ball GT Special - A Hero's Legacy.mkv,0
MESU-109 / hhd800.com@MESU-109.mp4,1
Mr.Inbetween.S03E06.WEB.x264-PHOENiX[TGx] / Mr.Inbetween.S03E06.WEB.x264-PHOENiX.mkv,0
Dragon_Ball_VOSTFR_par_Morpion / Dragon Ball - 00x04 - L'armée du ruban rouge [Après le 05x31].mkv,1
Vabank.II.1985.hdtvrip-avc.dexter_lex.mkv / Vabank.II.1985.hdtvrip-avc.dexter_lex.mkv,0
Jitensha.Toiki.1991.JAP.DVDRip.x264.AC3-ADiOS / Jitensha.Toiki.1991.JAP.DVDRip.x264.AC3-ADiOS.mkv,0
Culpa Mia (2023) [2160p] [4K] [WEB] [5.1] [YTS.MX] / Culpa.Mia.2023.2160p.4K.WEB.x265.10bit.AAC5.1-[YTS.MX].mkv,0
Fill Me With Your Orgasm 7 / Cherie Deville.mp4,0
FC2-PPV-1523402 / FC2-PPV-1523402.mp4,1
Taco 1-3 / Ass Watcher 3/the-ass-watcher-3-scene2.mp4,0
Formula.1.GP.USA.2021.Libres.2.DAZNF1.HDTV.1080p.EveHQ.mp4 / Formula.1.GP.USA.2021.Libres.2.DAZNF1.HDTV.1080p.EveHQ.mp4,0
[Erai-raws] Majo to Yajuu - 03 [1080p][HEVC][Multiple Subtitle][2C3DBAFA].mkv / [Erai-raws] Majo to Yajuu - 03 [1080p][HEVC][Multiple Subtitle][2C3DBAFA].mkv,0
Caddo.Lake.2024.1080p.AMZN от New-Team.mkv / Caddo.Lake.2024.1080p.AMZN от New-Team.mkv,0
人间六味03.mp4 / 人间六味03.mp4,1
TVBOXNOW 麻雀樂團_H265 / TVBOXNOW 麻雀樂團 EP19_H265.mp4,1
高端泄密流出火爆全网泡良达人金先生 约炮98年某高校啦啦队美女李X彩4K高清无水印版 / Ssyz5.com__高端泄密流出火爆全网泡良达人金先生 约炮98年某高校啦啦队美女李X彩4K高清无水印版.mp4,1
Drifting Home (2022) [1080p] [BluRay] [5.1] [YTS.MX] / Drifting.Home.2022.1080p.BluRay.x264.AAC5.1-[YTS.MX].mp4,0
madoubt.com 533935.xyz heyzo-1865 / madoubt.com 533935.xyz heyzo-1865.mp4,1
Firebrand.2023.1080p.WEB.MULTi-RGB.mkv / Firebrand.2023.1080p.WEB.MULTi-RGB.mkv,0
Watch.Download.https.streamtape.com.v.VyKGyW6JVxTK2vQ.https.bigwarp.io.p90xl28wz7au.https.lulustream.com.9fkvh13tbk1s.PornBox.Sofa.Weber.aka.Sophie.Weber.SHUT.UP.and.SUCK.MY.DICK.The.Deepest.Pussy.Fuck.EVER.23.07.2025.Young.Gonzo.Hardcore.AllSex.mp4 / Watch.Download.https.streamtape.com.v.VyKGyW6JVxTK2vQ.https.bigwarp.io.p90xl28wz7au.https.lulustream.com.9fkvh13tbk1s.PornBox.Sofa.Weber.aka.Sophie.Weber.SHUT.UP.and.SUCK.MY.DICK.The.Deepest.Pussy.Fuck.EVER.23.07.2025.Young.Gonzo.Hardcore.AllSex.mp4,1
Coração.Delator.2025.1080p.WEB-DL.DUAL.5.1 / Coração.Delator.2025.1080p.WEB-DL.DUAL.5.1.mkv,0
Inserted.23.02.16.Andi.Rose.XXX.1080p.HEVC.x265.PRT[XvX] / Inserted.23.02.16.Andi.Rose.XXX.1080p.HEVC.x265.PRT.mkv,1
WetAndPuffy.19.09.25.Tiffany.Love.Ready.To.Play.XXX.1080p.MP4-KTR[rarbg] / wetandpuffy.19.09.25.tiffany.love.ready.to.play.mp4,1
"Curso de Automação Residencial - Jonathas Melo / 8. MÓDULO VIII ORÇAMENTO, DICAS DE MANUTENÇÃO E NOVOS COMPONENTES/2. Orçamento e precificação em automação residencial Com e sem projeto elétrico.mp4",1
阿斯彭文稿.The.Aspern.Papers.2018.HD1080P.X264.AAC.English.CHS-ENG.Mp4Ba / 阿斯彭文稿.The.Aspern.Papers.2018.HD1080P.X264.AAC.English.CHS-ENG.Mp4Ba.mp4,0
SGA-092.HD / SGA-092.HD.mp4,1
Home Designer Professional 2020 v21.2.0.48 + Crack {B4tman} / Video Tutorial/Tutorial.mp4,0
Burning Up (Paradise Film) XXX DVDRip NEW (2013).mp4 / Burning Up (Paradise Film) XXX DVDRip NEW (2013).mp4,1
The.Boys.S03E06.720p.rus.LostFilm.TV.mp4 / The.Boys.S03E06.720p.rus.LostFilm.TV.mp4,0
RKPrime - Amirah Cheers For Anal Sex - Amirah Adara [720p].mp4 / RKPrime - Amirah Cheers For Anal Sex - Amirah Adara [720p].mp4,1
11 / 090216_374-1pon.mp4,1
Greys.Anatomy.S20E06.HDTV.x264-TORRENTGALAXY[TGx] / Greys.Anatomy.S20E06.HDTV.x264-TORRENTGALAXY.mkv,0
The.Boy.Who.Harnessed.the.Wind.2019.P.WEB-DL.72Op.mkv / The.Boy.Who.Harnessed.the.Wind.2019.P.WEB-DL.72Op.mkv,0
Mother and Daughter.mkv / Mother and Daughter.mkv,0
봄  late spring.2014.1080p.FHDRip.H264.AAC / late spring.2014.1080p.FHDRip.H264.AAC.mkv,0
The.Simpsons.S36E10.1080p.x265-ELiTE / The.Simpsons.S36E10.1080p.x265-ELiTE.mkv,0
Naughty Bookworms  Madison Ivy fucks the teacher  Remastered.mp4 / Naughty Bookworms  Madison Ivy fucks the teacher  Remastered.mp4,0
dvdms00335b / dvdms00335b.mp4,1
Fire Force S02 MULTi 1080p WEB x264 AAC -Tsundere-Raws (ADN) / Fire Force S02E05 MULTi 1080p WEB x264 AAC -Tsundere-Raws (ADN).mkv,0
[Anistar.org] Shrouding the Heavens [TV-1] - 121 [1080p].mp4 / [Anistar.org] Shrouding the Heavens [TV-1] - 121 [1080p].mp4,0
Zodiac.2007.DC.BDRip.x264.DD5.1.Rus.Eng-E76.mkv / Zodiac.2007.DC.BDRip.x264.DD5.1.Rus.Eng-E76.mkv,0
Doctora en Alabama - 1x10 (EliteTorrent.net).mp4 / Doctora en Alabama - 1x10 (EliteTorrent.net).mp4,1
The.Matrix.1999.1080p.10bit.BluRay.6CH.x265.HEVC-PSA / The.Matrix.1999.1080p.10bit.BluRay.6CH.x265.HEVC-PSA.mkv,0
madoubt.com 229263.xyz PKPD-377 / madoubt.com 229263.xyz PKPD-377.mp4,1
[JAV] [Uncensored] Tokyo Hot sr044 / sr044-1_kaori_hd.mp4,1
【最新封神 ️兄妹乱伦】牛逼大神『我的妹妹小希』新作付出终有回报 终于享受了小希身体 温柔口爆 高清720P原档 / 【最新封神 ️兄妹乱伦】牛逼大神『我的妹妹小希』新作付出终有回报 终于享受了小希身体 温柔口爆 高清720P原档.mp4,1
SDDE-395-U / SDDE-395-U.mp4,1
[Ohys-Raws] Machikado Mazoku 2-Choume - 06 (TBS 1280x720 x264 AAC).mp4 / [Ohys-Raws] Machikado Mazoku 2-Choume - 06 (TBS 1280x720 x264 AAC).mp4,0
反差女神「Adeless2」偷情对白“被我老公发现就完蛋了”嘴上说不要插进去就不让停！ / 反差女神「Adeless2」偷情对白“被我老公发现就完蛋了”嘴上说不要插进去就不让停！.mp4,1
Ted.Lasso.S01E10.1080p.WEB.H264-CAKES[rarbg] / ted.lasso.s01e10.1080p.web.h264-cakes.mkv,0
XES.25.06.16.Ruchanie.63-Letniej.Babci.To.Spelnienie.Fantazji.POLISH.XXX.480p.MP4-XXX[XC] / xes.25.06.16.ruchanie.63letniej.babci.to.spelnienie.fantazji.pl.480p.mp4,1
[Inka-Subs] The Adventures of Marco Polo (1979) - Episode 06.mkv / [Inka-Subs] The Adventures of Marco Polo (1979) - Episode 06.mkv,0
FC2-PPV-1182277 / FC2-PPV-1182277_1.mp4,1
"Carreras, Domingo, Pavarotti & Levine - Paris 1998 / Carreras, Domingo, Pavarotti & Levine - Paris 1998.mkv",1
www.Torrenting.com   -    The.Figo.Affair.The.Transfer.that.Changed.Football.2022.720 / The.Figo.Affair.The.Transfer.that.Changed.Football.2022.720p.WEB.h264-KOGi.mkv,0
PornBox.23.09.20.Cheyla.Collins.Teen.Flexy.Slut.Has.Anal.Fucked.Balls.Deep.XXX.1080p.HEVC.x265.PRT[XvX] / PornBox.23.09.20.Cheyla.Collins.Teen.Flexy.Slut.Has.Anal.Fucked.Balls.Deep.XXX.1080p.HEVC.x265.PRT.mkv,1
Laboratory 1980.XviD.TVRip.kosmoaelita (1).mkv / Laboratory 1980.XviD.TVRip.kosmoaelita (1).mkv,1
Die.Hart.S02E08.1080p.rus.LostFilm.TV.mkv / Die.Hart.S02E08.1080p.rus.LostFilm.TV.mkv,0
DitaDior_ThorJohnsonVSHC1_1080p.mp4 / DitaDior_ThorJohnsonVSHC1_1080p.mp4,1
Agentes 355 [BDremux 1080p][AC3 5.1 Castellano-DTS-HD 5.1 Ingles+Subs][ES-EN] / Agentes 355 BDR1080.atomixhq.art.mkv,0
【推特 DOGKING】顶级大神约操各种00后反差婊 淫荡下贱骚母狗 / 【推特 DOGKING】顶级大神约操各种00后反差婊 淫荡下贱骚母狗.mp4,1
madoubt.com 956892.xyz heyzo-3605 / madoubt.com 956892.xyz heyzo-3605.mp4,1
Manhattan.Murder.Mystery.1993.1080p.BluRay.x265-RARBG / Manhattan.Murder.Mystery.1993.1080p.BluRay.x265-RARBG.mp4,0
238 / video.mp4,1
[SubsPlease] Solo Leveling - 22 (480p) [880C3D79].mkv / [SubsPlease] Solo Leveling - 22 (480p) [880C3D79].mkv,1
Futurama.S12E03.1080p.HEVC.x265-MeGusta[TGx] / Futurama.S12E03.1080p.HEVC.x265-MeGusta.mkv,0
"Lilian Stone - [IHW] Sep 11, 2020_1080.mp4 / Lilian Stone - [IHW] Sep 11, 2020_1080.mp4",1
Háblame.2022.1080P-Dual-Lat / Háblame.2022.1080P-Dual-Lat.mp4,0
The.Last.of.Us.S01.FRENCH.2160p.WEB.H265-FW / The.Last.of.Us.S01E01.REPACK.FRENCH.2160p.WEB.H265-FW/The.Last.of.Us.S01E01.REPACK.FRENCH.2160p.WEB.H265-FW.mkv,0
温柔婉儿全程露脸一个人在家发骚诱惑狼友，揉奶抠逼从黑丝到肉丝不停抠穴，浪叫不止淫水多多把床单都打湿了 / 温柔婉儿全程露脸一个人在家发骚诱惑狼友，揉奶抠逼从黑丝到肉丝不停抠穴，浪叫不止淫水多多把床单都打湿了.mp4,1
MIDV-980ch / MIDV-980ch.mp4,1
The Green Mile.(1999)[Ukr.AAC_5.1.Eng]BDRip.x264[Hurtom]by_Tyrik.mkv / The Green Mile.(1999)[Ukr.AAC_5.1.Eng]BDRip.x264[Hurtom]by_Tyrik.mkv,0
"DOCTORS ADVENTURES -Adriana Chechik The Great Doctor Part One 1.13.2014 - NEW JANUARY 13th, 2015 SD MP4.mp4 / DOCTORS ADVENTURES -Adriana Chechik The Great Doctor Part One 1.13.2014 - NEW JANUARY 13th, 2015 SD MP4.mp4",0
madoubt.com 692523.xyz APAK-311 / madoubt.com 692523.xyz APAK-311.mp4,1
madoubt.com 895632.xyz fc2ppv-4754052 / madoubt.com 895632.xyz fc2ppv-4754052.mp4,1
[168x.me]mxgs-1066 / mxgs-1066.mp4,1
Naughtyamericavr-Brooklyn.Chase.1700p.(low).mp4 / Naughtyamericavr-Brooklyn.Chase.1700p.(low).mp4,1
From.S02E08.720p.AMZN.WEB-DL.DDP5.1.H.264-NTb / From.S02E08.Forest.for.the.Trees.720p.AMZN.WEB-DL.DDP5.1.H.264-NTb.mkv,0
LaNovice.16.05.12.Celine.De.Bethune.FRENCH.XXX.1080p.MP4-KTR / pdmln.16.05.12.celine.de.bethune.fr.mp4,1
Tropic.Thunder.2008.FS.CTC.576p-SOFCJ.mkv / Tropic.Thunder.2008.FS.CTC.576p-SOFCJ.mkv,1
Anilos.23.12.22.Snow.Princess.Retro.Beauty.XXX.480p.MP4-XXX[XC] / anilos.23.12.22.snow.princess.retro.beauty.480p.mp4,1
赵总寻花 极品艳丽美女 / 赵总寻花 极品艳丽美女.mp4,1
OnlyFans.Tiffany.Leiddi.Anal.Sex.Tape.On.Couch.anal.milf.bigass.bigtits.hardcore.FULL.HD.https.strmup.to.v.JeqZkOr8s0ipB.mp4 / OnlyFans.Tiffany.Leiddi.Anal.Sex.Tape.On.Couch.anal.milf.bigass.bigtits.hardcore.FULL.HD.https.strmup.to.v.JeqZkOr8s0ipB.mp4,1
PPPE-097 / hhd800.com@PPPE-097.mp4,1
madoubt.com 653559.xyz IPZZ-354 / madoubt.com 653559.xyz IPZZ-354.mp4,1
Triangle.of.Sadness.2022.BDRip.1080p.pk.mkv / Triangle.of.Sadness.2022.BDRip.1080p.pk.mkv,0
[Judas] Fushigi no Umi no Nadia (Season 1) [BD 1080p][HEVC x265 10bit][Dual-Audio][Eng-Subs] / [Judas] Fushigi no Umi no Nadia - S01E01.mkv,0
30如狼的饥渴美少妇和男同事宾馆开房激情啪啪中途还来了个骚扰电话 / 30如狼的饥渴美少妇和男同事宾馆开房激情啪啪中途还来了个骚扰电话.mp4,1
性感淫纹身上贴！粉嫩白虎女上骑乘！黑丝美腿过膝袜！ / 性感淫纹身上贴！粉嫩白虎女上骑乘！黑丝美腿过膝袜！.mp4,1
Cute Little Buggers m1080p www.DESCARGASMIX.com.mkv / Cute Little Buggers m1080p www.DESCARGASMIX.com.mkv,0
[SubsPlease] Arknights - Enshin Shomei - 23 (1080p) [BB6F94AD].mkv / [SubsPlease] Arknights - Enshin Shomei - 23 (1080p) [BB6F94AD].mkv,0
Veronica Leal - Squirting Secretary (21.06.2019).mp4 / Veronica Leal - Squirting Secretary (21.06.2019).mp4,1
MIDA-040.[4K]@RUNBKK / 169bbs.com@MIDA-040_[4K].mkv,1
极品清纯少女【雯雯的吻】被大鸡巴爸爸无套爆炒，玲珑小脚黑丝足交，紧致爽滑小蜜穴被大肉棒操到合不拢！ / 极品清纯少女【雯雯的吻】被大鸡巴爸爸无套爆炒，玲珑小脚黑丝足交，紧致爽滑小蜜穴被大肉棒操到合不拢！.mp4,1
33.ssni208 / ssni208.mp4,1
madoubt.com 225529.xyz HIKR-227 / madoubt.com 225529.xyz HIKR-227.mp4,1
www.Torrenting.com - The Rookie 2018 S05E10 1080p HULU WEB-DL H265 SDR DDP 5 1 English-HONE / The Rookie 2018 S05E10 1080p HULU WEB-DL H265 SDR DDP 5 1 English-HONE.mkv,0
Vsegda.zovite.Dolli.2020.WEB-DLRip.MKV.fenixclub.com / Vsegda.zovite.Dolli.2.mkv,0
ipzz-063 / ipzz-063.mp4,1
Shemale - Shemales Fucked and Cum Compilation Volume 3 (Transsexuals).mp4 / Shemale - Shemales Fucked and Cum Compilation Volume 3 (Transsexuals).mp4,0
HHKL-030.mp4 / HHKL-030.mp4,1
骚货女和男人自拍干逼视频，吸屌露脸淫荡骚气 / 骚货女和男人自拍干逼视频，吸屌露脸淫荡骚气.mp4,1
SCPX-497 / hhd800.com@SCPX-497.mp4,1
BlackBerry (2023) iTA-ENG.WEBDL.1080p.x264-Dr4gon MIRCrew.mkv / BlackBerry (2023) iTA-ENG.WEBDL.1080p.x264-Dr4gon MIRCrew.mkv,0
www.UIndex.org    -    The.Twisted.Tale.of.Amanda.Knox.S01E01.1080p.HEVC.x265-MeGusta / The.Twisted.Tale.of.Amanda.Knox.S01E01.1080p.HEVC.x265-MeGusta.mkv,0
madoubt.com 368528.xyz fc2ppv-3275005 / madoubt.com 368528.xyz fc2ppv-3275005.mp4,1
Shirley Bassey -You Ain't Heard Nothing Yet (1985) / Shirley Bassey -You Ain't Heard Nothing Yet (1985 HTV).mp4,1
The.Etruscan.Smile.2018.720p.BluRay.x264-GETiT[EtHD] / the.etruscan.smile.2018.720p.bluray.x264-getit[EtHD].mkv,0
The.Master.and.Margarita.2024.iNTERNAL.2160p.UHD.BluRay.x265-SURCODE / The.Master.and.Margarita.2024.iNTERNAL.2160p.UHD.BluRay.x265-SURCODE.mkv,0
妖狐最新资源 国内调教视频 / 妖狐最新资源 国内调教视频.mp4,1
JUL-859 / JUL-859.mp4,1
MassageRooms.19.04.17.Cherry.Kiss.And.Lovita.Fate.XXX.1080p.MP4-KTR[rarbg] / mrs.19.04.17.cherry.kiss.and.lovita.fate.mp4,1
Rectify - Temporada 3 [HDTV 720p][Cap.304][AC3 5.1 Español Castellano] / Rect304720p [www.newpct1.com].mkv,0
Mad.Men.S05.1080p.BluRay.x265-RARBG / Mad.Men.S05E01E02.1080p.BluRay.x265-RARBG.mp4,0
韩国网红抖M母狗「dexnxgx」OF日常调教私拍 长发少女沉迷于鞭打边啪操边打的屁股通红 / 韩国网红抖M母狗「dexnxgx」OF日常调教私拍 长发少女沉迷于鞭打边啪操边打的屁股通红.mp4,1
Dungeons Dragons Honor Among Thieves (2023) [720p] [BluRay] [YTS.MX] / Dungeons.Dragons.Honor.Among.Thieves.2023.720p.BluRay.x264.AAC-[YTS.MX].mp4,0
Uglies.2024.DUB.WEB-DLRip-AVC.ExKinoRay.mkv / Uglies.2024.DUB.WEB-DLRip-AVC.ExKinoRay.mkv,0
1.HAPPY.FAMILY.USA.S01E05.480p.x264-mSD[EZTVx.to].mkv / 1.HAPPY.FAMILY.USA.S01E05.480p.x264-mSD[EZTVx.to].mkv,0
S1m0ne (2002) [1080p] [WEBRip] [5.1] [YTS.MX] / S1m0ne.2002.1080p.WEBRip.x264.AAC5.1-[YTS.MX].mp4,0
Clips4Sale.2023.Princess.Ellie.Idol.Your.Best.Friends.Mom.XXX.720p.HEVC.x265.PRT[XvX] / Clips4Sale.2023.Princess.Ellie.Idol.Your.Best.Friends.Mom.XXX.720p.HEVC.x265.PRT.mkv,1
"TeensLikeItBig - Aimee Black (Anal Business Plan) NEW December 14, 2013.mp4 / TeensLikeItBig - Aimee Black (Anal Business Plan) NEW December 14, 2013.mp4",1
女神！！我还以为是杨幂下海了~【菲杉】，实在太像，奶子是真极品，粉红小穴，直接秒射，强烈推荐！ / 女神！！我还以为是杨幂下海了~【菲杉】，实在太像，奶子是真极品，粉红小穴，直接秒射，强烈推荐！.mp4,1
[98t.tv]493NAEN-106 / 493NAEN-106.mp4,1
Psycho-Pass - First Inspector [1080p x265] / Psycho-Pass - First Inspector - 01 [1080p x265 10bit].mkv,0
Gallerymagazine.13.07.15.Justine.Jolie.XXX.MP4-TBP[rarbg] / tbp-gm.130715.justinejolie.mp4,1
madoubt.com 886598.xyz GVH-760 / madoubt.com 886598.xyz GVH-760.mp4,1
Missing.Link.2019.1080p.BluRay.Rus.Eng.TeamHD-potroks.mkv / Missing.Link.2019.1080p.BluRay.Rus.Eng.TeamHD-potroks.mkv,0
Apocalypto.1080p.rus.LostFilm.mkv / Apocalypto.1080p.rus.LostFilm.mkv,0
[AniStar.org] Clevatess Majuu no Ou to Akago to Shikabane no Yuusha [TV-1] - 10 [1080p].mkv / [AniStar.org] Clevatess Majuu no Ou to Akago to Shikabane no Yuusha [TV-1] - 10 [1080p].mkv,0
www.UIndex.org    -    Secrets Of The Curry Kitchen S01E05 720p WEB H264-JFF / Secrets Of The Curry Kitchen S01E05 720p WEB H264-JFF.mkv,0
TeenMarvel Freya (HD 720p) 4 pack / TeenMarvel Freya - Lakeside.mp4,1
Three.Thousand.Years.of.Longing.2022.720p.WEBRip.800MB.x264-GalaxyRG[TGx] / Three.Thousand.Years.of.Longing.2022.720p.WEBRip.800MB.x264-GalaxyRG.mkv,0
Official Secrets (2019) BDRip (1920x804) HEVC.mkv / Official Secrets (2019) BDRip (1920x804) HEVC.mkv,0
fsdss-712 / fsdss-712.mp4,1
122415-053 / 122415-053-carib-1080p.mp4,0
NHKスペシャル 東京リボーン 第2集「巨大地下迷宮」.mp4 / NHKスペシャル 東京リボーン 第2集「巨大地下迷宮」.mp4,1
Condor.S01E10.WEBRip.x264-PBS[ettv] / Condor.S01E10.WEBRip.x264-PBS[ettv].mkv,0
[BoxTruckSex] Olivia Jager (08.10.2016) rq.mp4 / [BoxTruckSex] Olivia Jager (08.10.2016) rq.mp4,1
Daisy.Pheonix.Brunette.POV.mp4 / Daisy.Pheonix.Brunette.POV.mp4,1
BlacksOnBlondes - And Big Black Cock Mandingo - Jessie Wylde [720p].mp4 / BlacksOnBlondes - And Big Black Cock Mandingo - Jessie Wylde [720p].mp4,0
madoubt.com 839553.xyz heyzo-3458 / madoubt.com 839553.xyz heyzo-3458.mp4,1
【月下貂蝉】前所未有的完美身材，馒头逼，从脸到胸再到逼，没有哪一处不让人心动的，赶紧撸起来 / 【月下貂蝉】前所未有的完美身材，馒头逼，从脸到胸再到逼，没有哪一处不让人心动的，赶紧撸起来.mp4,1
HandsOnHardcore.20.07.09.Cherry.Kiss.Afternoon.Ass.Fucking..480p.MP4-XXX / hoh.20.07.09.cherry.kiss.afternoon.ass.fucking.mp4,1
MILF Private Fantasies (480p) / milf_private_fantasies_480.mp4,1
DASS-449 / DASS-449.mp4,1
ppas-005.mp4 / ppas-005.mp4,1
PervNana.24.07.18.Krystal.Davis.I.Heard.You.Need.A.Boyfriend.XXX.1080p.MP4-WRB[XvX] / pervnana.24.07.18.krystal.davis.i.heard.you.need.a.boyfriend.mp4,1
madoubt.com 925686.xyz heyzo-3490 / madoubt.com 925686.xyz heyzo-3490.mp4,1
Komisaras Reksas S02E07 LTPROF 480p.mp4 / Komisaras Reksas S02E07 LTPROF 480p.mp4,0
BLACKED_KENNEDY-KRESSLER_1080P.mp4 / BLACKED_KENNEDY-KRESSLER_1080P.mp4,1
[SubsPlease] Takopii no Genzai - 02 (1080p) [C84AB672].mkv / [SubsPlease] Takopii no Genzai - 02 (1080p) [C84AB672].mkv,0
u15x-KIDM-580B.mp4 / www.youiv.pw-KIDM-580B.mp4,1
The Possession of Michael King (2014) / The.Possession.of.Michael.King.2014.720p.BluRay.x264.YIFY.mp4,0
The Croods A New Age (2020) 2160p HDR 5.1 x265 10bit Phun Psyz.mkv / The Croods A New Age (2020) 2160p HDR 5.1 x265 10bit Phun Psyz.mkv,0
Wanted.Man.2024.1080p.BluRay.x265.AC3.DUAL-SiSO / Wanted.Man.2024.1080p.BluRay.x265.AC3.DUAL-SiSO.mkv,0
BadMilfs.25.07.20.Kimmy.Kimm.And.Payton.Preslee.XXX.1080p.MP4-WRB[XC] / badmilfs.25.07.20.kimmy.kimm.and.payton.preslee.mp4,1
Ame to Kimi to [WEB-DL 1080p] / Ame to Kimi to - 03 [1080p CR WEB-DL AVC AAC].mkv,0
Apachen.1973.1080p.BDRip.AV1-DiN / Apachen.1973.1080p.BDRip.AV1-DiN.mkv,0
Bell Bottom (2021) Hindi 1080p HDCAM x264 AAC 1.6GB [HDWebMovies].mkv / Bell Bottom (2021) Hindi 1080p HDCAM x264 AAC 1.6GB [HDWebMovies].mkv,0
SEAL.Team.S05E09.1080p.WEB.H264-CAKES[rarbg] / seal.team.s05e09.1080p.web.h264-cakes.mkv,0
MikesApartment - Ariadna - Body Heat.mp4 / MikesApartment - Ariadna - Body Heat.mp4,1
madoubt.com 228995.xyz YUJ-043 / madoubt.com 228995.xyz YUJ-043.mp4,1
Ghost.in.the.Shell.2017.720p.BluRay.x265.HEVC.AC3-WAR / wgintshell.mkv,0
Sweet18.18.12.17.Amirah.Adara..480p.MP4-XXX / sweet18.18.12.17.amirah.adara.mp4,1
www.1TamilMV.si - Kudumbasthan (2025) HQ HDRip - x264 - (AAC 2.0) [Tel + Hin + Mal + Kan] - 900MB - ESub.mkv / www.1TamilMV.si - Kudumbasthan (2025) HQ HDRip - x264 - (AAC 2.0) [Tel + Hin + Mal + Kan] - 900MB - ESub.mkv,0
Polnochnoe-solnce-2018.Lic.BDRip720p_KinoGadget.mp4 / Polnochnoe-solnce-2018.Lic.BDRip720p_KinoGadget.mp4,1
五星推荐，顶级颜值，白富美女神【lovechuu】下海沦为财阀肉便器，真正穷人女神，富人母狗 / 五星推荐，顶级颜值，白富美女神【lovechuu】下海沦为财阀肉便器，真正穷人女神，富人母狗.mp4,1
Lolitas Slaves 14 (Concorde) / Lolitas Slaves 14 (Concorde).mkv,1
Detained.2024.720p.AMZN.WEBRip.800MB.x264-GalaxyRG[TGx] / Detained.2024.720p.AMZN.WEBRip.800MB.x264-GalaxyRG.mkv,0
Babylon A.D. (2008) 1080p H265 ita eng AC3 5.1 sub ita NUita-Licdom.mkv / Babylon A.D. (2008) 1080p H265 ita eng AC3 5.1 sub ita NUita-Licdom.mkv,0
madoubt.com 526525.xyz fc2ppv-1223576 / madoubt.com 526525.xyz fc2ppv-1223576.mp4,1
Цыпочка (The Hot Chick) (2002 WEB-DL).mkv / Цыпочка (The Hot Chick) (2002 WEB-DL).mkv,0
red.right.hand.2024.1080p.bluray.x264-justwatch.mkv / red.right.hand.2024.1080p.bluray.x264-justwatch.mkv,0
[JAV] [Uncensored] SDDE-370 [720p] / SDDE-370_Uncen.mp4,1
Poker.Face.S02.1080p.PCOK.WEB-DL.H.264 / Poker.Face.S02E01.1080p.PCOK.WEB-DL.H.264.RGzsRutracker.mkv,0
Wicked.24.05.10.Zazie.Skymm.Passion.Canvas.XXX.720p.HD.WEBRip.x264-TGxXX[XvX] / Wicked.24.05.10.Zazie.Skymm.Passion.Canvas.XXX.720p.HD.WEBRip.x264-TGxXX.mkv,1
madoubt.com 266368.xyz REBD-964 / madoubt.com 266368.xyz REBD-964.mp4,1
一念永恒.A.Will.Eternal.S03.2024.2160p.WEB-DL.AAC.H265-HDSWEB / 一念永恒.A.Will.Eternal.S03E53.2024.2160p.WEB-DL.AAC.H265-HDSWEB.mkv,0
20-22 (2024) WEBRip [H.265].mikos.mkv / 20-22 (2024) WEBRip [H.265].mikos.mkv,0
Das Gespenst von Canterville (2005) DVDRip- AVC.mkv / Das Gespenst von Canterville (2005) DVDRip- AVC.mkv,0
Christmas.Bloody.Christmas.2022.UHDRip.2160p.Hevc.HDR.DTS+AC3.ITA.ENG.SUB.LFi.mkv / Christmas.Bloody.Christmas.2022.UHDRip.2160p.Hevc.HDR.DTS+AC3.ITA.ENG.SUB.LFi.mkv,0
Beforeigners  - Temporada 2 [HDTV 720p][Cap.202][AC3 5.1 Castellano][atomisHQ.ONE] / Beforeigners  - Temporada 2 [HDTV 720p][Cap.201][AC3 5.1 Castellano][atomisHQ.ONE].mkv,0
btnets.net_AMBI-183C.mp4 / btnets.net_AMBI-183C.mp4,1
[KORSARS]_Ore.dake.Level.Up.na.Ken.S01.WEBRip.1080p.StudioBand / [KORSARS]_Ore.dake.Level.Up.na.Ken.S01E02.WEBRip.1080p.StudioBand.mkv,0
Carol Penelope & Leticia Menezes - Threesome Fun (14.10.2016)_406p.mp4 / Carol Penelope & Leticia Menezes - Threesome Fun (14.10.2016)_406p.mp4,1
BKD-208-U / BKD-208-U.mp4,1
madoubt.com 326932.xyz caribbeancom-110622_001 / madoubt.com 326932.xyz caribbeancom-110622_001.mp4,1
CzechStreets.E136.Around.The.World.With.A.Busty.Bitch.XXX.1080p.HEVC.x265.PRT[XvX] / CzechStreets.E136.Around.The.World.With.A.Busty.Bitch.XXX.1080p.HEVC.x265.PRT.mkv,1
Killergram - Lets Make A Deal - Lou Lou [720p].mp4 / Killergram - Lets Make A Deal - Lou Lou [720p].mp4,0
Veronika.nechochet.umirat.(2016).SATRjp.(AVC).Files-x / 04.Veronika.nechochet.umirat.(2016).SATRip.(AVC).by.Серый1779.Files-x.mkv,1
Windstorm.The.Great.Hurricane.2021.720p.BluRay.800MB.x264-GalaxyRG[TGx] / Windstorm.The.Great.Hurricane.2021.720p.BluRay.800MB.x264-GalaxyRG.mkv,0
www.Torrenting.org - I Think You Should Leave With Tim Robinson S01E03 720P WEB X26 / i.think.you.should.leave.with.tim.robinson.s01e03.720p.web.x264-wayne.mkv,0
Cat's Eye (1985) / Cats.Eye.1985.720p.BluRay.x264.YIFY.mp4,0
APAK-185.mp4 / APAK-185.mp4,1
Bisexual Britni / video/Britni Cocktails 3 HQ.mp4,1
The.Rookie.S02E02.HDTV.x264-KILLERS / The.Rookie.S02E02.HDTV.x264-KILLERS.mkv,0
madoubt.com 562358.xyz 1pondo-122824_001 / madoubt.com 562358.xyz 1pondo-122824_001.mp4,1
SurrealEstate.S03E06.1080p.rus.LostFilm.TV.mkv / SurrealEstate.S03E06.1080p.rus.LostFilm.TV.mkv,0
The.Irrational.S02E18.The.Exchange.1080p.HEVC.x265-MeGusta[EZTVx.to].mkv / The.Irrational.S02E18.The.Exchange.1080p.HEVC.x265-MeGusta[EZTVx.to].mkv,0
MyFriendsHotMom.22.08.19.Sara.Jay.XXX.480p.MP4-XXX / myfriendshotmom.22.08.19.sara.jay.mp4,1
极品颜值情侣私拍泄密流出，小骚货越看越带劲，看起来挺文静床上骚出水，一插进来秒变小荡妇 / 极品颜值情侣私拍泄密流出，小骚货越看越带劲，看起来挺文静床上骚出水，一插进来秒变小荡妇.mp4,1
ipx113A / ipx113A.mp4,1
推荐！极品御姐~滴滴女司机~【微微落幕】勾搭乘客~啪啪~网约车艳遇，骚货床上浪荡至极，刺激 / 推荐！极品御姐~滴滴女司机~【微微落幕】勾搭乘客~啪啪~网约车艳遇，骚货床上浪荡至极，刺激.mp4,1
madoubt.com 935998.xyz fc2ppv-4721682 / madoubt.com 935998.xyz fc2ppv-4721682.mp4,1
www.SceneTime.com - The UnXplained S02E09 720p HEVC x265-MeGusta / The.UnXplained.S02E09.720p.HEVC.x265-MeGusta.mkv,0
Chu2.[RAW].[UNCEN].[HD] / Chu2.[RAW].[UNCEN].[HD].mp4,1
BlacksOnBlondes - Summer Chase / BlacksOnBlondes - Summer Chase.mp4,1
www.UIndex.org    -    Kidnapped By A Killer The Heather Robinson Story (2025) 1080p BluRay-LAMA / Kidnapped.By.A.Killer.The.Heather.Robinson.Story.2025.1080p.BluRay.x264.AAC-LAMA.mp4,0
miaobo@sis001@2025最新精彩合集第0328期，强烈推荐 / 2025最新精彩合集第0328期，强烈推荐/RBD-259_奴隷_堕_人妻4_小川_美.mp4,1
2011 / Coronation Street 2011-07-14~/Coronation Street 14th July 2011 - HD 720p.mp4,0
SYK-002 / SYK-002-A.mp4,1
HotAndMean.24.02.13.Paige.Owens.And.Armani.Black.The.Bang.Bracelets.Part.1.XXX.720p.MP4-XXX[XC] / hotandmean.24.02.13.paige.owens.and.armani.black.the.bang.bracelets.part.1.720p.mp4,1
Santa.Clarita.Diet.S03.COMPLETE.WEB.x264-STRiFE[TGx] / santa.clarita.diet.s03e10.web.x264-strife.mkv,0
极品尤物美少女！双马尾死库水！和男友厨房操逼，性感吊带丝袜，吸奶扣穴，扶着灶台抽插，再到卫生间操 / 极品尤物美少女！双马尾死库水！和男友厨房操逼，性感吊带丝袜，吸奶扣穴，扶着灶台抽插，再到卫生间操.mp4,1
Brazzers - Cory Chase - The Boss Likes It Rough (16.11.2024) rq.mp4 / Brazzers - Cory Chase - The Boss Likes It Rough (16.11.2024) rq.mp4,0
Greys.Anatomy.S21E16.Papa.Was.a.Rollin.Stone.1080p.HEVC.x265-MeGusta[EZTVx.to].mkv / Greys.Anatomy.S21E16.Papa.Was.a.Rollin.Stone.1080p.HEVC.x265-MeGusta[EZTVx.to].mkv,0
madoubt.com 369395.xyz caribbeancom-051318_665 / madoubt.com 369395.xyz caribbeancom-051318_665.mp4,1
The.Walking.Dead.Daryl.Dixon.S02E03.720p.WEB.x265-MiNX[TGx] / The.Walking.Dead.Daryl.Dixon.S02E03.720p.WEB.x265-MiNX.mkv,0
【纱姬舞团】水润嫩妹『6号姬』4期 动感裸舞骚气肥逼跪骑坐脸极具临场感 / 【纱姬舞团】水润嫩妹『6号姬』4期 动感裸舞骚气肥逼跪骑坐脸极具临场感.mp4,1
CockyBoys - Pounded Raw (2022) [1080p].mp4 / CockyBoys - Pounded Raw (2022) [1080p].mp4,0
[JAV] [Uncensored] HEYZO 1843 [1080p] / heyzo_hd_1843_full.mp4,1
漂亮大奶淫妻 还没硬 你给力一点 射就射呗 戴套就行 摸着老公的鸡吧 被单男亲嘴亲奶 / 漂亮大奶淫妻 还没硬 你给力一点 射就射呗 戴套就行 摸着老公的鸡吧 被单男亲嘴亲奶.mp4,1
The Good Earth (1937) [1080p] [WEBRip] [YTS.MX] / The.Good.Earth.1937.1080p.WEBRip.x264.AAC-[YTS.MX].mp4,0
For Life or Death (1996) RiffTrax 480p.10bit.WEBRip.x265-budgetbits.mkv / For Life or Death (1996) RiffTrax 480p.10bit.WEBRip.x265-budgetbits.mkv,0
Tom.Clancy's.Jack.Ryan.SEASON.02.S02.COMPLETE.1080p.10bit.WEBRip.6CH.x265.HEVC-PSA / Tom.Clancy's.Jack.Ryan.S02E01.Cargo.1080p.10bit.WEBRip.6CH.x265.HEVC-PSA.mkv,0
Driven.to.the.Edge.2020.1080p-dual-lat / Driven.to.the.Edge.2020.1080p-dual-lat.mkv,0
DELTARUNE / chapter3_windows/vid/tennaIntroF1_compressed_28.mp4,1
GroupSexGames.16.08.26.Flavia.And.Misty.Mild.Blackjack.On.The.Water.XXX.1080p.MP4-KTR[rarbg] / gsg.16.08.26.flavia.and.misty.mild.blackjack.on.the.water.mp4,1
CzechDeviant.20.05.25.Cindy.Shine.CZECH..480p.MP4-XXX / czechdeviant.20.05.25.cindy.shine.cz.mp4,1
madoubt.com 629895.xyz heyzo-3374 / madoubt.com 629895.xyz heyzo-3374.mp4,1
fc2-ppv-3083223-HD / fc2-ppv-3083223-nyap2p.com.mp4,1
Chicago Fire [HDTV 720p][Cap.1122] / Chicago Fire [HDTV 720p][Cap.1122](wolfmax4k.com).mkv,0
madoubt.com 389569.xyz heyzo-1983 / madoubt.com 389569.xyz heyzo-1983.mp4,1
Bob.Hearts.Abishola.S01E05.HDTV.x264-KILLERS[eztv].mkv / Bob.Hearts.Abishola.S01E05.HDTV.x264-KILLERS[eztv].mkv,0
AllAnalAllTheTime.24.04.25.Cristi.Ann.And.Chastity.Lynn.Blondes.Who.Love.Anal.XXX.1080p.MP4-GAPFiLL[XC] / allanalallthetime.24.04.25.cristi.ann.and.chastity.lynn.blondes.who.love.anal.mp4,1
JUL-968 / hhd800.com@JUL-968.mp4,1
Waterworld.1995.Ulysses.Cut.DVDRip.x264.By.Harper / Waterworld.1995.Ulysses.Cut.DVDRip.x264.By.Harper.mkv,0
S.W.A.T.2017.S08E03.LIFE.720p.HEVC.x265-MeGusta[EZTVx.to].mkv / S.W.A.T.2017.S08E03.LIFE.720p.HEVC.x265-MeGusta[EZTVx.to].mkv,0
La fille coupée en deux (2007).mkv / La fille coupée en deux (2007).mkv,1
【重磅推荐】收藏记录猥琐男玩弄十位高颜值美女，各种摆弄玩逼啪啪应有尽有 / 【重磅推荐】收藏记录猥琐男玩弄十位高颜值美女，各种摆弄玩逼啪啪应有尽有.mp4,1
Unwelcome (2022) [Bluray 720p][Esp](wolfmax4k.com) / Unwelcome (2022) [Bluray 720p][Esp](wolfmax4k.com).mkv,0
上善若水@www.sexinsex.net@【BrazzersExxtra】系列七部高清合集 / BrazzersExxtra.17.04.05.Nicolette.Shea.Dont.Bring.Your.Sister.Around.Me.XXX.1080p.MP4-KTR[rarbg]/bex.17.04.05.nicolette.shea.dont.bring.your.sister.around.me.mp4,1
WankItNow.21.11.19.Luna.Eclipse.Before.I.Go.Out.XXX.720p.WEB.x264-GalaXXXy[XvX] / WankItNow.21.11.19.Luna.Eclipse.Before.I.Go.Out.XXX.720p.WEB.x264-GalaXXXy.mkv,1
The Apothecary Diaries S02E18 VOSTFR 720p WEB x264 AAC -Tsundere-Raws (CR).mkv / The Apothecary Diaries S02E18 VOSTFR 720p WEB x264 AAC -Tsundere-Raws (CR).mkv,0
Chhichhore (2019) [1080p] [BluRay] [5.1] [YTS.MX] / Chhichhore.2019.1080p.BluRay.x264.AAC5.1-[YTS.MX].mp4,0
"28.04.2025_WEBDL_Yurievij_Trilogy - Pussy Collection Vol. 1,2,3 (Zero Tolerance Films) 2025 WEB-DL 720p / 720p_Pussy Collection Vol. 1.mp4",0
看似乖巧小姐姐却骚的很自慰大秀，撩下内衣露白皙奶子，玻璃棒摩擦使劲猛捅，翘起屁股后入，大黑牛搞得高潮出水 / guochan2048.com -看似乖巧小姐姐却骚的很自慰大秀，撩下内衣露白皙奶子，玻璃棒摩擦使劲猛捅，翘起屁股后入，大黑牛搞得高潮出水.mp4,1
madoubt.com 283886.xyz SDMM-172 / madoubt.com 283886.xyz SDMM-172.mp4,1
8899xx.xyz_SSIS-462C.mp4 / 8899xx.xyz_SSIS-462C.mp4,1
FC2-PPV-4421136 / hhd800.com@FC2-PPV-4421136.mp4,1
Kleio Valentien.mp4 / Kleio Valentien.mp4,1
Formula.1.2025x76.Round.14.HungarianGP.Race.F1.Live.720p.SS / Formula.1.2025x76.Round.14.HungarianGP.Race.F1.Live.720p.SS.mkv,0
GroupSexGames.16.06.03.Aiden.Aspen.Diana.Prince.And.Charity.Fucking.Spoons.Game.XXX.1080p.MP4-KTR[rarbg] / gsg.16.06.03.aiden.aspen.diana.prince.and.charity.fucking.spoons.game.mp4,1
Sergij.protiv.nechisti.2021.WEB-DL.720p.mkv / Sergij.protiv.nechisti.2021.WEB-DL.720p.mkv,0
Digimon Adventure tri Movies / [Cleo]Digimon_Adventure_tri_3_Kokuhaku_(Dual Audio_10bit_BD1080p_x265).mkv,0
"Aaliyah Love, Natalia Queen - Watching My Daughter Go Black (31.03.19).mp4 / Aaliyah Love, Natalia Queen - Watching My Daughter Go Black (31.03.19).mp4",1
[Judas] Working!! (Seasons 1-3) [BD 1080p][HEVC x265 10bit][Eng-Subs] / [Judas] Working!! S3/[Judas] Working!! - S03E14.mkv,0
PenthouseGold.21.10.11.Lacy.Lennon.Hot.Redhead.Takes.On.BBC.1080p.HEVC.HQ / PenthouseGold.21.10.11.Lacy.Lennon.Hot.Redhead.Takes.On.BBC.mp4,0
madoubt.com 839553.xyz 1pondo-010125_001 / madoubt.com 839553.xyz 1pondo-010125_001.mp4,1
SCPX-514 / SCPX-514.mp4,1
18Lust.23.06.07.Yessi.Debut.XXX.480p.MP4-XXX[XC] / 18lust.23.06.07.yessi.debut.480p.mp4,1
大神和亲姑姑乱伦 ️趁着姑姑睡着扒光她的衣服直接插了进去 / 大神和亲姑姑乱伦 ️趁着姑姑睡着扒光她的衣服直接插了进去.mp4,1
MXGS-1208 / MXGS-1208.mp4,1
[FILM] Stranger (TV Asahi).2016 / [ZOLOTO] Bakemono ga Jiken wo Abaku.2016.mp4,1
LegalPorno - Maya B - NF104 - 061521.mp4 / LegalPorno - Maya B - NF104 - 061521.mp4,1
Kiki Klout - Step-Mom Wanted All Anal Creampie (23.03.2023)_1080p.mp4 / Kiki Klout - Step-Mom Wanted All Anal Creampie (23.03.2023)_1080p.mp4,1
playing.gracie.darling.s01e06.1080p.web.h264-nhtfs[EZTVx.to].mkv / playing.gracie.darling.s01e06.1080p.web.h264-nhtfs[EZTVx.to].mkv,0
Dexter.Resurrection.S01E02.1080p.WEB.H264.[NapisyPL]-successfulcrab / Dexter.Resurrection.S01E02.1080p.WEB.H264.[NapisyPL]-successfulcrab.mkv,0
SDJS-321 / SDJS-321.mp4,1
Young.and.Hungry.S01E07.Young.and.Secret.1080p.WEB-DL.DD5.1.H.264-NTb[rarbg] / Young.and.Hungry.S01E07.Young.and.Secret.1080p.WEB-DL.DD5.1.H.264-NTb.mkv,0
BrattySis.25.03.07.Della.Cate.Stepsisters.Kissing.Booth.XXX.1080p.MP4-WRB[XC] / brattysis.25.03.07.della.cate.stepsisters.kissing.booth.mp4,1
[DDFBvsty] Chessie Kay (Hardcore Office Intermezzo - Delivery Guy Bangs Busty Babe - 14.04.16) rq (540p).mp4 / [DDFBvsty] Chessie Kay (Hardcore Office Intermezzo - Delivery Guy Bangs Busty Babe - 14.04.16) rq (540p).mp4,1
smb_alice_liv_lc012019_1080p_12000.mp4 / smb_alice_liv_lc012019_1080p_12000.mp4,1
[www.domp4.cc]单身男女.2011.BD1080p.国粤双语中字.mp4 / [www.domp4.cc]单身男女.2011.BD1080p.国粤双语中字.mp4,1
sqte-270 / sqte-270.mp4,1
Азизе / 18.Азизе.2019.WEBRip.1080p.RG.Russkie.serialy.mkv,0
Borat.2006.BD-Remux.(1080p).Agentx.mkv / Borat.2006.BD-Remux.(1080p).Agentx.mkv,0
Banditskij.Peterburg.S05.Oper.2003.DVDRip-AVC.H264.AC3.-Zarraza.mkv / Banditskij.Peterburg.S05.E03.Oper.2003.DVDRip-AVC.H264.AC3.-Zarraza.mkv,0
Deadlier Than the Male (1967) / Deadlier Than the Male (1967) BRRip Oldies.mp4,0
The.Walking.Dead.Dead.City.S02E03.720p.rus.LostFilm.TV.mp4 / The.Walking.Dead.Dead.City.S02E03.720p.rus.LostFilm.TV.mp4,0
️【超极品泄密】广州许璐等30位美女露脸图影泄密 / ️【超极品泄密】广州许璐等30位美女露脸图影泄密.mp4,1
MyDirtyMaid.22.08.11.Misha.Maver.XXX.SD.MP4-KLEENEX / MyDirtyMaid.22.08.11.Misha.Maver.XXX.SD.MP4-KLEENEX.mp4,1
BrazzersExxtra.25.08.18.Elly.Clutch.Co-Anchors.With.Benefits.XXX.720p.MP4-XXX[XC] / brazzersexxtra.25.08.18.elly.clutch.co.anchors.with.benefits.720p.mp4,1
madoubt.com 956586.xyz fc2ppv-4520338 / madoubt.com 956586.xyz fc2ppv-4520338.mp4,1
[apreder]MM_Pitaako_mun_kaikki_hoitta(2012)DVB.mkv / [apreder]MM_Pitaako_mun_kaikki_hoitta(2012)DVB.mkv,1
Renascer S01E057 2024 WEB-DL 1080p x264 NACIONAL 5.1 / Renascer S01E057 2024 WEB-DL 1080p x264 NACIONAL 5.1.mkv,0
1944.2015.720p.mkv / 1944.2015.720p.mkv,0
Reprise [2021] / cover.mp4,1
The Slaughter Rule (2002) [720p] [WEBRip] [YTS.MX] / The.Slaughter.Rule.2002.720p.WEBRip.x264.AAC-[YTS.MX].mp4,0
madoubt.com 858652.xyz 10musume-021524_01 / madoubt.com 858652.xyz 10musume-021524_01.mp4,1
约炮大神『水硕宇』约炮众多中日韩顶级高学历妹子 身材气质天花板级 极品尤物 / 约炮大神『水硕宇』约炮众多中日韩顶级高学历妹子 身材气质天花板级 极品尤物.mp4,1
SW-306.mp4 / SW-306.mp4,1
Viv Rounova / Videos/Ssperm Hungry.mp4,1
SSNI-863 / SSNI-863.mp4,1
madoubt.com 255935.xyz heyzo-3242 / madoubt.com 255935.xyz heyzo-3242.mp4,1
Jojo Hunt Cums In Her Own Mouth! (06 Mar 2020)1080p.mp4 / Jojo Hunt Cums In Her Own Mouth! (06 Mar 2020)1080p.mp4,0
black.butler.s05e12.1080p.web.h264-kawaii[EZTVx.to].mkv / black.butler.s05e12.1080p.web.h264-kawaii[EZTVx.to].mkv,0
Exterminio.La.evolucion.2025.DVDRip-Lat / Exterminio.La.evolucion.2025.DVDRip-Lat.mp4,1
ABP-741 絶対的.mp4 / ABP-741 絶対的.mp4,1
Angel Gostosa - Welcome Home (19.08.2025)_1080p.mp4 / Angel Gostosa - Welcome Home (19.08.2025)_1080p.mp4,1
虎牙熊猫TV红牌大胸主播美娜酱baby下海21小时大合集VIP会员收藏福利 / 虎牙熊猫TV红牌大胸主播美娜酱baby下海21小时大合集VIP会员收藏福利.mp4,1
Scorpion (2014) Season 2 / Scorpion S02E06 - Tech Drugs and Rock n Roll.mkv,0
Ashley Red - Desperate Housewives Crave Fresh Cock 9 (08.09.2022)_480p.mp4 / Ashley Red - Desperate Housewives Crave Fresh Cock 9 (08.09.2022)_480p.mp4,1
mtall-084ch / mtall-084ch.mp4,1
FootsieBabes.19.02.17.Rossella.Visconti.The.MILF.And.Her.Young.Foot.Lover..480p.MP4-XXX / footsiebabes.19.02.17.rossella.visconti.the.milf.and.her.young.foot.lover.mp4,1
SONE-363.mp4 / SONE-363.mp4,1
madoubt.com 396982.xyz heyzo-3569 / madoubt.com 396982.xyz heyzo-3569.mp4,1
Heimwerker.Fruehstueck.3.GERMAN.XXX.DVDRip.x264-EGP / egp-heimwerker.mp4,1
El Brutalista (The Brutalist) (2024) [4k 2160p][Esp].mkv / El Brutalista (The Brutalist) (2024) [4k 2160p][Esp].mkv,0
of 2024-06-22 Demi Hawks & Girthmasterr.mp4 / of 2024-06-22 Demi Hawks & Girthmasterr.mp4,0
Spirited.2022.1080p.WEB.H264-NAISU[rarbg] / spirited.2022.1080p.web.h264-naisu.mkv,0
Juror.2.2024.MVO.WEB-DLRip.x264.seleZen.mkv / Juror.2.2024.MVO.WEB-DLRip.x264.seleZen.mkv,0
madoubt.com 235352.xyz caribbeancom-050818_660 / madoubt.com 235352.xyz caribbeancom-050818_660.mp4,1
【性瘾美少女 ️无性不欢】极品援交少女『黄芮芮』最强付费订阅 疯狂群交乱操 前裹后操 多少大屌都能搞定 高清720P原版 / 【性瘾美少女 ️无性不欢】极品援交少女『黄芮芮』最强付费订阅 疯狂群交乱操 前裹后操 多少大屌都能搞定 高清720P原版.mp4,1
GASS-041 / hhd800.com@GASS-041.mp4,1
Australian.Survivor.S13E06.1080p...mp4 / Australian.Survivor.S13E06.1080p...mp4,1
Expedition.Unknown.S06E00.Global.Game.Show-The.Life.of.Jesus.iNTERNAL.480p.x264-mSD[eztv].mkv / Expedition.Unknown.S06E00.Global.Game.Show-The.Life.of.Jesus.iNTERNAL.480p.x264-mSD[eztv].mkv,0
OMAMA-035B 夢の競演 美少女たちのエッチな楽園 vol.4 / toyouiv.com_OMAMA-035B.mp4,1
Kimler.Geldi.Kimler.Gecti.s01.HD1080p.WEBRip.Rus.RuDub.tv / Kimler.Geldi.Kimler.Geсti.s01e08.HD1080p.WEBRip.Rus.RuDub.tv.mkv,0
madoubt.com 266529.xyz pacopacomama-080624_100 / madoubt.com 266529.xyz pacopacomama-080624_100.mp4,1
TLS015MP4 / TLS015F.mp4,1
Private.23.09.13.Stacy.Cruz.Wants.A.Facial.Cumshot.XXX.720p.HD.WEBRip.x264-TGxXX[XvX] / Private.23.09.13.Stacy.Cruz.Wants.A.Facial.Cumshot.XXX.720p.HD.WEBRip.x264-TGxXX.mkv,1
Kaijuu 8 Gou TV-2 [WEB-DL 1080p] / Kaijuu 8 Gou TV-2 - 01 [1080p CR WEB-DL AVC AAC].mkv,0
Kenzie Green - Blondes Have More Fun.mp4 / Kenzie Green - Blondes Have More Fun.mp4,1
Euphoria.US.S02E08.WEBRip.x264-ION10 / Euphoria.US.S02E08.WEBRip.x264-ION10.mp4,0
91夯先生014-之出差连续操94年176细腰翘臀长腿大学生完整版 / 91夯先生014-之出差连续操94年176细腰翘臀长腿大学生完整版.mp4,1
手技大师 扣的老婆高潮不断 无毛美穴汁水泛滥 白皙丰臀肉感十足 爆爽后入 菊花美穴齐开发 / 手技大师 扣的老婆高潮不断 无毛美穴汁水泛滥 白皙丰臀肉感十足 爆爽后入 菊花美穴齐开发.mp4,1
071610 / 071610.mp4,1
A.Man.In.Full.S01.2024.2160p.WEB-DL.HDR.DV.P8.DDP5.1.Rus.Eng / A.Man.In.Full.S01E04.2024.2160p.WEB-DL.HDR.DV.P8.DDP5.1.Rus.Eng.mkv,0
Chantelle Stevens / Videos/MILF Jugs 2.mp4,1
hhd800.com@FC2-PPV-4483816.mp4 / hhd800.com@FC2-PPV-4483816.mp4,1
Victoria June - Getting Steamy With Victoria (25.04.2019)_720p.mp4 / Victoria June - Getting Steamy With Victoria (25.04.2019)_720p.mp4,0
校花下海！超漂亮超可爱~【蕾姆】揉穴自慰！超过瘾~ / 校花下海！超漂亮超可爱~【蕾姆】揉穴自慰！超过瘾~.mp4,1
ipzz-353 / ipzz-353.mp4,1
madoubt.com 852968.xyz fc2ppv-4744026 / madoubt.com 852968.xyz fc2ppv-4744026.mp4,1
Amaranthe - Archangel.mp4 / Amaranthe - Archangel.mp4,1
My.Brilliant.Friend.S04E09.VOSTFR.WEBRip.x264.mp4 / My.Brilliant.Friend.S04E09.VOSTFR.WEBRip.x264.mp4,0
DRPT-030-U / DRPT-030-U.mp4,1
Duster.S01E01.720p.x264.mp4 / Duster.S01E01.720p.x264.mp4,0
PBS.Frontline.2010.Flying.Cheap.720p.HDTV.x264.AAC.MVGroup.org.mp4 / PBS.Frontline.2010.Flying.Cheap.720p.HDTV.x264.AAC.MVGroup.org.mp4,0
Czech.Casting-Milena.7136-DonBass / Czech.Casting-Milena.7136-DonBass.mp4,1
"FilthyFemdom - Bella Wilde - The Wildes - The Conclusion_December 18, 2020_1080p.mp4 / FilthyFemdom - Bella Wilde - The Wildes - The Conclusion_December 18, 2020_1080p.mp4",0
madoubt.com 369262.xyz fc2ppv-2524664 / madoubt.com 369262.xyz fc2ppv-2524664.mp4,1
Caroline - Schoolgirl Fucking 540.mp4 / Caroline - Schoolgirl Fucking 540.mp4,1
[DeadFish] Scryed Alteration II: Quan - Movie [BD][720p][AAC].mp4 / [DeadFish] Scryed Alteration II: Quan - Movie [BD][720p][AAC].mp4,0
The.Bermuda.Triangle.Into.Cursed.Waters.S01E05.480p.x264-mSD[eztv.re].mkv / The.Bermuda.Triangle.Into.Cursed.Waters.S01E05.480p.x264-mSD[eztv.re].mkv,0
Joymii.15.11.24.Mila.Blaze.Look.At.Me.XXX.1080p.MP4-KTR[rarbg] / joymii.15.11.24.mila.blaze.look.at.me.mp4,1
泰国推特40万粉丝极品网红模特「mueylix」OF露脸大尺度性爱私拍 骚女腰身灵活 / 泰国推特40万粉丝极品网红模特「mueylix」OF露脸大尺度性爱私拍 骚女腰身灵活.mp4,1
Ballerina 2025 1080p AMZN WEB-DL DDP5 1 Atmos H 264-BYNDR / Ballerina 2025 1080p AMZN WEB-DL DDP5 1 Atmos H 264-BYNDR.mkv,0
Spizoo.24.08.14.Isabella.Nice.Is.A.Slut.For.Her.Jacked.Bodyguard.XXX.1080p.HEVC.x265.PRT[XvX] / Spizoo.24.08.14.Isabella.Nice.Is.A.Slut.For.Her.Jacked.Bodyguard.XXX.1080p.HEVC.x265.PRT.mkv,1
madoubt.com 252832.xyz JUNY-083 / madoubt.com 252832.xyz JUNY-083.mp4,1
The.Comeback.Trail.2020.WEBRip.x264-ION10 / The.Comeback.Trail.2020.WEBRip.x264-ION10.mp4,0
madoubt.com 923993.xyz BBTU-085 / madoubt.com 923993.xyz BBTU-085.mp4,1
The.Terminal.List.S01E02.480p.x264-mSD[eztv.re].mkv / The.Terminal.List.S01E02.480p.x264-mSD[eztv.re].mkv,0
极品露脸骚婊人妻调教 NTR绿帽大神『吊大的一批』分享娇妻，主动张开黑丝M腿，满嘴淫语呻吟不断 骚的一批 / 极品露脸骚婊人妻调教 NTR绿帽大神『吊大的一批』分享娇妻，主动张开黑丝M腿，满嘴淫语呻吟不断 骚的一批.mp4,1
黑丝高跟露脸有纹身的大姐姐酒店伺候大哥激情啪啪，温柔的舔弄大鸡巴让大哥揉奶玩逼，激情上位后入爆草好骚 / 黑丝高跟露脸有纹身的大姐姐酒店伺候大哥激情啪啪，温柔的舔弄大鸡巴让大哥揉奶玩逼，激情上位后入爆草好骚.mp4,1
新女神降临！令人窒息~【空姐非非】，看美女尿尿，这是憋了多久，直接喷出，惊鸿一现露脸，大美女啊 / 新女神降临！令人窒息~【空姐非非】，看美女尿尿，这是憋了多久，直接喷出，惊鸿一现露脸，大美女啊.mp4,1
Paris.Has.Fallen.S01E02.WEB.x264-TORRENTGALAXY[TGx] / Paris.Has.Fallen.S01E02.WEB.x264-TORRENTGALAXY.mkv,0
madoubt.com 696586.xyz fc2ppv-4699681 / madoubt.com 696586.xyz fc2ppv-4699681.mp4,1
Bogatyri.2010.h264.BDRip.720p.mkv / Bogatyri.2010.h264.BDRip.720p.mkv,0
madoubt.com 283929.xyz 1pondo-071925_001 / madoubt.com 283929.xyz 1pondo-071925_001.mp4,1
madoubt.com 632889.xyz heyzo-2004 / madoubt.com 632889.xyz heyzo-2004.mp4,1
Invasion.2021.S02E07.Down.the.Rabbit.Hole.720p.ATVP.WEB-DL.DDP5.1.H.264-NTb / Invasion.2021.S02E07.Down.the.Rabbit.Hole.720p.ATVP.WEB-DL.DDP5.1.H.264-NTb.mkv,0
Guimi.Zhi.Zhu.S01 / Guimi.Zhi.Zhu.S01E04.2025.1080p.WEB-DL.AAC2.0.x264-tG1R0.mkv,0
La Batalla De Montecassino (2024) [Bluray 1080p][Esp] / La Batalla De Montecassino (2024) [Bluray 720p][Esp].mkv,0
the lion king 3 720p hebrew dubbed.mkv / the lion king 3 720p hebrew dubbed.mkv,0
重磅！正宗童颜女神~【京鱼鱼】极品美乳~跳蛋自慰~爽~ / 重磅！正宗童颜女神~【京鱼鱼】极品美乳~跳蛋自慰~爽~.mp4,1
madoubt.com 989862.xyz fc2ppv-4706424 / madoubt.com 989862.xyz fc2ppv-4706424.mp4,1
Transformers Super God Masterforce (1988) Japan G1 DVD Remux (glm8892) / Transformers Super God Masterforce Disc 01 EP01-08 (glm8892).mkv,1
[Erai-raws] Haite Kudasai Takamine-san - 11 [1080p CR WEBRip HEVC AAC][MultiSub][3A098DED].mkv / [Erai-raws] Haite Kudasai Takamine-san - 11 [1080p CR WEBRip HEVC AAC][MultiSub][3A098DED].mkv,0
Wicked.20.06.26.Jessica.Drake.Bad.Girl..480p.MP4-XXX / wicked.20.06.26.jessica.drake.bad.girl.mp4,1
极品白虎小学妹【瑶奈】门槛+金主合集，表面清纯的JK学妹放 学后其实是个渴望被大鸡巴灌满骚穴的反差婊小母狗 / 极品白虎小学妹【瑶奈】门槛+金主合集，表面清纯的JK学妹放 学后其实是个渴望被大鸡巴灌满骚穴的反差婊小母狗.mp4,1
Me and You 342.mp4 / Me and You 342.mp4,0
American.Horror.Stories.S02E05.WEB.x264-TORRENTGALAXY[TGx] / American.Horror.Stories.S02E05.WEB.x264-TORRENTGALAXY.mkv,0
Stuart.Little.1.&.2.720p.BluRay.DUAL.x264-Japhson / Stuart.Little.1999.720p.BluRay.DUAL.x264-Japhson/japhson-stuartlittle-dual-720p.mkv,0
Tsukimichi -Moonlit Fantasy- S02E06 VOSTFR 1080p WEB x264 AAC -Tsundere-Raws (CR).mkv / Tsukimichi -Moonlit Fantasy- S02E06 VOSTFR 1080p WEB x264 AAC -Tsundere-Raws (CR).mkv,0
Tsuyokute New Saga [1080] / [SubsPlease] Tsuyokute New Saga - 07 (1080p) [384420CD].mkv,0
越南骚浪反差妹「Miuzxc」动漫展coser被带回家干炮，没想到超骚超反差，巨耐操被干出阿黑颜 / 越南骚浪反差妹「Miuzxc」动漫展coser被带回家干炮，没想到超骚超反差，巨耐操被干出阿黑颜.mp4,1
www.Torrenting.com - Werewolves.2024.1080p.WEBRip.DDP5.1.x265.10bit-LAMA / Werewolves.2024.1080p.WEBRip.DDP5.1.x265.10bit-LAMA.mkv,0
SpongeBob SquarePants 15 1080p / SpongeBob SquarePants_S15E07_Wary Gary_Pinned.mkv,1
"[SubsPlease] Mikadono Sanshimai wa Angai, Choroi. - 04 (1080p) [4C17BCA6].mkv / [SubsPlease] Mikadono Sanshimai wa Angai, Choroi. - 04 (1080p) [4C17BCA6].mkv",0
madoubt.com 698325.xyz fc2ppv-4580149 / madoubt.com 698325.xyz fc2ppv-4580149.mp4,1
madoubt.com 925686.xyz fc2ppv-4750810 / madoubt.com 925686.xyz fc2ppv-4750810.mp4,1
강혜리 풀팩 / V20180410_225415000_95F81AE2-D9FE-4AA1-B6F4-A0EE0FC020ED.mp4,1
Abominable.2019.1080p.BDRip.CZ.DD.2.0.x264-RPG / Abominable.2019.1080p.BDRip.CZ.DD.2.0.x264-RPG.mkv,0
[Raze] Nukitashi The Animation - 04 (Uncensored) x265 10bit 1080p 143.8561fps.mkv / [Raze] Nukitashi The Animation - 04 (Uncensored) x265 10bit 1080p 143.8561fps.mkv,0
[Anistar.org] Isekai Mokushiroku Mynoghra Hametsu no Bunmei de Hajimeru Sekai Seifuku [TV-1] - 03 [1080p].mkv / [Anistar.org] Isekai Mokushiroku Mynoghra Hametsu no Bunmei de Hajimeru Sekai Seifuku [TV-1] - 03 [1080p].mkv,0
FC2-PPV-2452189 / hhd800.com@FC2-PPV-2452189.mp4,1
Lena Anderson & Olivia Madison - Insatiable Lena Devours Olivias Delectable Body_1080p.mp4 / Lena Anderson & Olivia Madison - Insatiable Lena Devours Olivias Delectable Body_1080p.mp4,0
This Gun For Hire (1942) [BluRay] [720p] [YTS.AM] / This.Gun.For.Hire.1942.720p.BluRay.x264-[YTS.AM].mp4,0
MyPervyFamily - Lily Starfire - WTF You Fucked My Mom (03.10.2024) rq.mp4 / MyPervyFamily - Lily Starfire - WTF You Fucked My Mom (03.10.2024) rq.mp4,1
Enid. Women We Loved Season.mkv / Enid. Women We Loved Season.mkv,0
Jersey.Shore.Family.Vacation.S08E13.720p.HEVC.x265-MeGusta[EZTVx.to].mkv / Jersey.Shore.Family.Vacation.S08E13.720p.HEVC.x265-MeGusta[EZTVx.to].mkv,0
"MixWithTheMasters.Inside.The.Track.55 / 1. Deliverables, template, clipping, gain staging, hybrid setup, converters, analog vs. digital.mp4",1
UMD-714.mp4 / UMD-714.mp4,1
老婆姨姐闺蜜女探花偷拍客户服务，连体网袜按摩乳推，撸硬上位骑乘套弄，张开双腿一下下撞击 / 老婆姨姐闺蜜女探花偷拍客户服务，连体网袜按摩乳推，撸硬上位骑乘套弄，张开双腿一下下撞击.mp4,1
Rough18-Lara and Sem / Rough18-Lara and Sem.mp4,0
炮船钢板· 贡献老婆的美丽骚逼，内射外射，各种丝袜穿着诱惑，日常小性爱记录 / 炮船钢板· 贡献老婆的美丽骚逼，内射外射，各种丝袜穿着诱惑，日常小性爱记录.mp4,1
I_SS4_1080_2023.mp4 / I_SS4_1080_2023.mp4,1
High Strung (2016) [YTS.AG] / High.Strung.2016.720p.BluRay.x264-[YTS.AG].mp4,0
MyFriendsHotMom - Justine Jakobs (06.09.2024) rq.mp4 / MyFriendsHotMom - Justine Jakobs (06.09.2024) rq.mp4,1
MXX-26-mp4 / MXX-26.mp4,1
TeenFidelity.E403.Melody.Marks.XXX.1080p.HEVC.x265.PRT[XvX] / TeenFidelity.E403.Melody.Marks.XXX.1080p.HEVC.x265.PRT.mkv,1
Desiree  - Black Ambush.720x400.mp4 / Desiree  - Black Ambush.720x400.mp4,1
Wolf.Like.Me.S02.1080p / Wolf.Like.Me.S02E01.1080p.mkv,1
784MDMU-001 / hhd800.com@784MDMU-001.mp4,1
[ Torrent911.cc ] Star.Wars.Andor.S01E05.FRENCH.WEBRip.H264-EXTREME.mkv / [ Torrent911.cc ] Star.Wars.Andor.S01E05.FRENCH.WEBRip.H264-EXTREME.mkv,0
madoubt.com 526525.xyz REBD-915 / madoubt.com 526525.xyz REBD-915.mp4,1
SexArt.17.08.18.Katana.And.Melody.Dreaming.XXX.1080p.MP4-KTR[N1C] / sexart.17.08.18.katana.and.melody.dreaming[N1C].mp4,1
Dead.Boy.Detectives.S01E06.1080p.rus.LostFilm.TV.mkv / Dead.Boy.Detectives.S01E06.1080p.rus.LostFilm.TV.mkv,0
Restaurant.Impossible.S16E05.New.Roles.New.Results.WEBRip.x264-CAFFEiNE[eztv].mkv / Restaurant.Impossible.S16E05.New.Roles.New.Results.WEBRip.x264-CAFFEiNE[eztv].mkv,0
www.SceneTime.com   -    Building The Ultimate 2020 S01E04 480p x264-mSD / Building.The.Ultimate.2020.S01E04.480p.x264-mSD.mkv,0
dpmi019.mp4 / dpmi019.mp4,1
The.Rule.of.Jenny.Pen.2024.1080p.AMZN.WEB-DLRip.ExKinoRay.mkv / The.Rule.of.Jenny.Pen.2024.1080p.AMZN.WEB-DLRip.ExKinoRay.mkv,0
Alina Belle - Alinas Underwater Fuck  - 050420.mp4 / Alina Belle - Alinas Underwater Fuck  - 050420.mp4,1
It's.Kind.of.a.Funny.Story.2010.BluRay.1080p.DTS.Rus.Eng.HDCLUB.mkv / It's.Kind.of.a.Funny.Story.2010.BluRay.1080p.DTS.Rus.Eng.HDCLUB.mkv,0
www.youiv.pw 原创  MIST-1005 Akiyama Yuzuki 秋山ゆずき ゆずゆず HD / www.youiv.pw_MIST-1005.mp4,1
[WZF]To_Love-Ru_-_Capitulo_13[HD][X264-AAC][784x576][Sub_Esp]-DarkpinceJC.mp4 / [WZF]To_Love-Ru_-_Capitulo_13[HD][X264-AAC][784x576][Sub_Esp]-DarkpinceJC.mp4,0
madoubt.com 259528.xyz 10musume-042925_01 / madoubt.com 259528.xyz 10musume-042925_01.mp4,1
[Ironclad] Saihate no Paladin - S02 [1080p.AV1] / [Ironclad] Saihate no Paladin - S02E02 [1080p.AV1].mkv,0
www.SceneTime.com - Barrio Boy (2022) 720p WEBRip-LAMA / Barrio.Boy.2022.720p.WEBRip.x264.AAC-LAMA.mp4,0
NetGirl.com 18.09.05 Aria.mp4 / NetGirl.com 18.09.05 Aria.mp4,1
C0930-ki211007 / C0930-ki211007.mp4,1
madoubt.com 559232.xyz caribbeancom-082125_001 / madoubt.com 559232.xyz caribbeancom-082125_001.mp4,1
LZDM-064.mp4 / LZDM-064.mp4,1
The Hunger Games. Catching Fire (2013) [IMAX] BDRip-AVC [UKR] [Hurtom].mkv / The Hunger Games. Catching Fire (2013) [IMAX] BDRip-AVC [UKR] [Hurtom].mkv,0
Amateurs - Czech Wife Swap 10 - Part 3.960x540.mp4 / Amateurs - Czech Wife Swap 10 - Part 3.960x540.mp4,1
[ Torrent911.gy ] Speak.No.Evil.2024.Multi.Vfq.720P.WEBRIP.mkv / [ Torrent911.gy ] Speak.No.Evil.2024.Multi.Vfq.720P.WEBRIP.mkv,0
Elle.Marz.Black.Brunette.Hardcore.mp4 / Elle.Marz.Black.Brunette.Hardcore.mp4,1
字母圈调教大神【Actor444】露脸母狗各种虐阴虐菊啪啪，花样多手法奇特 / 字母圈调教大神【Actor444】露脸母狗各种虐阴虐菊啪啪，花样多手法奇特.mp4,1
Hellfjord.720p.S01.ViruseProject / Hellfjord.720p.S01E06.ViruseProject.mkv,1
042117_003-caribpr-1080p / [psk.la]042117_003-caribpr-1080p.mp4,0
050317_521 / 050317_521-1pon-1080p.mp4,1
Power Book III Raising Kanan S03 Complete 720p HEVC x265-BossZonke / Power.Book.III.Raising.Kanan.S03E02.720p.HEVC.x265-BossZonke.mkv,0
39507611 - Hot oiled up milf titfuck in a sports bra until big load of cum! Big tits!.mp4 / 39507611 - Hot oiled up milf titfuck in a sports bra until big load of cum! Big tits!.mp4,1
MEYD-147 まんチラ誘惑 同級生のママ 佐々木あき Uncensored 破解版 / MEYD-147 まんチラ誘惑 同級生のママ 佐々木あき Uncensored 破解版.mp4,1
PGD-526.mp4 / PGD-526.mp4,1
闻姐姐黑jio / 闻姐姐黑jio.mp4,1
The Day Of The Beast (1995) [BluRay] [1080p] [YTS.AM] / The.Day.Of.The.Beast.1995.1080p.BluRay.x264-[YTS.AM].mp4,0
R.O.D-Read or Die 2003 / [AB13]_R.O.D_-_Read_or_Die_-_OVA2_(BDRip_1440x1080_HEVC_Hi10P_FLAC).mkv,1
Maya Stone aka Kira Stone - Naked 18 Year Old Girl With Braces Showers Together And Fucks Her Adult Step Daddy! (26.03.2025)_1080p.mp4 / Maya Stone aka Kira Stone - Naked 18 Year Old Girl With Braces Showers Together And Fucks Her Adult Step Daddy! (26.03.2025)_1080p.mp4,0
madoubt.com 656622.xyz 1pondo-072122_001 / madoubt.com 656622.xyz 1pondo-072122_001.mp4,1
madoubt.com 966269.xyz fc2ppv-4689786 / madoubt.com 966269.xyz fc2ppv-4689786.mp4,1
madoubt.com 992589.xyz GTJ-095 / madoubt.com 992589.xyz GTJ-095.mp4,1
[ Torrent911.im ] The.Rookie.S07E02.FASTSUB.VOSTFR.WEBRip.x264.mp4 / [ Torrent911.im ] The.Rookie.S07E02.FASTSUB.VOSTFR.WEBRip.x264.mp4,0
Private.23.03.20.Angel.Rivas.And.Anal.Masseuse.XXX.1080p.HEVC.x265.PRT[XvX] / Private.23.03.20.Angel.Rivas.And.Anal.Masseuse.XXX.1080p.HEVC.x265.PRT.mkv,1
[GM-Team][国漫][凡人修仙传 星海飞驰][Fan Ren Xiu Xian Zhuan][2023][21][AVC][GB][1080P].mp4 / [GM-Team][国漫][凡人修仙传 星海飞驰][Fan Ren Xiu Xian Zhuan][2023][21][AVC][GB][1080P].mp4,0
A Masseuses Revenge / Harley Jade.mp4,1
Worlds.Most.Dangerous.Shark.2021.1080p.WEB-DL.Rus.Eng.[sub.eng]-BLUEBIRD.mkv / Worlds.Most.Dangerous.Shark.2021.1080p.WEB-DL.Rus.Eng.[sub.eng]-BLUEBIRD.mkv,0
[98t.tv]cawd-376 / [98t.tv]cawd-376.mp4,1
Falling Water (2016) Season 02 S02 (1080p AMZN WEB-DL x265 HEVC 10bit AAC 5.1 Qman) [UTR] / Falling.Water.S02E05.1080p.AMZN.WEB-DL.x265.10bit.AAC.5.1-Qman[UTR].mkv,0
F1.2025.720p-Dual-Lat / F1.2025.720p-Dual-Lat.mkv,0
Watch.Download.https.streamtape.com.v.PZQpvGzB7Ks01ea.https.bigwarp.io.3d92pm9tzmk0.https.lulustream.com.xl61tmqantnt.OnlyFans.Secret.Therapy.Lexy.Babe.Cute.Naturaltits.mp4 / Watch.Download.https.streamtape.com.v.PZQpvGzB7Ks01ea.https.bigwarp.io.3d92pm9tzmk0.https.lulustream.com.xl61tmqantnt.OnlyFans.Secret.Therapy.Lexy.Babe.Cute.Naturaltits.mp4,0
Win Win (2011) / Win.Win.2011.720p.BRrip.x264.YIFY.mp4,0
AuntJudys.23.01.31.JoJo.XXX.1080p.HEVC.x265.PRT / AuntJudys.23.01.31.JoJo.XXX.1080p.HEVC.x265.PRT.mp4,1
Henrys.Crime.2010.1080p.BluRay.H264.AAC-RARBG / Henrys.Crime.2010.1080p.BluRay.H264.AAC-RARBG.mp4,0
BBC.Stargazing.Live.2016.2of5.1080p.HDTV.x264.AAC.MVGroup.org.mkv / BBC.Stargazing.Live.2016.2of5.1080p.HDTV.x264.AAC.MVGroup.org.mkv,0
madoubt.com 898623.xyz fc2ppv-1106330 / madoubt.com 898623.xyz fc2ppv-1106330.mp4,1
cougar-orgy-1080p.mp4 / cougar-orgy-1080p.mp4,0
Karups.com Evicka Titie - Chubby Milf Wants Cock.mp4 / Karups.com Evicka Titie - Chubby Milf Wants Cock.mp4,1
madoubt.com 986628.xyz fc2ppv-4747897 / madoubt.com 986628.xyz fc2ppv-4747897.mp4,1
madoubt.com 989569.xyz caribbeancom-092522_001 / madoubt.com 989569.xyz caribbeancom-092522_001.mp4,1
SW-643-C / SW-643-C.mp4,1
getting-anal-quainted_1080p.mp4 / getting-anal-quainted_1080p.mp4,1
Bluey S03E33 - Granny Mobile / Bluey S03E33 - Granny Mobile.mp4,1
FC2-PPV-1110769 / FC2-PPV-1110769.mp4,1
SNIS-338_uncensored / hhd800.com@SNIS-338_uncensored.mp4,1
RTP-003.mp4 / RTP-003.mp4,1
纯情学生妹！大胸美少女！【呜崽酱】糟糕是心动的感觉，脱光那一刻要射了，好身材，难得 / 纯情学生妹！大胸美少女！【呜崽酱】糟糕是心动的感觉，脱光那一刻要射了，好身材，难得.mp4,1
Eva 4035 SD.mp4 / Eva 4035 SD.mp4,1
[Up to 21°C] 凡人修仙传 - 123 (B-Global Donghua 1920x1080 HEVC AAC MKV) [7FC4E1BE].mkv / [Up to 21°C] 凡人修仙传 - 123 (B-Global Donghua 1920x1080 HEVC AAC MKV) [7FC4E1BE].mkv,1
MyDirtyMaid.25.05.01.Nuria.Millan.XXX.720p.MP4-XXX[XC] / mydirtymaid.25.05.01.nuria.millan.720p.mp4,1
[SubsPlease] Dekisoko - 01 (1080p) [0DA57D28].mkv / [SubsPlease] Dekisoko - 01 (1080p) [0DA57D28].mkv,0
Fire At Sea (2016) [1080p] [BluRay] [5.1] [YTS.MX] / Fire.At.Sea.2016.1080p.BluRay.x264.AAC5.1-[YTS.MX].mp4,0
www.Torrentday.com - 40.000.Horsemen.1941.DVDRip.x264-PHOBOS / 40.000.Horsemen.1941.DVDRip.x264-PHOBOS.mkv,0
KTRA-200.mp4 / KTRA-200.mp4,1
erov-003 / erov-003.mp4,1
MrAnal.Petite.Blonde.With.Natural.Tits.Bailey.Blue / MrAnal.Petite.Blonde.With.Natural.Tits.Bailey.Blue.720p.mp4,1
2023-09-30-BunnyMiffy-性感高跟白丝吊袜护士给病人的治疗方案 / 2023-09-30-BunnyMiffy-性感高跟白丝吊袜护士给病人的治疗方案.mp4,1
Vyberi menya_2024_WEB-DL 1080p.mkv / Vyberi menya_2024_WEB-DL 1080p.mkv,0
Russell.Howard.Lubricant.S01E01.720p.WEB.h264-STOUT[TGx] / russell.howard.lubricant.s01e01.720p.web.h264-stout.mkv,0
Blade.Runner.2049.(2017).BDRip.1080p.MegaPeer.(qqss44).mkv / Blade.Runner.2049.(2017).BDRip.1080p.MegaPeer.(qqss44).mkv,0
地球ドラマチック・選「中国 パンダ保育園」.mp4 / 地球ドラマチック・選「中国 パンダ保育園」.mp4,1
SAO-A2p2 / SAO-A2p2 08.mkv,0
Introduction to AR with Unreal and Xcode for Developers / 5.4. Interactions/18.Final exploration on our device.mp4,0
Последнее королевство (сезон 2) The Last Kingdom (2017) HDTV 1080p - LostFilm / The.Last.Kingdom.S02E06.WEBRip1080p.Rus.Eng.DV.LostFilm.mkv,0
Fallout.S01E08.720p.rus.LostFilm.TV.mp4 / Fallout.S01E08.720p.rus.LostFilm.TV.mp4,0
Bulletproof.S02E03.AHDTV.x264-LiNKLE[eztv].mkv / Bulletproof.S02E03.AHDTV.x264-LiNKLE[eztv].mkv,0
madoubt.com 238883.xyz heyzo-1073 / madoubt.com 238883.xyz heyzo-1073.mp4,1
Deconstructing Harry (1997) 720p WEB-DL x264 650MB (Ganool)-XpoZ / Deconstructing Harry (1997).mkv,0
【破解摄像头】新娘婚纱多角度试衣间 惊现最美军嫂 / 【破解摄像头】新娘婚纱多角度试衣间 惊现最美军嫂.mp4,1
The.100.S03E12.WEB.x264-TORRENTGALAXY[TGx] / The.100.S03E12.WEB.x264-TORRENTGALAXY.mkv,0
The.Little.Mermaid.III.Ariels.Beginning.2008.STV.MULTI.1080p.Bluray.x264.mkv / The.Little.Mermaid.III.Ariels.Beginning.2008.STV.MULTI.1080p.Bluray.x264.mkv,0
Mobile Suit Gundam 0079 Movie III [BDRip 1440x1080 x264 Hi10P FLAC] / [Kagura] Mobile Suit Gundam the Movie III [BDRip 1440x1080 x264 Hi10P FLAC].mkv,0
Gordon.Ramsays.Secret.Service.S01E06.1080p.WEB.h264-EDITH[EZTVx.to].mkv / Gordon.Ramsays.Secret.Service.S01E06.1080p.WEB.h264-EDITH[EZTVx.to].mkv,0
LANewGirls - Lily Adams - Modeling Audition (04.10.19).mp4 / LANewGirls - Lily Adams - Modeling Audition (04.10.19).mp4,1
巴拉德S01 / 03.mp4,1
EVIS-334 / EVIS-334.mp4,1
Empathie S01E08 Ballerine 1080p AMZN WEB-DL DDP5 1 H 264-RAWR[EZTVx.to].mkv / Empathie S01E08 Ballerine 1080p AMZN WEB-DL DDP5 1 H 264-RAWR[EZTVx.to].mkv,0
MyFirstSexTeacher.22.05.27.Shay.Sights.XXX.1080p.HEVC.x265.PRT / MyFirstSexTeacher.22.05.27.Shay.Sights.XXX.1080p.HEVC.x265.PRT.mp4,1
GVG-565.mp4 / GVG-565.mp4,1
[bbs.yzkof.com]AKHO-056[约战竞技场] / [bbs.yzkof.com]AKHO-056[约战竞技场].mp4,1
MEYD-975CX / 3aoh.com@MEYD-975CX.mp4,1
"글래디에이터Ⅱ Gladiator II, 2024.1080p.KORSUB.WEBRip.H264.AAC / 글래디에이터Ⅱ Gladiator II, 2024.1080p.KORSUB.WEBRip.H264.AAC.mkv",0
DorcelClub.17.04.04.Candy.Love.Passionate.Sex.XXX.1080p.MP4-KTR / dorcelclub.17.04.04.candy.love.passionate.sex.mp4,1
Afterburn.2025.P.TS.1O8Op.mkv / Afterburn.2025.P.TS.1O8Op.mkv,0
Mywife-1508 No.916 .mp4 / Mywife-1508 No.916 .mp4,1
YUJ-042-UC / YUJ-042-UC.mp4,1
91pony哥 舞蹈学院大一小模特被SM女主不满17岁四肢被铐不停的挣扎求饶高潮1080P完整版 / 91pony哥 舞蹈学院大一小模特被SM女主不满17岁四肢被铐不停的挣扎求饶高潮1080P完整版.mp4,1
Pure.Sexual.Attraction.8.XXX.DVDRip.x264-HORNDOGS[rarbg] / horndogs-psa8.mp4,1
Vojna.2002.x264.DVDRip.(AVC).VANEKZP.mkv / Vojna.2002.x264.DVDRip.(AVC).VANEKZP.mkv,0
20250704_CWC_2025_QF_SEP_vs_CHE_[rgfootball.net]_1080p.50.mkv / 20250704_CWC_2025_QF_SEP_vs_CHE_[rgfootball.net]_1080p.50.mkv,0
Expedition.Unknown.Series.4.Origins.of.Stonehenge.720p.HDTV.x264.AAC.MVGroup.org.mp4 / Expedition.Unknown.Series.4.Origins.of.Stonehenge.720p.HDTV.x264.AAC.MVGroup.org.mp4,0
PRED-419-uncensored / PRED-419-uncensored.mp4,1
YasmimDornellesSet2_s01_YasmimDornelles_1080p.mp4 / YasmimDornellesSet2_s01_YasmimDornelles_1080p.mp4,1
Courtney Taylor 3 / courtneytayloranddom.mp4,0
SLR_SLR Originals_Sirena Milano_Your Girl Next Door_original_50345_FISHEYE190_alpha.mp4 / SLR_SLR Originals_Sirena Milano_Your Girl Next Door_original_50345_FISHEYE190_alpha.mp4,1
[SubsPlease] Shangri-La Frontier - 30 (720p) [0C32DE28].mkv / [SubsPlease] Shangri-La Frontier - 30 (720p) [0C32DE28].mkv,0
Gomorra.S05E07.1080p.ITALIAN.WEB.AC3x264-iYi / Gomorra.S05E07.1080p.ITALIAN.WEB.AC3x264-iYi.mkv,0
494SIKA-131 / 494SIKA-131.mp4,1
台湾大奶网黄【蒸包】，奶子挺拔，身材完美 / 台湾大奶网黄【蒸包】，奶子挺拔，身材完美.mp4,1
Lesbian Orgasms Cream Pie Climax.SA162 JAV.DvdRip.Uncensored.TrugR / Sky 271-Vol.162.mp4,1
JUY-246.mp4 / JUY-246.mp4,1
[ www.Cpasbien.pw ] Timbuktu.2014.FESTiVAL.FRENCH.BRRip.x264-AKATSUKi.mkv / [ www.Cpasbien.pw ] Timbuktu.2014.FESTiVAL.FRENCH.BRRip.x264-AKATSUKi.mkv,0
Chris Tarrant - Extreme Railways - Series 3 x265 / S03E01 - Ice Train to Nowhere.mkv,0
[ WebToolTip.com ] Udemy - React and AWS Amplify Build A Complete Serverless App W - CI - CD / ~Get Your Files Here !/32 - Creating a custom query using GraphQl in AppSync/64 - Creating a appsync custom query.mp4,0
JUL-877-C / JUL-877-C.mp4,1
[Rurōni] Jujutsu Kaisen 0 - The Movie (BD 1080p HEVC Opus) / [Rurōni] Jujutsu Kaisen 0 (BD 1080p HEVC Opus).mkv,0
MkvHub.Com - His & Hers 2024 English [ORG 5.1] 720p WEB-DL x264 6CH ESubs.mkv / MkvHub.Com - His & Hers 2024 English [ORG 5.1] 720p WEB-DL x264 6CH ESubs.mkv,0
Tamala 2010 - A Punk Cat in Space[MW][7D10066E].mkv / Tamala 2010 - A Punk Cat in Space[MW][7D10066E].mkv,1
Snake.Eyes.G.I.Joe.Origins.2021.2160p.AMZN.WEB-DL.x265.10bit.HDR10Plus.DDP5.1.Atmos-CM / Snake.Eyes.G.I.Joe.Origins.2021.2160p.AMZN.WEB-DL.DDP5.1.Atmos.HDR.HEVC-CM.mkv,0
madoubt.com 953239.xyz caribbeancom-032523_001 / madoubt.com 953239.xyz caribbeancom-032523_001.mp4,1
Please.C-um.Inside.Me.3.2001.mkv / Please.C-um.Inside.Me.3.2001.mkv,0
Kizetsu Yuusha to Ansatsu Hime [TV-1] [2025] [WEBRip] [1080p] [RUS + JAP] / Kizetsu Yuusha to Ansatsu Hime - 06 (WEBRip 1920x1080 x264 AAC Rus + Jap).mkv,0
【新片】两个长途司机嫖做兼职的眼镜老师 这个床被操完去那个床再操 / 【新片】两个长途司机嫖做兼职的眼镜老师 这个床被操完去那个床再操.mp4,1
Devil May Cry season 1 / DevilMayCry09.mkv,0
ZaraRionPregDL50.mp4 / ZaraRionPregDL50.mp4,1
[Anistar.org] Kanchigai no Atelier Meister [TV-1] - 11 [1080p].mkv / [Anistar.org] Kanchigai no Atelier Meister [TV-1] - 11 [1080p].mkv,0
MatureNL.25.01.28.Veri.Seducing.My.Hairy.Big.Clit.Stepmom.XXX.1080p.MP4-P2P[XC] / maturenl.25.01.28.veri.seducing.my.hairy.big.clit.stepmom.xxx.mp4,1
顶级高颜值性感女神【小恩】道具自慰~丝袜足交~花式狂干~过瘾 淫荡 / 顶级高颜值性感女神【小恩】道具自慰~丝袜足交~花式狂干~过瘾 淫荡.mp4,1
Anal.Interviews.[Evil.Angel.2015].XXX.WEB-DL.1080р.SPLIT.SCENES.[XC] / 29469_01_1080p.mp4,1
"FamiliesTied - Cherie DeVille, Holly Hendrix - Black Mailed - Step-Mother & Daughter Sexually Punished, July 23, 2023_480p.mp4 / FamiliesTied - Cherie DeVille, Holly Hendrix - Black Mailed - Step-Mother & Daughter Sexually Punished, July 23, 2023_480p.mp4",1
EBWH-233 / hhd800.com@EBWH-233.mp4,1
One.Hundred.Years.of.Solitude.S01E08.1080p.rus.LostFilm.TV.mkv / One.Hundred.Years.of.Solitude.S01E08.1080p.rus.LostFilm.TV.mkv,0
Yama no Susume - Next Summit [BD 1080p][x265][AAC] / Yama no Susume - Next Summit - 04 [BD 1080p][x265][AAC][BEE69128].mkv,0
[AniStar.org] Kidou Senshi Gundam GQuuuuuuX [TV-1] - 04 [720p].mkv / [AniStar.org] Kidou Senshi Gundam GQuuuuuuX [TV-1] - 04 [720p].mkv,0
Babygirl.2024.1080p.BDRip.AV1-DiN / Babygirl.2024.1080p.BDRip.AV1-DiN.mkv,0
Tenderness.2009.720p.BluRay.H264.AAC-RARBG / Tenderness.2009.720p.BluRay.H264.AAC-RARBG.mp4,0
【推特 我的枪好长啊】3P打桩踩头后入骚人妻 千元付费资源 / 【推特 我的枪好长啊】3P打桩踩头后入骚人妻 千元付费资源.mp4,1
IQQQ-35 / hhd800.com@IQQQ-35.mp4,1
神似杨幂！高颜值露脸台湾反差巨乳女神「波衣Boi」最新订阅，S型窈窕性感身材，联动知名男网黄 / 神似杨幂！高颜值露脸台湾反差巨乳女神「波衣Boi」最新订阅，S型窈窕性感身材，联动知名男网黄.mp4,1
"[Super Heroine League] The Dark Seduction #2 - Alex David, Stella Rae, Coco and Selene Drake [DC Comics] / [Super Heroine League] The Dark Seduction #2 - Alex David, Stella Rae, Coco and Selene Drake [DC Comics].mp4",0
New.Valentina.Nappi.Charlotte.Stokely.Beautiful.Blonde.Dominates.Submissive.29.07.2025.Hardcore.Artporn.Milf.Lesbian.Bigtits.ILUVY.mp4 / New.Valentina.Nappi.Charlotte.Stokely.Beautiful.Blonde.Dominates.Submissive.29.07.2025.Hardcore.Artporn.Milf.Lesbian.Bigtits.ILUVY.mp4,1
madoubt.com 398853.xyz pacopacomama-041225_100 / madoubt.com 398853.xyz pacopacomama-041225_100.mp4,1
Crazy.For.Cosplay.DigitalPlayground.576p / Crazy.For.Cosplay.Episode.3.Whitney.Wright.18.05.19.DigitalPlayground.576p.mkv,1
[Erai-raws] Ao no Exorcist - Yuki no Hate Hen - 02 [1080p][Multiple Subtitle][3B46CB5D].mkv / [Erai-raws] Ao no Exorcist - Yuki no Hate Hen - 02 [1080p][Multiple Subtitle][3B46CB5D].mkv,0
madoubt.com 898623.xyz REXD-558 / madoubt.com 898623.xyz REXD-558.mp4,1
687TIUYGT67 / Suspiria-Goth-Johnson-Swinton-Various-UHD-01_hd.mp4,1
Ariella Ferrera And Jynx Maze - You Want Us To Clean Your Dick HD 720p / cfnm_ariella_jynx_vl072513_720p_8000.mp4,0
SexMex - Bequii Alvarado - The Gift Of Desire (06.09.2025) rq.mp4 / SexMex - Bequii Alvarado - The Gift Of Desire (06.09.2025) rq.mp4,0
AllBlackX - Destiny Mira - A Date With Destiny (14.03.2025) rq.mp4 / AllBlackX - Destiny Mira - A Date With Destiny (14.03.2025) rq.mp4,1
HarmonyVision.Bibi.Noel.mp4.584p.2.january.2015 / HM.Bibi.Noel.mp4,1
There will be blood (2007)  BDRip 720p.mkv / There will be blood (2007)  BDRip 720p.mkv,0
【SEX8.CC】IENF-272 / 【SEX8.CC】IENF-272 可以清晰看到肛門皺紋的數量！無馬賽克連續高潮肛門展示自慰16 - 渚光希 - MissAV..mp4,1
Case Closed The Culprit Hanzawa 2023 S01 Complete Hindi Dual Audio www.downloadhub.us 480p Web-DL MSubs / Case.closed.the.culprit.hanzawa.s01e05.480p.NF.WEB-DL.MULTI.DDP2.0.x264-DownloadHub.mkv,0
ShadySpa.22.07.19.Callie.Black.XXX.SD.MP4-KLEENEX / ShadySpa.22.07.19.Callie.Black.XXX.SD.MP4-KLEENEX.mp4,1
Lootera [2013] Hindi Esub DvDRip -MP4- -AC3- 1080p [xRG] -=[ShareKing]=- / Lootera [2013] Hindi Esub 1080p [xRG] -=[ShareKing]=-.mp4,0
【高清影视之家发布 www.WHATMV.com】不忠可致命[中文字幕].Infidelity.Can.Be.Fatal.2023.1080p.WEB-DL.AAC.H264-ParkHD / 出轨杀机.Infidelity.Can.Be.Fatal.2023.1080p.WEB-DL.AAC.H264-ParkHD.mkv,1
Hot webcam lesbians use double dildo and squirt each other. Double penetration.mp4 / Hot webcam lesbians use double dildo and squirt each other. Double penetration.mp4,0
Dying.2024.BDRip.x264.HUN-FULCRUM / fulcrum-dying.2024.bdrip.mkv,0
[Anon]Kamen_Rider_Gavv / [Anon]Kamen_Rider_Gavv_17_HD720_h264[ADAE1167].mp4,1
Oppenheimer (2023) BDRip 1080p.mkv / Oppenheimer (2023) BDRip 1080p.mkv,0
[Erai-raws] Carole and Tuesday - 13 ~ 24 [720p][Multiple Subtitle] / [Erai-raws] Carole and Tuesday - 18 [720p][Multiple Subtitle].mkv,0
StepSiblingsCaught.24.07.01.Madison.Wilde.July.2024.Flavor.Of.The.Month.XXX.1080p.HEVC.x265.PRT[XvX] / StepSiblingsCaught.24.07.01.Madison.Wilde.July.2024.Flavor.Of.The.Month.XXX.1080p.HEVC.x265.PRT.mkv,1
madoubt.com 523933.xyz fc2ppv-3518061 / madoubt.com 523933.xyz fc2ppv-3518061.mp4,1
[GigaCourse.Com] Udemy - Microsoft Power BI Desktop for Business Intelligence / 5. Analyzing Data with DAX Calculations in Power BI/27. HOMEWORK SOLUTION Analyzing Data with DAX Calculations in Power BI.mp4,0
Nubiles.25.04.27.Maya.Lace.Pretty.Pink.XXX.1080p.MP4-WRB[XC] / nubiles.25.04.27.maya.lace.pretty.pink.mp4,1
madoubt.com 986628.xyz FERA-203 / madoubt.com 986628.xyz FERA-203.mp4,1
UpskirtJerk.21.01.18.Miah.S.Cum.Inside.Me.XXX.1080p.MP4-Narcos[XvX] / narcos-upskirtjerk-21-01-18-miah-s-cum-inside-me-1080p.mp4,1
Dragons Dawn of the Dragon Racers.2014.BDRip-AVC.mkv / Dragons Dawn of the Dragon Racers.2014.BDRip-AVC.mkv,0
Filthy Family - Armani Black & Selena Ivy / rh2048.com@Filthy Family - Armani Black & Selena Ivy.mp4,1
HQIS-071R / HQIS-071R.mp4,1
国产偷拍自拍】抄底_混血骚货吊带包臀裙性感豹纹丁字裤侧面露毛SR级高挑长裙高跟凉鞋美女爱拍照.mp4 / 国产偷拍自拍】抄底_混血骚货吊带包臀裙性感豹纹丁字裤侧面露毛SR级高挑长裙高跟凉鞋美女爱拍照.mp4,1
[DKB] Lazarus - S01E09 [1080p][HEVC x265 10bit][Dual-Audio][Multi-Subs].mkv / [DKB] Lazarus - S01E09 [1080p][HEVC x265 10bit][Dual-Audio][Multi-Subs].mkv,0
Beverly Hills Chihuahua 2 (2011) [YTS.AG] / Beverly.Hills.Chihuahua.2.2011.720p.BluRay.x264-[YTS.AG].mp4,0
PowerFetish.E44.Brittany.Bardot.Loves.Feet.In.Anal.XXX.1080p.HEVC.x265.PRT[XvX] / PowerFetish.E44.Brittany.Bardot.Loves.Feet.In.Anal.XXX.1080p.HEVC.x265.PRT.mkv,1
小さな旅「“くゎーどぅ宝”の海～鹿児島県　徳之島～」 20191102.mp4 / 小さな旅「“くゎーどぅ宝”の海～鹿児島県　徳之島～」 20191102.mp4,1
Butterfly.S01.1080p.AMZN.WEB-DL.4xRus.Eng.Subs-alekartem / Butterfly.S01E02.1080p.AMZN.WEB-DL.4xRus.Eng.Subs-alekartem.mkv,0
HuCows.25.01.11.Alice.Maze.Red.Cow.Milker.Songs.XXX.480p.MP4-XXX[XC] / hucows.25.01.11.alice.maze.red.cow.milker.songs.480p.mp4,1
madoubt.com 293826.xyz heyzo-3572 / madoubt.com 293826.xyz heyzo-3572.mp4,1
Farrah Abraham / Farrah Abraham/Full Scene.mp4,1
AnalVids.23.06.03.Lina.Shisuta.mp4 / AnalVids.23.06.03.Lina.Shisuta.mp4,1
[NanakoRaws] Uchuujin MuuMuu - 21 (AT-X 1920x1080 x265 AAC).mkv / [NanakoRaws] Uchuujin MuuMuu - 21 (AT-X 1920x1080 x265 AAC).mkv,0
The.Offering.2022.1080p.AMZN.WEBRip.1400MB.DD5.1.x264-GalaxyRG[TGx] / The.Offering.2022.1080p.AMZN.WEBRip.1400MB.DD5.1.x264-GalaxyRG.mkv,0
VivThomas.15.04.10.Alexis.Crystal.And.Uma.Sex.Message.3.Scene.2.Enlighten.XXX.1080p.H.265.mkv / VivThomas.15.04.10.Alexis.Crystal.And.Uma.Sex.Message.3.Scene.2.Enlighten.XXX.1080p.H.265.mkv,1
SexAndSubmission.22.06.23.Maya.Woulfe.and.Tommy.Pistol.XXX.480p.MP4-XXX / mistressss220623.mp4,1
Detektivnoe.agentstvo.Muhicha.S01.2022.WEBRip.1080p / Detektivnoe.agentstvo.Muhicha.S01.E01.2022.WEBRip.1080p.mkv,0
MommysGirl.22.01.08.Harley.Haze.And.Shay.Sights.1080p.mp4 / MommysGirl.22.01.08.Harley.Haze.And.Shay.Sights.1080p.mp4,0
madoubt.com 398853.xyz fc2ppv-1646108 / madoubt.com 398853.xyz fc2ppv-1646108.mp4,1
The.Irrational.S02E15.1080p.x265-ELiTE / The.Irrational.S02E15.1080p.x265-ELiTE.mkv,0
www.5MovieRulz.camp - Lucifer (2019) 1080p TRUE WEB-DL - HQ - AVC - [Tel + Tam + Tel] - (DD+5.1 - 640Kbps) - 9GB - ESub.mkv / www.5MovieRulz.camp - Lucifer (2019) 1080p TRUE WEB-DL - HQ - AVC - [Tel + Tam + Tel] - (DD+5.1 - 640Kbps) - 9GB - ESub.mkv,0
HD_KIR-056 / freedl.org@KIR-056.mp4,1
The Karate Kid - The Complete Collection (1984-2010) / 1984.The.Karate.Kid.1920x1040.BDRip.x264.DTS-HD.MA.mkv,0
madoubt.com 398528.xyz REXD-517 / madoubt.com 398528.xyz REXD-517.mp4,1
www.Torrenting.com   -    71 Fragments Of A Chronology Of Chance (1994) 1080p BluRa / 71.Fragments.Of.A.Chronology.Of.Chance.1994.1080p.BluRay.x264.AAC-WORLD.mp4,0
Bucket List_South America.mkv / Bucket List_South America.mkv,1
tf.16.09.02.leanna.lass.painted.lass.1080p.mp4 / tf.16.09.02.leanna.lass.painted.lass.1080p.mp4,1
茂名炮神-音乐系的女友 身材是真迷人，尤其穿上连体黑丝，忍不住狠狠无套干她 抽插生猛 淫叫萎靡！ 27V合集！ / 茂名炮神-音乐系的女友 身材是真迷人，尤其穿上连体黑丝，忍不住狠狠无套干她 抽插生猛 淫叫萎靡！ 27V合集！.mp4,1
A.Working.Man.2025.WEB-DLRip-AVC.ExKinoRay.mkv / A.Working.Man.2025.WEB-DLRip-AVC.ExKinoRay.mkv,0
Bia.Un.mundo.al.revés.2021.lati.mp4 / Bia.Un.mundo.al.revés.2021.lati.mp4,1
Foundation.S03E06.1080p.rus.LostFilm.TV.mkv / Foundation.S03E06.1080p.rus.LostFilm.TV.mkv,0
【财阀的儿子 ️魔王的虐性奴调教日常生活】牛逼富二代坐拥两条母狗 各种玩虐爆操 小穴依旧还算粉嫩 / 【财阀的儿子 ️魔王的虐性奴调教日常生活】牛逼富二代坐拥两条母狗 各种玩虐爆操 小穴依旧还算粉嫩.mp4,1
AbbyWinters.25.05.02.Mirja.Meaty.Labiae.XXX.2160p.MP4-WRB[XC] / abbywinters.25.05.02.mirja.meaty.labiae.4k.mp4,1
#小坏猫 合集 / #小坏猫 合集.mp4,1
Taggleburr's VOM@S28 batch (flac) / 「12 -トゥエルブ- movie」[MP4]/Theme of Mr.Halloween.mp4,0
They Call Me Trinity (1970) [1080p] [BluRay] [YTS.MX] / They.Call.Me.Trinity.1970.1080p.BluRay.x264.AAC-[YTS.MX].mp4,0
Bed Breakfast Love Is A Happy Accident (2010) [720p] [WEBRip] [YTS.MX] / Bed.Breakfast.Love.Is.A.Happy.Accident.2010.720p.WEBRip.x264.AAC-[YTS.MX].mp4,0
FC2-3138862 / FC2-3138862.mp4,1
FamilyTherapyXXX.19.12.27.Liv.Wild.Little.Sisters.Needs.XXX.SD.MP4-KLEENEX / FamilyTherapyXXX.19.12.27.Liv.Wild.Little.Sisters.Needs.XXX.SD.MP4-KLEENEX.mp4,1
풀 스피드 A fond.Full Speed.2016.720p.HDRip.H264.AAC-RTM / 풀 스피드 A fond.Full Speed.2016.720p.HDRip.H264.AAC-RTM.mkv,0
demon.slayer.kimetsu.no.yaiba.s04e03.1080p.web.h264-kawaii[EZTVx.to].mkv / demon.slayer.kimetsu.no.yaiba.s04e03.1080p.web.h264-kawaii[EZTVx.to].mkv,0
1741-en-content-v01-josephines-booty-burn-routine.mp4 / 1741-en-content-v01-josephines-booty-burn-routine.mp4,1
Extraterritorial.2025.WEB-DL.1080p-Dual-Lat / Extraterritorial.2025.WEB-DL.1080p-Dual-Lat.mkv,0
Witchfinder General - AKA The Conqueror Worm Vincent Price 1968 Eng Subs 720p [H264-mp4] / Witchfinder General - AKA The Conqueror Worm Vincent Price 1968 Eng Subs 720p [H264-mp4].mp4,0
KTRA-711 / KTRA-711.mp4,1
madoubt.com 693998.xyz 1pondo-040125_001 / madoubt.com 693998.xyz 1pondo-040125_001.mp4,1
[VCB-Studio] Mushoku Tensei S2 ~Isekai Ittara Honki Dasu~ [Hi10p_1080p] / [VCB-Studio] Mushoku Tensei S2 ~Isekai Ittara Honki Dasu~ [22][Hi10p_1080p][x264_flac].mkv,0
《台湾情侣泄密》 ️16万人追踪的正妹被玩坏掉 / 《台湾情侣泄密》 ️16万人追踪的正妹被玩坏掉.mp4,1
NOVA.S51E17.Building.Stuff.Change.It.480p.x264-mSD[EZTVx.to].mkv / NOVA.S51E17.Building.Stuff.Change.It.480p.x264-mSD[EZTVx.to].mkv,0
TushyRaw - Charlie Forde - Hot Blonde MILF Gets Ass Filled (05.11.2024) rq.mp4 / TushyRaw - Charlie Forde - Hot Blonde MILF Gets Ass Filled (05.11.2024) rq.mp4,1
American.Gods.S01.1080p.AMZN.WEBRip.DDP5.1.x265-SiGMA[rartv] / American.Gods.S01E01.The.Bone.Orchard.1080p.AMZN.WEB-DL.DD.5.1.H.265-SiGMA.mkv,0
The.Brilliant.Healers.New.Life.in.the.Shadows.S01E01.Compensation.Equivalent.1080p.AMZN.WEB-DL.JPN.DDP2.0.H.264.ESub-ToonsHub.mkv / The.Brilliant.Healers.New.Life.in.the.Shadows.S01E01.Compensation.Equivalent.1080p.AMZN.WEB-DL.JPN.DDP2.0.H.264.ESub-ToonsHub.mkv,0
Heavenly Bodies (1984) [1080p] [BluRay] [YTS.MX] / Heavenly.Bodies.1984.1080p.BluRay.x264.AAC-[YTS.MX].mp4,0
【推特网黄】湾湾萝莉甜妹【142小只马妮娜】脸穴同框自慰，嗲嗲的娃娃音，听了人都麻了，超赞！ / 【推特网黄】湾湾萝莉甜妹【142小只马妮娜】脸穴同框自慰，嗲嗲的娃娃音，听了人都麻了，超赞！.mp4,1
Saving Private Ryan [Redone] [1998-DVDRip-H.264]-NewArtRiot / Saving Private Ryan [Redone] [1998-DVDRip-H.264]-NewArtRiot.mp4,1
"LegalPorno - Stacy Bloom, Nataly Gold GIO1701 - 011421.mp4 / LegalPorno - Stacy Bloom, Nataly Gold GIO1701 - 011421.mp4",1
反差白富美御姐女神【小水水】 情趣小护士被大屌操喷，扛操顶级黑丝大长腿 猛烈抽插，顶宫灌精 呻吟勾魂 / 反差白富美御姐女神【小水水】 情趣小护士被大屌操喷，扛操顶级黑丝大长腿 猛烈抽插，顶宫灌精 呻吟勾魂.mp4,1
HouseoFyre.19.01.25.Brooklyn.Chase.In.Dreams.XXX.1080p.MP4-KTR[rarbg] / houseofyre.19.01.25.brooklyn.chase.in.dreams.mp4,1
"[EMBER] Kimi to Boku no Saigo no Senjou, Arui wa Sekai ga Hajimaru Seisen S2 - 11.mkv / [EMBER] Kimi to Boku no Saigo no Senjou, Arui wa Sekai ga Hajimaru Seisen S2 - 11.mkv",1
Fantastic.Planet.1973.1080p.BluRay.x264.FLAC.HORiZON-ArtSubs.mkv / Fantastic.Planet.1973.1080p.BluRay.x264.FLAC.HORiZON-ArtSubs.mkv,0
Saturday Night Live S39E13 Melissa McCarthy Imagine Dragons 1080p PCOK WEB-DL DDP 5 1 H 264-FLUX[TGx] / Saturday Night Live S39E13 Melissa McCarthy Imagine Dragons 1080p PCOK WEB-DL DDP 5 1 H 264-FLUX.mkv,0
BrazzersExxtra.23.11.15.Arabelle.Raphael.Jogging.Jiggling.And.Helping.Him.Cheat.XXX.2160p.MP4-WRB[XC] / brazzersexxtra.23.11.15.arabelle.raphael.jogging.jiggling.and.helping.him.cheat.4k.mp4,1
Urusei.Yatsura.S01E02.1080p.WEB.H264-SUGOI[rarbg] / urusei.yatsura.s01e02.1080p.web.h264-sugoi.mkv,0
Ragna Crimson S01E08 VOSTFR 1080p WEB x264 AAC -Tsundere-Raws (ADN).mkv / Ragna Crimson S01E08 VOSTFR 1080p WEB x264 AAC -Tsundere-Raws (ADN).mkv,0
[AniDub]_Kaijuu.8.Gou.s02 / Kaijuu.8.Gou.s02e01.HD1080p.WEBRip.Rus.AniDub.com.mp4,0
Echo.S01.COMPLETE.2160p.DSNP.WEB-DL.DDP5.1.HDR.HEVC-NTb / Echo.S01E01.Chafa.2160p.DSNP.WEB-DL.DDP5.1.HDR.H.265-NTb.mkv,0
Chloe.S01E05.1080p.WEBRip.x264-SKYFiRE[rarbg] / chloe.s01e05.1080p.webrip.x264-skyfire.mkv,0
台湾张靓颖性感黑丝白色衬衣妹子自慰诱惑，张开双腿跳蛋震动粉穴呻吟娇喘诱人 / 台湾张靓颖性感黑丝白色衬衣妹子自慰诱惑，张开双腿跳蛋震动粉穴呻吟娇喘诱人.mp4,1
PMC183.mp4 / PMC183.mp4,1
Silo.S01E09.720p.WEB.h264-ETHEL[eztv.re].mkv / Silo.S01E09.720p.WEB.h264-ETHEL[eztv.re].mkv,0
抖音 川云混血女(乡村胖表妹)】超级巨乳，胖妹妹道具自慰，裸舞，观音坐莲蹂躏大哥的小牙签 / 抖音 川云混血女(乡村胖表妹)】超级巨乳，胖妹妹道具自慰，裸舞，观音坐莲蹂躏大哥的小牙签.mp4,1
madoubt.com 293398.xyz SSIS-601 / madoubt.com 293398.xyz SSIS-601.mp4,1
Melanie_3_on_1_DP_Gapes_SZ525_1.mp4 / Melanie_3_on_1_DP_Gapes_SZ525_1.mp4,1
Victoria Daniels - Its All Mine.mp4 / Victoria Daniels - Its All Mine.mp4,1
ALDN-156C / ALDN-156C.mp4,1
【重度BDSM】韩国巅峰女S「Yerin」OF重度调教私拍 男女奴一边做爱一边受刑，大幅超越常规调教 / 【重度BDSM】韩国巅峰女S「Yerin」OF重度调教私拍 男女奴一边做爱一边受刑，大幅超越常规调教.mp4,1
[ Torrent911.gs ] Chicago.P.D.S11E03.FRENCH.1080p.AMZN.WEB-DL.H264-AwA / Chicago.P.D.S11E03.FRENCH.1080p.AMZN.WEB-DL.H264-AwA.mkv,0
05年腹肌大长屌新人「里维」付费资源 “爸爸，操死我！”行走的人体炮机打桩调教白丝美腿萝莉少女 / 05年腹肌大长屌新人「里维」付费资源 “爸爸，操死我！”行走的人体炮机打桩调教白丝美腿萝莉少女.mp4,1
[LegalPorno] Big butt slut Jennifer White reamed balls deep by 4 huge cocks & DP'ed SZ1568 (03.12.2016) rq.mp4 / [LegalPorno] Big butt slut Jennifer White reamed balls deep by 4 huge cocks & DP'ed SZ1568 (03.12.2016) rq.mp4,1
[SHIZA Project] Charlotte TV [BDRip 1080p] / [SHIZA Project] Charlotte TV [13] [MVO].mkv,0
DVDMS-512.mp4 / DVDMS-512.mp4,1
The Lord of the Rings. Return to Moria (2023) / The Lord of the Rings Return to Moria/Moria/Content/Movies/MOVVP9_Cinematic3.mp4,0
Deadwood.The.Movie.2019.720p.BluRay.H264.AAC-RARBG / Deadwood.The.Movie.2019.720p.BluRay.H264.AAC-RARBG.mp4,0
Deva (2025) [1080p] [WEBRip] [x265] [10bit] [5.1] / Deva.2025.1080p.WEBRip.x265.10bit.AAC5.1.mp4,0
Hawkeye.2021.S01E05.Ronin.720p.DSNP.WEBRip.DDP5.1.x264-TEPES[rarbg] / Hawkeye.2021.S01E05.Ronin.720p.DSNP.WEB-DL.DDP5.1.Atmos.H.264-TEPES.mkv,0
BLK-373 / BLK-373.mp4,1
Grimm - Temporada 4 [HDTV 720p][Cap.415][AC3 5.1 Español Castellano] / Gmm415720p [www.newpct1.com].mkv,0
DevilsFilm.22.05.11.Aria.Valencia.Horny.Old.Men.6.XXX.1080p.HEVC.x265.PRT[XvX] / DevilsFilm.22.05.11.Aria.Valencia.Horny.Old.Men.6.XXX.1080p.HEVC.x265.PRT.mkv,1
kckc11.com@EMTH015 / kckc11.com@EMTH015.MP4,1
【骚宝】偷拍 中医SPA 多位新人 良家人妻 少妇熟女~！~~人妻返场 男主站到面 自动拿屌就吃！！ / 【骚宝】偷拍 中医SPA 多位新人 良家人妻 少妇熟女~！~~人妻返场 男主站到面 自动拿屌就吃！！.mp4,1
FamilySinners.19.07.18.Paige.Owens.Step.Daughters.XXX.720p.HEVC.x265.PRT / FamilySinners.19.07.18.Paige.Owens.Step.Daughters.XXX.720p.HEVC.x265.PRT.mp4,1
sinful.22.04.01.zaawaadi.1080p.mp4 / sinful.22.04.01.zaawaadi.1080p.mp4,1
红色空姐制服捆绑调教足交后入女上站立啪啪 / 视频/【91home.cc】红色空姐制服捆绑调教足交后入女上站立啪啪.mp4,1
Arthur.Christmas.2011.BRRip x264-D0G.mkv / Arthur.Christmas.2011.BRRip x264-D0G.mkv,0
110124-001-carib / 110124-001-carib.mp4,1
MIAD-643-uncensored / MIAD-643-uncensored.mp4,1
madoubt.com 528829.xyz 1pondo-041721_001 / madoubt.com 528829.xyz 1pondo-041721_001.mp4,1
Channel.69.XXX.1080p.WEBRip.MP4-VSEX[rarbg] / channel-69-1080p.mp4,1
MILFY_105213_1080P.mp4 / MILFY_105213_1080P.mp4,1
Mylene Farmer - L'Ultime Creation (2020) / E03 Ultime Désobéissance (rus_sub).mp4,1
Oxotnik.2011.x264.BDRip.(1080p).mkv / Oxotnik.2011.x264.BDRip.(1080p).mkv,0
[Team Confidence] Great Pretender - 16 - Tokyo Grift [05C3ECBE].mkv / [Team Confidence] Great Pretender - 16 - Tokyo Grift [05C3ECBE].mkv,1
Arwen Gold facing 4 huge black dicks. Mega interracial Gangbang IV005 (1080).mp4 / Arwen Gold facing 4 huge black dicks. Mega interracial Gangbang IV005 (1080).mp4,1
Suburgatory Season 2 / Suburgatory S02E08 Black Thai.mp4,0
[JAV] [Uncensored] Tokyo Hot sr100 / sr100.mp4,1
"모래에도 꽃이 핀다.Like Flowers in Sand.E06.1080p,NF-Sinper.mkv / 모래에도 꽃이 핀다.Like Flowers in Sand.E06.1080p,NF-Sinper.mkv",0
DSJH-014-uncensored-HD / DSJH-014-uncensored-nyap2p.com.mp4,1
FC2-PPV-3376707 / hhd800.com@FC2-PPV-3376707.mp4,1
91夯先生012-之调教91年刚破处骚护士“求你，快点”完整版 / 91夯先生012-之调教91年刚破处骚护士“求你，快点”完整版.mp4,1
Hunt4K.23.06.25.Angelique.XXX.1080p.MP4-NBQ[XC] / hunt4k.23.06.25.angelique.mp4,1
Couples Therapy (2019) V2 Season 3 S03 (1080p AMZN WEB-DL x265 HEVC 10bit EAC3 5.1 Silence) / Couples Therapy (2019) - S03E10 - 310 (1080p AMZN WEB-DL x265 Silence).mkv,0
09.ianf041 / ianf041.mp4,1
[死亡诗社(国英)]Dead.Poets.Society.1989.BluRay.720p.x264.2Audio.AAC-iSCG / [死亡诗社(国英)]Dead.Poets.Society.1989.BluRay.720p.x264.2Audio.AAC-iSCG.mp4,0
AlettaOceanLive.18.12.28.Office.Affair.With.Christina.Shine.XXX.SD.MP4-KLEENEX / AlettaOceanLive.18.12.28.Office.Affair.With.Christina.Shine.XXX.SD.MP4-KLEENEX.mp4,1
HRSM-064 / hhd800.com@HRSM-064.mp4,1
madoubt.com 869659.xyz GMEM-133 / madoubt.com 869659.xyz GMEM-133.mp4,1
TeenFidelity Chanel Shortcake 720p.mp4 / TeenFidelity Chanel Shortcake 720p.mp4,1
Honey Gold - Black Honey Fucked To Multiple Squirts.1920x1080.mp4 / Honey Gold - Black Honey Fucked To Multiple Squirts.1920x1080.mp4,1
【年少不知少妇好 ️错把少女当成宝】魔都熟女猎人『Porn88』约会良家少妇私拍 车震口活 骑乘内射 高清1080P原版 / 【年少不知少妇好 ️错把少女当成宝】魔都熟女猎人『Porn88』约会良家少妇私拍 车震口活 骑乘内射 高清1080P原版.mp4,1
韩国嫩模【李素英】leeesovely 价值200美金4月新作！微露粉鲍，10级清纯高颜值，比女团成员还美，这已经是她目前尺度最大 / 韩国嫩模【李素英】leeesovely 价值200美金4月新作！微露粉鲍，10级清纯高颜值，比女团成员还美，这已经是她目前尺度最大.mp4,1
STARS-078 / STARS-078.mp4,1
SLR_SLR Originals_Agatha Vega_Eve Sweet_Legal_Cast_The Movie_1920p_55537_FISHEYE190.mp4 / SLR_SLR Originals_Agatha Vega_Eve Sweet_Legal_Cast_The Movie_1920p_55537_FISHEYE190.mp4,0
疑似抖音极品大网红祝晓晗被金主潜偷拍视频曝光，娴熟口技看来被潜次数不少 / 疑似抖音极品大网红祝晓晗被金主潜偷拍视频曝光，娴熟口技看来被潜次数不少.mp4,1
madoubt.com 635328.xyz fc2ppv-3665750 / madoubt.com 635328.xyz fc2ppv-3665750.mp4,1
Pinguim S01E02 WEB-DL 1080p x264 DUAL 5.1 / Pinguim S01E02 WEB-DL 1080p x264 DUAL 5.1.mkv,0
"Center of Attention / Alexis Adams, Karla Kush.mp4",0
1pondo-050125_001-FHD / 1pondo-050125_001-nyap2p.com.mp4,1
Sin.City.A.Dame.to.Kill.For.2014.1080p.BluRay.DDP5.1.x265.10bit-GalaxyRG265[TGx] / Sin.City.A.Dame.to.Kill.For.2014.1080p.BluRay.DDP5.1.x265.10bit-GalaxyRG265.mkv,0
[Some-Stuffs]_Pocket_Monsters_(2019)_114_(720p)_[7333A500].mkv / [Some-Stuffs]_Pocket_Monsters_(2019)_114_(720p)_[7333A500].mkv,0
www.Torrenting.com   -    Jurassic.Domination.2022.720p.BluRay.x264-FREEMAN / fm-jurassicdomination.2022-720p.mkv,0
Miraculous Tales of Ladybug and Cat Noir S05E00 Action 1080p NF WEB-DL DDP5 1 x264-LAZY[EZTVx.to].mkv / Miraculous Tales of Ladybug and Cat Noir S05E00 Action 1080p NF WEB-DL DDP5 1 x264-LAZY[EZTVx.to].mkv,0
kfa55.com@DASS-430 / kfa55.com@DASS-430.mp4,1
madoubt.com 623365.xyz 1pondo-041922_001 / madoubt.com 623365.xyz 1pondo-041922_001.mp4,1
fhl_jureka_suzie_RU022318_480p_1500.mp4 / fhl_jureka_suzie_RU022318_480p_1500.mp4,1
[ OxTorrent.cc ] Ted.Lasso.S01E07.FRENCH.WEB.x264-BraD.mkv / [ OxTorrent.cc ] Ted.Lasso.S01E07.FRENCH.WEB.x264-BraD.mkv,0
NASH-841-C_GG5 / gg5.co@NASH-841-C_GG5.mp4,1
MommyBlowsBest.23.02.22.Lily.Lane.XXX.480p.MP4-XXX / mbb.23.02.22.lily.lane.mp4,1
madoubt.com 623655.xyz caribbeancom-050318_655 / madoubt.com 623655.xyz caribbeancom-050318_655.mp4,1
【2025年02月新流】，全网狂人，硬核露出骚女【性感小猫咪】推特付费，勾引大爷工地彩钢房里搞，干的面红耳赤 / 【2025年02月新流】，全网狂人，硬核露出骚女【性感小猫咪】推特付费，勾引大爷工地彩钢房里搞，干的面红耳赤.mp4,1
Durdom.S01.WEB-DL.1080p.MrMittens / Durdom.S01.E05.WEB-DL.1080p.MrMittens.mkv,0
Love.Is.Blind.S06E13.WEB.x264-TORRENTGALAXY[TGx] / Love.Is.Blind.S06E13.WEB.x264-TORRENTGALAXY.mkv,0
AXIR ZAMAN VƏ MEHDİ. Azərbaycan.mp4 / AXIR ZAMAN VƏ MEHDİ. Azərbaycan.mp4,1
The Naked Gun 2025 WEB-DL 2160p HDR10+ DV HEVC DDP Atmos 5.1 x265-E / The Naked Gun-2025.mkv,0
Sound Horizon - Concert Tour 2006-2007 Roman (Bokutachi Ga Tsunagaru Monogatari) / Sound Horizon Concert Tour 2006-2007 『Roman ～僕達が繋がる物語～』 Disc 1 - ''le discque de la Lune'' [6763115E].mkv,1
"OnlyTarts - Alice Murkovski, Alice Xo - Wet Pants And Summer Vacation (22.07.2024) rq.mp4 / OnlyTarts - Alice Murkovski, Alice Xo - Wet Pants And Summer Vacation (22.07.2024) rq.mp4",1
madoubt.com 922826.xyz heyzo-3071 / madoubt.com 922826.xyz heyzo-3071.mp4,1
mac-miller-npr-music-tiny-desk-concert / Mac Miller： NPR Music Tiny Desk Concert [QrR_gm6RqCo].mp4,1
Peter Pan (1953) / Peter.Pan.1953.720p.BluRay.x264.YIFY.mp4,0
Heavier.Trip.2024.1080p.BluRay.DD.2.0.x264.V2-MegaPeer.mkv / Heavier.Trip.2024.1080p.BluRay.DD.2.0.x264.V2-MegaPeer.mkv,0
vagu-213-C / vagu-213-C.mp4,1
TVBOXNOW DCU海底特殊搜查隊 / TVBOXNOW DCU海底特殊搜查隊 EP08.mp4,1
Legacies.S02E06.HDTV.x264-SVA / Legacies.S02E06.HDTV.x264-SVA.mkv,0
mypervyfamily.21.02.23.addie.andrews.convincing.stepmom.mp4 / mypervyfamily.21.02.23.addie.andrews.convincing.stepmom.mp4,1
Anal.Inferno.12.GERMAN.XXX.DVDRip.x264-EGP / egp-inferno12.mp4,1
madoubt.com 283886.xyz 1pondo-111123_001 / madoubt.com 283886.xyz 1pondo-111123_001.mp4,1
kfa11.com@719MAG-041 / kfa11.com@719MAG-041.mp4,1
Romantik.2022.WEB-DL.1080p.ELEKTRI4KA.UNIONGANG.mkv / Romantik.2022.WEB-DL.1080p.ELEKTRI4KA.UNIONGANG.mkv,0
Edge Extravaganza 2.mp4 / Edge Extravaganza 2.mp4,1
dccdom.com@DASS-343 / DASS-343.mp4,1
[ASW] Summer Pockets - 14 [1080p HEVC][625D29CA].mkv / [ASW] Summer Pockets - 14 [1080p HEVC][625D29CA].mkv,0
Karate.Kid.Legends.2025.1080p.WEBRip_LineFilm.mkv / Karate.Kid.Legends.2025.1080p.WEBRip_LineFilm.mkv,0
madoubt.com 866328.xyz caribbeancom-031020_001 / madoubt.com 866328.xyz caribbeancom-031020_001.mp4,1
21 Sextury - Erica Fontes_Backstage2.mp4 / 21 Sextury - Erica Fontes_Backstage2.mp4,1
极品网红女奴-水手服彼女饲育yu150loli-最新福利视图 / 极品网红女奴-水手服彼女饲育yu150loli-最新福利视图.mp4,1
The.final.destination.2009.1080p-dual-lat-cinecalidad.rs.mp4 / The.final.destination.2009.1080p-dual-lat-cinecalidad.rs.mp4,0
El Grifo - Temporada 1 [HDTV 720p][Cap.106] / El Grifo - Temporada 1 [HDTV 720p][Cap.106].mkv,0
0109 (1) / PANS 20220713飯糰繩藝圖片視頻/飯糰.mp4,1
贵在真实，电报群土豪重金定制，高颜露脸大四妹子宿舍没人后，脱光各种展示小母狗形态，销魂紫薇各种淫语，很反差 / 贵在真实，电报群土豪重金定制，高颜露脸大四妹子宿舍没人后，脱光各种展示小母狗形态，销魂紫薇各种淫语，很反差.mp4,1
Nightcrawler.2014.BRRip.x264.AC3.ST-67 / Nightcrawler.2014.BRRip.x264.AC3.ST-67.mkv,0
The.Rookie.S07E08.WEB.x264-TORRENTGALAXY[TGx] / The.Rookie.S07E08.WEB.x264-TORRENTGALAXY.mkv,0
Lubed.18.09.11.Ana.Rose.Oiled.Poolside..480p.MP4-XXX / lubed.18.09.11.ana.rose.oiled.poolside.mp4,1
Initial D - Legend 02v2(720p) - (Central Anime) [4D4DE21E].mkv / Initial D - Legend 02v2(720p) - (Central Anime) [4D4DE21E].mkv,0
btnets.net_WAAA-318C.mp4 / btnets.net_WAAA-318C.mp4,1
Come In Eva Amour Angels sex XXX .mp4 / Come In Eva Amour Angels sex XXX .mp4,1
[Watashi]_Yamada_and_the_Seven_Witches_[720p] / [Watashi]_Yamada_and_the_Seven_Witches_-_01_[720p][3B6F985C].mkv,0
BlackPayBack.E39.Good.Little.Whitey.XXX.1080p.MP4-KTR[XvX] / blackpayback.e39.good.little.whitey.mp4,1
The Butterfly Effect (2004) Director's Cut.mkv / The Butterfly Effect (2004) Director's Cut.mkv,1
madoubt.com 252832.xyz MFCS-053 / madoubt.com 252832.xyz MFCS-053.mp4,1
NuruMassage.19.05.03.AJ.Applegate.Investor-In-Law.XXX.720p.WEB.x264-GalaXXXy[XvX] / NuruMassage.19.05.03.AJ.Applegate.Investor-In-Law.XXX.720p.WEB.x264-GalaXXXy.mkv,1
Spetzialist.po.vsichko.1962.1080p.HDRip.AV1-DiN / Spetzialist.po.vsichko.1962.1080p.HDRip.AV1-DiN.mkv,0
һ@ڸֹ¶ĦŮDANDY-088 / һ@ڸֹ¶ĦŮDANDY-088.mp4,1
FC2-PPV-2997916 / hhd800.com@FC2-PPV-2997916.mp4,1
madoubt.com 398853.xyz heyzo-2187 / madoubt.com 398853.xyz heyzo-2187.mp4,1
{WWW.BLUDV.TV} Batman O Cavaleiro das Trevas 2008 (1080p) Acesse o ORIGINAL WWW.BLUDV.TV / Batman.O.Cavaleiro.das.Trevas.2008.1080p.BluRay.x264.DUAL-WWW.BLUDV.TV-Tio-Kennedy.mkv,0
Nubiles.19.01.09.Terry.Bliss.Amateur.Cutie.XXX.1080p.MP4-KTR[rarbg] / nubiles.19.01.09.terry.bliss.amateur.cutie.mp4,1
madoubt.com 592239.xyz caribbeancom-121815_453 / madoubt.com 592239.xyz caribbeancom-121815_453.mp4,1
AltErotic.17.07.05.Ariel.Rose.And.Kenna.Kane.Lesbian.Students.Get.An.A.In.Fucking.XXX.1080p.MP4-GAPFiLL[XC] / alterotic.17.07.05.ariel.rose.and.kenna.kane.lesbian.students.get.an.a.in.fucking.mp4,1
FC2PPV 4580568 / FC2PPV 4580568.mp4,1
Ronnie.Coleman.The.King.2018.1080p.NF.WEBRip.DDP2.0.x264-TOMMY / Ronnie.Coleman.The.King.2018.1080p.NF.WEB-DL.DDP2.0.H.264-TOMMY.mkv,0
原版高清 推特顶级舞姬 土豆喵 原版裸舞合集 / 原版高清 推特顶级舞姬 土豆喵 原版裸舞合集.mp4,1
【91大长腿女儿】父女伦理小穴非常鲜美一撮性感阴毛 居家破处 野外打炮 户外车震 相当紧致太爽了 / 【91大长腿女儿】父女伦理小穴非常鲜美一撮性感阴毛 居家破处 野外打炮 户外车震 相当紧致太爽了.mp4,1
Shrapnel.2023.576p.WEBRip.x265.AC3-TuKCo / Shrapnel.2023.576p.WEBRip.x265.AC3-TuKCo.mkv,0
[AniStar.org] Dr. Stone Science Future [TV-4] - 10 [1080p].mkv / [AniStar.org] Dr. Stone Science Future [TV-4] - 10 [1080p].mkv,0
032122-001-carib-1080p / rh2048.com@032122-001-carib-1080p.mp4,0
The.Skeleton.Twins.2014.BRRip.x264-WAR / wtst.mkv,0
SSNI-410.mp4 / SSNI-410.mp4,1
Kono Shiromadoushi ga Kikakugai Sugiru - AniLiberty [WEBRip 1080p HEVC] / Kono_Shiromadoushi_ga_Kikakugai_Sugiru_[03]_[HEVC].mkv,0
[ Torrent9.bz ] Coco.2017.FRENCH.BDRip.x264-VENUE / coco.2017.french.bdrip.x264-venue.mkv,0
he_loves_me_in_stockings_and_heels_2_Scene3_1080p.mp4 / he_loves_me_in_stockings_and_heels_2_Scene3_1080p.mp4,0
madoubt.com 963228.xyz caribbeancom-022417_003 / madoubt.com 963228.xyz caribbeancom-022417_003.mp4,1
madoubt.com 923993.xyz ERK-038 / madoubt.com 923993.xyz ERK-038.mp4,1
Christmas with.the.Andersons.2016.HDTV.x264.AC3.BGAUDiO-SiSO / Christmas with.the.Andersons.2016.HDTV.x264.AC3.BGAUDiO-SiSO.mkv,0
Mazinga.Z.Infinity.2017.1080p.BDMux.10bit.x265.AC3-AlgernonWood.mkv / Mazinga.Z.Infinity.2017.1080p.BDMux.10bit.x265.AC3-AlgernonWood.mkv,0
Paradise.Lost.2.Revelations.2000.1080p.WEBRip.x264-RARBG / Paradise.Lost.2.Revelations.2000.1080p.WEBRip.x264-RARBG.mp4,0
pacopacomama-062211_397-HD / pacopacomama-062211_397-nyap2p.com.mp4,1
Pirates.of.the.caribbean.dead.men.tell.no.tales.2017.1080p-dual-lat.mp4 / Pirates.of.the.caribbean.dead.men.tell.no.tales.2017.1080p-dual-lat.mp4,0
顶级约炮大神 推特【一杆钢枪】顶级大神开发清纯大学生 叫上兄弟一起操 / 顶级约炮大神 推特【一杆钢枪】顶级大神开发清纯大学生 叫上兄弟一起操.mp4,1
Jekyll And Hyde... Together Again (1982) [720p] [BluRay] [YTS.MX] / Jekyll.And.Hyde....Together.Again.1982.720p.BluRay.x264.AAC-[YTS.MX].mp4,0
[vip5181]勇敢@[SOD] Saori Hara(原紗央莉) - 芸能人 原紗央莉 手コキ.淫語.痴漢女 [STAR189][09.10.22].mp4 / [vip5181]勇敢@[SOD] Saori Hara(原紗央莉) - 芸能人 原紗央莉 手コキ.淫語.痴漢女 [STAR189][09.10.22].mp4,1
www.UIndex.org    -    Night Falls on Manhattan 1996 BluRay 1080p DTS-HD MA 5 1 AVC REMUX-FraMeSToR / Night Falls on Manhattan 1996 BluRay 1080p DTS-HD MA 5 1 AVC REMUX-FraMeSToR.mkv,0
Alarum.2025.1080p.10bit.WEBRip.6CH.x265.HEVC-PSA / Alarum.2025.1080p.10bit.WEBRip.6CH.x265.HEVC-PSA.mkv,0
madoubt.com 636635.xyz fc2ppv-892278 / madoubt.com 636635.xyz fc2ppv-892278.mp4,1
Privileged 2008 Season 1 Complete 720p WEBRip x264 [i_c] / Privileged S01E01 Pilot.mkv,0
[AmateurSubs] Bishoku-ke no Rule - 02 [DVDRip 576p HEVC AC3].mkv / [AmateurSubs] Bishoku-ke no Rule - 02 [DVDRip 576p HEVC AC3].mkv,1
Saturday Night Live (1975) Season 50 Episode 10- Martin Short - Hozier - PrimeWire_2.mp4 / Saturday Night Live (1975) Season 50 Episode 10- Martin Short - Hozier - PrimeWire_2.mp4,1
DRGBD-02_MKV / DRGBD-02.mkv,1
rh2048.com230709大胸嫂子会喷水黑丝不穿内裤等我来揭小穴扣两下就喷水真带劲12 / rh2048.com230709-12.mp4,1
wet_asses_scene2_1080.mp4 / wet_asses_scene2_1080.mp4,1
【SEX8.CC】YST-291 / 【SEX8.CC】YST-291 我敬重的父親和岳母再婚是個魔人。吉井美紀 - 吉井美希 (伊澤涼子、吉井美希) .mp4,1
Private Film 10_Money For Nothing Sex For Free.mkv / Private Film 10_Money For Nothing Sex For Free.mkv,1
[JAV] [Uncensored] Heydouga 4080-PPV688 [1080p] / heydouga4080-688.mp4,1
VAGU-226 / VAGU-226.H265.mp4,1
Rasoblachenie.1994.BD-Remux.(1080p).mkv / Rasoblachenie.1994.BD-Remux.(1080p).mkv,0
Aletta Ocean - Office Obsession (18.06.2022)_480p.mp4 / Aletta Ocean - Office Obsession (18.06.2022)_480p.mp4,1
AdultTime 22.11.11 Anna Claire Clouds And Lumi Ray XXX 1080p MP4 [SpankHash] / AdultTime 22.11.11 Anna Claire Clouds And Lumi Ray XXX 1080p MP4 [SpankHash].mp4,1
The Current War Director's Cut (2017) [BluRay] [1080p] [YTS.LT] / The.Current.War.Director's.Cut.2017.1080p.BluRay.x264-[YTS.LT].mp4,0
[EMBER] Busu ni Hanataba wo - 07.mkv / [EMBER] Busu ni Hanataba wo - 07.mkv,1
madoubt.com 898585.xyz 10musume-032725_01 / madoubt.com 898585.xyz 10musume-032725_01.mp4,1
bbyxv.xyz_428SUKE-084 / bbyxv.xyz_428SUKE-084.mp4,1
02年学妹~BB超粉嫩~小风骚~就喜欢哥哥舌头舔妹妹伸进里面搅动的那种感觉特别爽舒服~ / 02年学妹~BB超粉嫩~小风骚~就喜欢哥哥舌头舔妹妹伸进里面搅动的那种感觉特别爽舒服~.mp4,1
[Erai-raws] Kimi to Idol Precure - 14 [1080p CR WEB-DL AVC AAC][MultiSub][12C4775D].mkv / [Erai-raws] Kimi to Idol Precure - 14 [1080p CR WEB-DL AVC AAC][MultiSub][12C4775D].mkv,0
Borderlands (2024) 2160p 4K WEB 5.1-LAMA / Borderlands.2024.2160p.4K.WEB.x265.10bit.AAC5.1-LAMA.mkv,0
JUR-036-U / JUR-036-U.mp4,1
Gran.Turismo.2023.BDREMUX.1080p.seleZen.mkv / Gran.Turismo.2023.BDREMUX.1080p.seleZen.mkv,0
Better.Call.Saul.S06E08.Point.And.Shoot.1080p.AMZN.WEBRip.DDP5.1.x264-NTb[rarbg] / Better.Call.Saul.S06E08.Point.And.Shoot.1080p.AMZN.WEB-DL.DDP5.1.H.264-NTb.mkv,0
Movin.To.The.Country.S01E05.1080p.HDTV.H264-CBFM[eztv.re].mkv / Movin.To.The.Country.S01E05.1080p.HDTV.H264-CBFM[eztv.re].mkv,0
SexMex.24.10.30.Anai.Loves.Busty.Colombian.Fucks.The.Pool.Cleaner.XXX.1080p.MP4-WRB[XC] / sexmex.24.10.30.anai.loves.busty.colombian.fucks.the.pool.cleaner.mp4,1
20200419r.(kira☆kira VR)(kivr00007.9jrp9p9x)【VR】デカ尻ギャルの挟み撃ち杭打ち逆3P / 2048社区 - big2048.com@kivr00007.part2.mp4,1
h尔b一j四s.EP31.HD1080p.mp4 / h尔b一j四s.EP31.HD1080p.mp4,1
Boiling.Point.HDRip.Kubik.v.Kube.mkv / Boiling.Point.HDRip.Kubik.v.Kube.mkv,1
"FillUpMyMom - Andie Anderson, Fitwife Jewels - WILD THREESOME with Stepmom and Realtor (05.12.2024) rq.mp4 / FillUpMyMom - Andie Anderson, Fitwife Jewels - WILD THREESOME with Stepmom and Realtor (05.12.2024) rq.mp4",0
Val Doonican Christmas Specials / Val Doonican's Very Special Christmas 1984-12-24.mkv,1
American.Sniper.2014.2160p.BDRemux.Rutracker.mkv / American.Sniper.2014.2160p.BDRemux.Rutracker.mkv,0
BJRAW.Tess.Thompson.Tess.Is.A.Cum.Glazed.Mess.30.07.25.Teen.Blowjob.Deepthroat.SmallTits.Cumshot.Video.Link.https.lulustream.com.chldwyugwpq2.mp4 / BJRAW.Tess.Thompson.Tess.Is.A.Cum.Glazed.Mess.30.07.25.Teen.Blowjob.Deepthroat.SmallTits.Cumshot.Video.Link.https.lulustream.com.chldwyugwpq2.mp4,1
FC2-PPV-4744486 / hhd800.com@FC2-PPV-4744486_1.mp4,1
【眼镜败类探花】，刚下海的兼职小姐姐，好有韵味，兄弟也要操一次，这对大奶子真不错 / 【眼镜败类探花】，刚下海的兼职小姐姐，好有韵味，兄弟也要操一次，这对大奶子真不错.mp4,1
Jimmy.Kimmel.2020.01.20.Jane.Fonda.and.Lily.Tomlin.720p.WEB.x264-XLF[TGx] / jimmy.kimmel.2020.01.20.jane.fonda.and.lily.tomlin.720p.web.x264-xlf.mkv,0
Lucifer.S05.COMPLETE.720p.NF.WEBRip.DDP5.1.x264-MRCS[rartv] / Lucifer.S05E10.Bloody.Celestial.Karaoke.Jam.720p.NF.WEB-DL.DDP5.1.x264-MRCS.mkv,0
3301_d3.mp4 / 3301_d3.mp4,1
madoubt.com 526266.xyz DLDSS-424 / madoubt.com 526266.xyz DLDSS-424.mp4,1
JUC-813-U / JUC-813-U.mp4,1
NHDT-173_x264.mp4 / NHDT-173_x264.mp4,1
2025年05月大神BT最新域名 356959.xyz 【胖子传媒工作室】美容院工作良家少妇，开车接上酒店操逼，看着文静，上了床操起了好骚 / 2025年05月大神BT最新域名 356959.xyz 【胖子传媒工作室】美容院工作良家少妇，开车接上酒店操逼，看着文静，上了床操起了好骚.mp4,1
TittyAttack - Lily Starfire - Never Play Alone (19.12.2023) rq.mp4 / TittyAttack - Lily Starfire - Never Play Alone (19.12.2023) rq.mp4,1
DLDSS-311-UC / DLDSS-311-UC.mp4,1
Formação Funnel Builder 2.0 / 03 - Funiologia/07 - O Básic que todo Funnel Builder precisa saber sobre copy.mp4,1
The.Amateur.2025.2160p.iT.WEB-DL.DV.HDR10+.DDP5.1.Atmos.H265.MP4-BEN.THE.MEN / The.Amateur.2025.2160p.iT.WEB-DL.DV.HDR10+[Ben The Men].mp4,0
Ryitsari.spravedlivosti.2020.WEB-DL.720p.ELEKTRI4KA.UNIONGANG.mkv / Ryitsari.spravedlivosti.2020.WEB-DL.720p.ELEKTRI4KA.UNIONGANG.mkv,0
高端泄密流出火爆全网泡良达人金先生约炮 ️气质白领女秘书金氏手法扣穴热身抱起啪啪 / 高端泄密流出火爆全网泡良达人金先生约炮 ️气质白领女秘书金氏手法扣穴热身抱起啪啪.mp4,1
Weekend Cu Mama (2009) [720p] [WEBRip] [YTS.MX] / Weekend.Cu.Mama.2009.720p.WEBRip.x264.AAC-[YTS.MX].mp4,0
Jason Lives Friday the 13th Part VI (1986) / Jason.Lives.Friday.the.13th.Part.VI.1986.720p.BluRay.x264.YIFY.mp4,0
[Doki] Mahouka Koukou no Rettousei - Vol 1 (1280x720 Hi10P BD AAC) / [Doki] Mahouka Koukou no Rettousei - 01 (1280x720 Hi10P BD AAC) [6FA6218C].mkv,0
Hawk The Slayer (1980) [BluRay] [1080p] [YTS.AM] / Hawk.The.Slayer.1980.1080p.BluRay.x264-[YTS.AM].mp4,0
Absolution.2024.1080p.WEBRip.DDP5.1.H.265-WAR / Absolution.2024.1080p.WEBRip.DDP5.1.H.265-WAR.mkv,0
Murderbot.S01E05.1080p.10bit.WEBRip.6CH.x265.HEVC-PSA.mkv / Murderbot.S01E05.1080p.10bit.WEBRip.6CH.x265.HEVC-PSA.mkv,0
VEC631C / VEC631C.mp4,1
LetsTryHard.21.09.10.Bree.Haze.XXX.480p.MP4-XXX[XC] / letstryhard.21.09.10.bree.haze.480p.mp4,1
nkd-087 / nkd-087.mp4,1
One.Percenter.2023.BDRip.mkv / One.Percenter.2023.BDRip.mkv,1
490FAN-114 / 490FAN-114.mp4,1
PixAndVideo.19.06.10.Vanna.Bardot.Never.Ungrateful..480p.MP4-XXX / pixandvideo.19.06.10.vanna.bardot.never.ungrateful.mp4,1
PlayTime - Remastered Classic 1967 Eng Fre Multi-Subs 1080p [H264-mp4] / PlayTime - Remastered Classic 1967 Eng Fre Multi-Subs 1080p [H264-mp4].mp4,0
[OnlyFans][Gabbie Carter] (2025.04.10) BG Naughty Maid PPV [1080P].mp4 / [OnlyFans][Gabbie Carter] (2025.04.10) BG Naughty Maid PPV [1080P].mp4,0
Supernova.BDRemux.1080p.pk.mkv / Supernova.BDRemux.1080p.pk.mkv,0
El Vikingo Historia De Un Narco - Temporada 1 [HDTV 720p][Cap.103][AC3 5.1 Castellano][www.AtomoHD.link] / El Vikingo Historia De Un Narco - Temporada 1 [HDTV 720p][Cap.103][AC3 5.1 Castellano][www.AtomoHD.link].mkv,0
Autumn_Marafon_1979_HDTV_1080i_Eng_Fra_Spa_Dub_MultiSub.mkv / Autumn_Marafon_1979_HDTV_1080i_Eng_Fra_Spa_Dub_MultiSub.mkv,1
FC2-PPV-4670832 / hhd800.com@FC2-PPV-4670832.mp4,1
[Erai-raws] Kinomi Master - 01 [1080p CR WEBRip HEVC EAC3][MultiSub][DD3AD69A].mkv / [Erai-raws] Kinomi Master - 01 [1080p CR WEBRip HEVC EAC3][MultiSub][DD3AD69A].mkv,0
PornMegaLoad.20.09.22.Stacie.Starr.Creampied.Mom.XXX.SD.MP4-KLEENEX / PornMegaLoad.20.09.22.Stacie.Starr.Creampied.Mom.XXX.SD.MP4-KLEENEX.mp4,1
兄妹乱伦！非常难得的露脸，18岁的妹妹是个高颜值惹人喜爱的可爱萝莉 凌晨强上妹妹 / 兄妹乱伦！非常难得的露脸，18岁的妹妹是个高颜值惹人喜爱的可爱萝莉 凌晨强上妹妹.mp4,1
From.S02E10.1080p.rus.LostFilm.TV.mkv / From.S02E10.1080p.rus.LostFilm.TV.mkv,0
Tooth Fairy (2019) [720p] [BluRay] [YTS.MX] / Tooth.Fairy.2019.720p.BluRay.x264.AAC-[YTS.MX].mp4,0
www.UIndex.org    -    Sabel Is Still Young (2022) 1080p BluRay 5.1-WORLD / Sabel.Is.Still.Young.2022.1080p.BluRay.x264.AAC5.1-WORLD.mp4,0
Grand.Slam.Track.Athletics.2025.05.31.R03.D01.IPTV.1080p50.EN.mkv / Grand.Slam.Track.Athletics.2025.05.31.R03.D01.IPTV.1080p50.EN.mkv,0
ADN-452 / hhd800.com@ADN-452.mp4,1
Aibou 8 ep12 (960x540 x264) JPN SUB.mkv / Aibou 8 ep12 (960x540 x264) JPN SUB.mkv,0
"Big Fish & Begonia (2016, AVC BDRip-720p, RUS CHI+SUB) [Stranik 2.0] / Big Fish & Begonia (2016, AVC BDRip-720p, RUS CHI+SUB) [Stranik 2.0].mkv",0
[NOP] Ramen Daisuki Koizumi-san - [1-4 Complete] [Raw] [Clean Screen] [720p] / [NOP] Ramen Daisuki Koizumi-san - 02 [Raw] [Clean Screen] [720p].mp4,0
POVD - Bella Nova - Bath Tease (27.09.2024) rq.mp4 / POVD - Bella Nova - Bath Tease (27.09.2024) rq.mp4,1
HDLove.14.06.19.Alexis.Adams.Sexy.Time.XXX.1080p.MP4-KTR[rarbg] / hdlove.14.06.19.alexis.adams.sexy.time.mp4,1
www.UIndex.org    -    The Eternaut S01E04 2025 2160p NF WEB-DL DDP5 1 Atmos HDR H 265-HHWEB / The Eternaut S01E04 2025 2160p NF WEB-DL DDP5 1 Atmos HDR H 265-HHWEB.mkv,0
周导：你问问她们，是不是能挣到钱，信周导得永生。展现功力，在线使劲忽悠，超强话术，户外勾搭一直漏回家，双飞巅峰！ / 周导：你问问她们，是不是能挣到钱，信周导得永生。展现功力，在线使劲忽悠，超强话术，户外勾搭一直漏回家，双飞巅峰！.mp4,1
淫乱娇妻在老公眼前被单男调教着操 淫妻清楚的说道 这样太羞辱了。老婆这次是爽飞了，淫水流了一滩 单男直接内射在老婆逼 / 淫乱娇妻在老公眼前被单男调教着操 淫妻清楚的说道 这样太羞辱了。老婆这次是爽飞了，淫水流了一滩 单男直接内射在老婆逼.mp4,1
Vixen.24.01.19.Nancy.Ace.On.Pointe.XXX.2160p.MP4-P2P[XC] / vixen.24.01.19.nancy.ace.on.pointe.xxx.mp4,1
TeenPies.24.04.14.Annie.Archer.Thats.What.Roomies.Are.For.XXX.480p.MP4-XXX[XC] / teenpies.24.04.14.annie.archer.thats.what.roomies.are.for.480p.mp4,1
Holiday Mismatch 2024 1080p WEB-DL HEVC x265 5.1 BONE.mkv / Holiday Mismatch 2024 1080p WEB-DL HEVC x265 5.1 BONE.mkv,0
Chelovek.kusaet.sobaku.1992.x264.BDRip.720p.mkv / Chelovek.kusaet.sobaku.1992.x264.BDRip.720p.mkv,0
Hachi A Dog's Tale.2009.BDRip.x264.640x.rip by Frost O.S.mp4 / Hachi A Dog's Tale.2009.BDRip.x264.640x.rip by Frost O.S.mp4,0
HMN-653-C / HMN-653-C.mp4,1
SweetheartVideo.23.08.14.Slimthick.Vic.And.Chanel.Camryn.Craving.Her.XXX.1080p.MP4-WRB[XC] / sweetheartvideo.23.08.14.slimthick.vic.and.chanel.camryn.craving.her.mp4,1
www.7MovieRulz.pe - Bheemante Vazhi (2021) 720p Malayalam HQ HDRip - x264 - (DD+5.1 - 192Kbps & AAC 2.0) - 1.2GB - ESub.mkv / www.7MovieRulz.pe - Bheemante Vazhi (2021) 720p Malayalam HQ HDRip - x264 - (DD+5.1 - 192Kbps & AAC 2.0) - 1.2GB - ESub.mkv,0
GirlfriendsFilms.20.12.01.Hazel.Heart.And.Remi.Jones.XXX.1080p.HEVC.x265.PRT / GirlfriendsFilms.20.12.01.Hazel.Heart.And.Remi.Jones.XXX.1080p.HEVC.x265.PRT.mp4,1
Zatoichis.Revenge.1965.1080p.BluRay.x264-PHOBOS[rarbg] / Zatoichis.Revenge.1965.1080p.BluRay.x264-PHOBOS.mkv,0
(ANJD-018)白石さゆり-過激！！ノンストップLIVE -エンドレスファッカー / mp4/(ANJD-018)白石さゆり-過激！！ノンストップLIVE -エンドレスファッカー.mp4,1
www.TamilRockerrs.pl - Kanchana 3 (2019)[Tamil 1080p HQ PreDVDRip - x264 - 2.5GB - Original Audio].mkv / www.TamilRockerrs.pl - Kanchana 3 (2019)[Tamil 1080p HQ PreDVDRip - x264 - 2.5GB - Original Audio].mkv,0
[SFEO-Raws] 战国BASARA Judge End Sengoku Basara Judge End 01-12 (BD 720P x264 10bit AAC) / [SFEO-Raws] Sengoku Basara Judge End - 12 (BD 720P x264 10bit AAC)[714B93FC].mp4,0
www.Torrenting.org - Scaled S01E03 1080p WEB x264-57CHAN / Scaled.S01E03.1080p.WEB.x264.mkv,0
The.Mysteries.of.Laura.S02E04.HDTV.x264-LOL[ettv] / the.mysteries.of.laura.204.hdtv-lol[ettv].mp4,0
318lady-363-C / 318lady-363-C.mp4,1
BBCPie.25.06.14.Charlotte.Mae.BBC.Work.Out.XXX.1080p.MP4-WRB[XC] / bbcpie.25.06.14.charlotte.mae.bbc.work.out.mp4,1
BrazzersExxtra.25.05.12.Kayley.Gunner.Reality.Fucks.XXX.1080p.MP4-WRB[XC] / brazzersexxtra.25.05.12.kayley.gunner.reality.fucks.mp4,1
新晋大奶两闺蜜【暴力少女】跳跳糖晗JJ~双飞啪啪~爽炸啦! / 新晋大奶两闺蜜【暴力少女】跳跳糖晗JJ~双飞啪啪~爽炸啦!.mp4,1
The Summer I Turned Pretty S03E06 1080p WEB HEVC x265-RMTeam / The Summer I Turned Pretty S03E06 1080p WEB HEVC x265-RMTeam.mkv,0
The.Ex.Wife.S01.WEBRip.x264-ION10[eztv.re] / The.Ex.Wife.S01E01.WEBRip.x264-ION10[eztv.re].mp4,0
WonderVAFLYA.2018.HDRip-AVC.mkv / WonderVAFLYA.2018.HDRip-AVC.mkv,0
Elementary.S04E17.720p.HDTV.X264-DIMENSION[rarbg] / Elementary.S04E17.720p.HDTV.X264-DIMENSION.mkv,0
HAVD-971R / HAVD-971R.mp4,1
One Piece [HDTV 720p][Cap.104](wolfmax4k.com) / One Piece [HDTV 720p][Cap.104](wolfmax4k.com).mkv,0
[ Torrent911.tv ] The.Good.Fight.S06E03.FRENCH.WEB.x264-EXTREME.mkv / [ Torrent911.tv ] The.Good.Fight.S06E03.FRENCH.WEB.x264-EXTREME.mkv,0
Selma (2014) / Selma.2014.720p.BluRay.x264.YIFY.mp4,0
【新作】FansOne 夏晴子 女王的男奴 今晚女王有空审判你 / FansOne夏晴子XiaQingZi(candybaby0919)女王的男奴今晚女王有空审判你.mp4,1
aavv36.xyz@G奶御姐！超骚~超漂亮【全网最白奶子】道具抽插~好过瘾这对大车灯满分，确实是吊打全场的水平了 / aavv36.xyz@G奶御姐！超骚~超漂亮【全网最白奶子】道具抽插~好过瘾这对大车灯满分，确实是吊打全场的水平了.mp4,1
GL885_Vivian Grace (2024-03-28) 720p.mp4 / GL885_Vivian Grace (2024-03-28) 720p.mp4,0
Lulu - Lesbian Camgirl Dominated by Two Guys 480p.mp4 / Lulu - Lesbian Camgirl Dominated by Two Guys 480p.mp4,1
颜值嫩妹【蕾娜姐姐】第一弹，毛少一线天，无套抽插狂干内射，逼都干红了 / 颜值嫩妹【蕾娜姐姐】第一弹，毛少一线天，无套抽插狂干内射，逼都干红了.mp4,1
bkd00251 / bkd00251.mp4,1
SCPX-403 / big2048.com@SCPX-403.mp4,1
1 / jav20s8.com@【211大学理科生】，暑假，学生妹一个人在家，敷面膜，洗澡，逗猫，青春少女胴体，跳蛋自慰，寂寞难耐小骚货.mp4,1
CastingCouch-HD - Katie Cai - Katie's Audition (23.02.2024) rq.mp4 / CastingCouch-HD - Katie Cai - Katie's Audition (23.02.2024) rq.mp4,1
Sicario.Day.of.the.Soldado.2018.1080p.AMZN.WEBRip.DD5.1.x264_rus_BadBajo.mkv / Sicario.Day.of.the.Soldado.2018.1080p.AMZN.WEBRip.DD5.1.x264_rus_BadBajo.mkv,0
chikan@T66Y@yrz-015 / yrz-015.mp4,1
Good Omens.720p.LostFilm / Good.Omens.s01e04.WEB-DL.720p.Rus.Eng.LostFilm.mkv,0
【N46字幕组】残美 EP01~10 / 【N46字幕组】残美 EP09.mkv,1
Star.Wars.The.Bad.Batch.S03E12.1080p.rus.LostFilm.TV.mkv / Star.Wars.The.Bad.Batch.S03E12.1080p.rus.LostFilm.TV.mkv,0
Sloppy Cocksuckers / swe6-scs.mp4,1
Straight Outta Compton.2015.HDRip.XViD.AC3-ETRG / ETRG.mp4,1
素人花样美少妇性感内衣搔首弄姿掰穴自慰，特写小粉蝴蝶逼 / 素人花样美少妇性感内衣搔首弄姿掰穴自慰，特写小粉蝴蝶逼.mp4,1
顶级淫妻博主【小熊爸爸】调教哺乳期老婆 上面喂奶下面被老公干，淫水奶水齐飞，相当刺激，哺乳期性欲更加旺盛了 / 顶级淫妻博主【小熊爸爸】调教哺乳期老婆 上面喂奶下面被老公干，淫水奶水齐飞，相当刺激，哺乳期性欲更加旺盛了.mp4,1
"-颜值少妇【小狐狸520】第四弹，反差御姐,裸舞诱惑，熟女卖骚，道具自慰 / ri.bi-颜值少妇【小狐狸520】第四弹，反差御姐,裸舞诱惑，熟女卖骚，道具自慰.mp4",1
Lacy Lennon - Getting Lucky With Lacy (06.03.2019).mp4 / Lacy Lennon - Getting Lucky With Lacy (06.03.2019).mp4,0
The.Undoing.S01.2020.WEB-DL.(1080p).ExKinoRay / The.Undoing.S01.E06.2020.WEB-DL.(1080p).ExKinoRay.mkv,0
[Anon]Kamen_Rider_Gavv / [Anon]Kamen_Rider_Gavv_18_HD1080_x265[4E907FA1].mp4,1
The.Amateur.2025.D.TS.1O8Op.mkv / The.Amateur.2025.D.TS.1O8Op.mkv,1
KinkyInLaws.17.03.01.Angie.Moon.XXX.1080p.MP4-KTR[N1C] / kinkyinlaws.17.03.01.angie.moon[N1C].mp4,1
La.Casa.de.Papel.s05.HD1080p.WEBRip.Rus.BaibaKo.tv / La.Casa.de.Papel.s05e10.HD1080p.WEBRip.Rus.BaibaKo.tv.mkv,0
0177_高颜值母狗美女给主人极致的服务 / 高颜值母狗美女给主人极致的服务.mp4,1
[SweetSub&LoliHouse] Mobile Suit Gundam GQuuuuuuX - 10v2 [WebRip 1080p HEVC-10bit AAC ASSx2].mkv / [SweetSub&LoliHouse] Mobile Suit Gundam GQuuuuuuX - 10v2 [WebRip 1080p HEVC-10bit AAC ASSx2].mkv,0
Moonshiners.S14.2025 / Moonshiners.S14E03.Knockout.Punch.mp4,1
Welcome to the Outcast's Restaurant! / Welcome to the Outcast's Restaurant! - S01E07 [1080p].mkv,0
TheRealWorkout.23.10.19.Riley.Reign.More.Than.Fitness.XXX.480p.MP4-XXX[XC] / therealworkout.23.10.19.riley.reign.more.than.fitness.480p.mp4,1
Americas Got Talent S20E07 720p WEB H264-JFF[EZTVx.to].mkv / Americas Got Talent S20E07 720p WEB H264-JFF[EZTVx.to].mkv,0
斗鱼主播极品大奶小玉-专属定制福利400P60V，酥酥的娇喘呻吟声，听了瞬间就硬得跟石头一样从未觉得这么刺激 / 斗鱼主播极品大奶小玉-专属定制福利400P60V，酥酥的娇喘呻吟声，听了瞬间就硬得跟石头一样从未觉得这么刺激.mp4,1
z743 / FAX-474.mp4,1
Falling Like Snowflakes 2024 1080p WEB-DL HEVC x265 5.1 BONE.mkv / Falling Like Snowflakes 2024 1080p WEB-DL HEVC x265 5.1 BONE.mkv,0
Sherlock.Mladshij.1924.x264.BDRip(1080p).mkv / Sherlock.Mladshij.1924.x264.BDRip(1080p).mkv,0
NSFS-136 / NSFS-136.H265.mp4,1
TVBOXNOW 美食新聞報道 EP192.mp4 / TVBOXNOW 美食新聞報道 EP192.mp4,1
UFC.Fight.Night.252.Cejudo.vs.Song.1080p.WEB-DL.H264.Fight-BB.mkv / UFC.Fight.Night.252.Cejudo.vs.Song.1080p.WEB-DL.H264.Fight-BB.mkv,1
Maps.to.the.Stars.2014.HDRip.XViD-juggs[ETRG] / ETRG.mp4,0
Alias.Grace.S01.720p.LostFilm / Alias.Grace.S01E02.720p.P.LostFilm.mkv,0
FC2-PPV-3146726 / FC2-PPV-3146726.H265.mp4,1
STARS-265-U / STARS-265-U.mp4,1
Tyler.Perrys.Sistas.S07E17.WEB.x264-TORRENTGALAXY[TGx] / Tyler.Perrys.Sistas.S07E17.WEB.x264-TORRENTGALAXY.mkv,0
madoubt.com 869659.xyz GVH-763 / madoubt.com 869659.xyz GVH-763.mp4,1
DorcelClub.23.10.20.Lauren.Walker.And.Clara.Mia.XXX.720p.HEVC.x265.PRT / DorcelClub.23.10.20.Lauren.Walker.And.Clara.Mia.XXX.720p.HEVC.x265.PRT.mp4,1
✨【胸奴狂喜】韩国顶级BBW豪乳女主播、天然高颜值奶后「wltn9818」露脸撩骚秀大奶，震撼眼球，极致享受② / 66223 - (14) - 韩国主播~巨乳奶王【wltn9818】极品高颜值~顶级巨乳~极致享受 2 #韩国 #主播 #巨乳 #wltn9818 #露脸.mp4,1
Blacked - Emma Rosie - Training Day (13.01.2024) rq.mp4 / Blacked - Emma Rosie - Training Day (13.01.2024) rq.mp4,1
Elana Bunnz - Big Digs And Sloppy Sets (21.08.2025)_1080p.mp4 / Elana Bunnz - Big Digs And Sloppy Sets (21.08.2025)_1080p.mp4,0
Dad's Army Series 5 DVDrip [H264 AAC](sq@TGx) / Dad's Army Series 5ep9 When Did You Last See Your Money .mp4,0
真实反差女神！土豪重金定制，高颜气质长腿马甲线【是素素呀】私拍，紫薇放尿各种淫态展示，夸张大毛逼一看就是欲女 / 真实反差女神！土豪重金定制，高颜气质长腿马甲线【是素素呀】私拍，紫薇放尿各种淫态展示，夸张大毛逼一看就是欲女.mp4,1
最新电报群『淫妻美女』私拍流出 淫乱女神性爱乱操 只要性不要爱 完美露脸 / 最新电报群『淫妻美女』私拍流出 淫乱女神性爱乱操 只要性不要爱 完美露脸.mp4,1
极品一字马，媚黑反差婊，舞蹈演员【gfeinjapan】福利，各种性爱，任何姿势都能拿捏 / 极品一字马，媚黑反差婊，舞蹈演员【gfeinjapan】福利，各种性爱，任何姿势都能拿捏.mp4,1
Ludwig - 1x04.mp4 / Ludwig - 1x04.mp4,1
我的精致香港知性女友 / 我的精致香港知性女友.mp4,1
The Road Home For Christmas (2019) [720p] [WEBRip] [YTS.MX] / The.Road.Home.For.Christmas.2019.720p.WEBRip.x264.AAC-[YTS.MX].mp4,0
Mob.Land.2023.HDCAM.c1nem4.x264-SUNSCREEN[TGx] / Mob.Land.2023.HDCAM.c1nem4.x264-SUNSCREEN.mkv,0
OnlyFans.22.09.22.Gemma.Wren.And.Effy.Cutie.Starfire.And.Raven.Have.So.Much.Fun.Fucking.Each.OtherXXX.1080p.MP4-P2P[XC] / onlyfans.22.09.22.gemma.wren.and.effy.cutie.starfire.and.raven.have.so.much.fun.fucking.each.otherxxx.mp4,1
Assault on Wall Street (2013) BDRemux. 1080p.mkv / Assault on Wall Street (2013) BDRemux. 1080p.mkv,0
vittoria-dolce-and-mugur-and-david-perry-and-thomas-stone_-_untitled_80199d1_360_1200.mp4 / vittoria-dolce-and-mugur-and-david-perry-and-thomas-stone_-_untitled_80199d1_360_1200.mp4,1
极品超美御姐【繁花女主角】横店演戏好几年古装裸舞大美女每天不同反差角色道具自慰 / 极品超美御姐【繁花女主角】横店演戏好几年古装裸舞大美女每天不同反差角色道具自慰.mp4,1
200GANA-2632 / hhd800.com@200GANA-2632.mp4,1
05.homa043 / homa043.mp4,1
[HorribleSubs] Concrete Revolutio - 10 [720p].mkv / [HorribleSubs] Concrete Revolutio - 10 [720p].mkv,1
RuPauls.Drag.Race.S16E11.1080p.HEVC.x265-MeGusta[EZTVx.to].mkv / RuPauls.Drag.Race.S16E11.1080p.HEVC.x265-MeGusta[EZTVx.to].mkv,0
madoubt.com 598993.xyz 1pondo-091724_001 / madoubt.com 598993.xyz 1pondo-091724_001.mp4,1
WANZ-263 / WANZ-263.mkv,1
The Lord of the Rings The Fellowship of the Ring [Extended Edition] (2001) BDRip 1080p [HEVC] 10bit.mkv / The Lord of the Rings The Fellowship of the Ring [Extended Edition] (2001) BDRip 1080p [HEVC] 10bit.mkv,0
Amari.Gold.anal.mp4 / Amari.Gold.anal.mp4,1
Masha.And.The.Bear.S04.COMPLETE.720p.HMAX.WEBRip.x264-GalaxyTV[TGx] / Masha.And.The.Bear.S04E04.720p.HMAX.WEBRip.x264-GalaxyTV.mkv,0
231_香蕉秀xjx0165难忘的毕业季与同学的性交日记 / 香蕉秀xjx0165难忘的毕业季与同学的性交日记.mp4,1
推特优质超强调教大佬【奴隶物语】新奴兔兔体罚狗笼贞操带狗链电击口爆淫语各种蹂躏第二弹 / 推特优质超强调教大佬【奴隶物语】新奴兔兔体罚狗笼贞操带狗链电击口爆淫语各种蹂躏第二弹.mp4,1
Shetland [HDTV 720p][Cap.401] / Shetland [HDTV 720p][Cap.401](wolfmax4k.com).mkv,0
AllInternal.20.12.18.Jenny.Manson.XXX.1080p.HEVC.x265.PRT[XvX] / AllInternal.20.12.18.Jenny.Manson.XXX.1080p.HEVC.x265.PRT.mkv,1
Ryoujoku_rinne_+_Zoku_tsuma_netori_-_Ikumi_to_Shizuka_(2018)_[1280-720][Galan_rus_raw] / Zoku_tsuma_netori_-_Ikumi_to_Shizuka_[1280-720][Galan_rus_raw][B4ED449F].mkv,1
mifd-014 / [456k.me]mifd-014.mp4,1
www.UIndex.org    -    BlackedRaw.25.07.05.Eve.Sweet.XXX.1080p.MP4-NBQ / blackedraw.25.07.05.eve.sweet.mp4,1
Kalvin Phillips The Road To City (2023) [720p] [WEBRip] [YTS.MX] / Kalvin.Phillips.The.Road.To.City.2023.720p.WEBRip.x264.AAC-[YTS.MX].mp4,0
Anacondas The Hunt For The Blood Orchid (2004) [BluRay] [1080p] [YTS.LT] / Anacondas.The.Hunt.For.The.Blood.Orchid.2004.1080p.BluRay.x264-[YTS.LT].mp4,0
AnalTherapyXXX.25.05.17.Penelope.Woods.The.Camera.XXX.480p.MP4-XXX[XC] / analtherapy.25.05.17.penelope.woods.the.camera.480p.mp4,1
ABP-606-uncensored-HD / ABP-606-uncensored-nyap2p.com.mp4,1
[HorribleSubs] Deadman Wonderland  - 10 [720p].mkv / [HorribleSubs] Deadman Wonderland  - 10 [720p].mkv,0
HardX Just Tease Compilation 2 [1080p].mp4 / HardX Just Tease Compilation 2 [1080p].mp4,0
[WoodmanCastingX] Sabrina Moor - Hard - Great fuck with 3 men (22.09.2017) tk (480p).mp4 / [WoodmanCastingX] Sabrina Moor - Hard - Great fuck with 3 men (22.09.2017) tk (480p).mp4,0
Agnyaathavaasi.(2018).Tamil-Hindi.Dubbed.HDRip[OpenTsubasa] / Agnyaathavaasi.(2018).Tamil-Hindi.Dubbed.HDRip[OpenTsubasa].mkv,1
Road.House.1989.BDRip.1080p.mkv / Road.House.1989.BDRip.1080p.mkv,0
"BrattySis - Emma Rosie, Liz Jordan - Tasting Stepbrothers Cum (13.06.2025) rq.mp4 / BrattySis - Emma Rosie, Liz Jordan - Tasting Stepbrothers Cum (13.06.2025) rq.mp4",1
"超级女神【温尔】回归！天使般的颜值笑容，奶子为什么红红的？,超粉的逼逼 央求狼友一起观赏掰开看淫穴！ / 超级女神【温尔】回归！天使般的颜值笑容，奶子为什么红红的？,超粉的逼逼 央求狼友一起观赏掰开看淫穴！.mp4",1
FC2-PPV-2839500 / FC2-PPV-2839500.H265.mp4,1
www.UIndex.org    -    Frieren Beyond Journeys End S01E24 REPACK 1080p CR WEB-DL DUAL DDP2 0 H 264-Kitsune / Frieren Beyond Journeys End S01E24 REPACK 1080p CR WEB-DL DUAL DDP2 0 H 264-Kitsune.mkv,0
Swimming.Home.2024.576p.WEBRip.x265.AC3-TuKCo / Swimming.Home.2024.576p.WEBRip.x265.AC3-TuKCo.mkv,0
BrazzersExxtra.22.04.15.Syren.De.Mer.And.Jesse.Pony.XXX.480p.MP4-XXX / brazzersexxtra.22.04.15.syren.de.mer.and.jesse.pony.mp4,1
Scream VI (2023) [1080p] [BluRay] [5.1] [YTS.MX] / Scream.VI.2023.1080p.BluRay.x264.AAC5.1-[YTS.MX].mp4,0
高颜值极品大奶美艳少妇，超薄肉丝高跟站立后入表情迷人大奶狂甩，调情诱惑跪舔深喉道具 / 高颜值极品大奶美艳少妇，超薄肉丝高跟站立后入表情迷人大奶狂甩，调情诱惑跪舔深喉道具.mp4,1
SSNI-704-C / SSNI-704-C.mp4,1
Doktor.Kto.1.sezon.(01-13.serij.iz.13).2005.x264.DVDRip.560p / Doktor.Kto.(1.sezon.13).2005.x264.DVDRip.560p.mkv,1
The Cars - Strap Me In.mkv / The Cars - Strap Me In.mkv,0
FTVGirls Giulia sd / giulia-00009102-06-480p.mp4,1
[SubsPlease] Tougen Anki - 04 (480p) [90EC5284].mkv / [SubsPlease] Tougen Anki - 04 (480p) [90EC5284].mkv,1
Battle.for.Sevastopol.2015.1080p.WEB-DL.H.264.DD5.1-BLUEBIRD [MovietaM].mkv / Battle.for.Sevastopol.2015.1080p.WEB-DL.H.264.DD5.1-BLUEBIRD [MovietaM].mkv,0
Aladdin (1986) [720p] [WEBRip] [YTS.MX] / Aladdin.1986.720p.WEBRip.x264.AAC-[YTS.MX].mp4,0
_milkyway_16.03.2023_12-39_leopard skirt_black top_black stockings_doggystyle_ass n tits tease_spit_steel butt plug.mp4 / _milkyway_16.03.2023_12-39_leopard skirt_black top_black stockings_doggystyle_ass n tits tease_spit_steel butt plug.mp4,1
台湾天然美胸熟女人妻中出女王「Jixxielee」「骚猫儿」OF私拍 / 台湾天然美胸熟女人妻中出女王「Jixxielee」「骚猫儿」OF私拍.mp4,1
OnlyFans - Swedish Peach - Anal Fuck With BF 2 rq.mp4 / OnlyFans - Swedish Peach - Anal Fuck With BF 2 rq.mp4,1
换妻界的顶流，新加坡华裔【爱玩夫妻】，到瀑布下群交野战，来一场激情的精液SPA，劲爆！ / 换妻界的顶流，新加坡华裔【爱玩夫妻】，到瀑布下群交野战，来一场激情的精液SPA，劲爆！.mp4,1
The.Sandman.S02E10.720p.rus.LostFilm.TV.mp4 / The.Sandman.S02E10.720p.rus.LostFilm.TV.mp4,0
Frankie.Drake.Mysteries.S02E07.WEBRip.x264-TBS[ettv] / frankie.drake.mysteries.s02e07.webrip.x264-tbs[ettv].mkv,0
1923_(s01)_Jaskier_2160p / 1923.2022.S01E01.2160p.AMZN.WEB-DL.DDP5.1.x265-NTb_EniaHD.mkv,0
[168x.me]hkd00116 / hkd00116.mp4,1
【家庭偷窥第二季】最新破解家庭摄像头 偷窥啪啪啪（第二十九部） / 【家庭偷窥第二季】最新破解家庭摄像头 偷窥啪啪啪（第二十九部）.mp4,1
Strange.Darling.2023.MVO.WEB-DLRip.x264.mkv / Strange.Darling.2023.MVO.WEB-DLRip.x264.mkv,0
推特约啪大神，【Toro S】付费福利，记录各种反差发骚日常，各种05后嫩妹，完美露脸，排队草过瘾 / 推特约啪大神，【Toro S】付费福利，记录各种反差发骚日常，各种05后嫩妹，完美露脸，排队草过瘾.mp4,1
BrazzersExxtra.22.04.01.Carla.Boom.And.Sylvia.Buntarka.Wait.Who.Am.I.Fucking.XXX.720p.MP4-XXX / brazzersexxtra.22.04.01.carla.boom.and.sylvia.buntarka.wait.who.am.i.fucking.720p.mp4,1
DaneJones.22.05.26.Marina.Maya.XXX.480p.MP4-XXX / danejones.22.05.26.marina.maya.mp4,1
21.12.2023_WEBDL_Yurievij_Soubrettes A Partager - French Maids to Share (Marc Dorcel) 2017 WEB-DL 720p.mp4 / 21.12.2023_WEBDL_Yurievij_Soubrettes A Partager - French Maids to Share (Marc Dorcel) 2017 WEB-DL 720p.mp4,0
Logan.2017.2160p.UHD.HDR.BluRay.(x265 10bit DD5.1).[WMAN-LorD].mkv / Logan.2017.2160p.UHD.HDR.BluRay.(x265 10bit DD5.1).[WMAN-LorD].mkv,0
白皙皮肤美乳肉肉妹子自慰秀 脱掉内衣道具抽插自摸毛毛比较浓密诱人 很是诱惑不要错过 / 白皙皮肤美乳肉肉妹子自慰秀 脱掉内衣道具抽插自摸毛毛比较浓密诱人 很是诱惑不要错过.mp4,1
Americas.Got.Talent.S20E01.480p.x264-mSD[EZTVx.to].mkv / Americas.Got.Talent.S20E01.480p.x264-mSD[EZTVx.to].mkv,0
FC2-PPV-1954710 / FC2-PPV-1954710.mp4,1
Legacy.The.True.Story.of.the.LA.Lakers.S01E08.480p.x264-mSD[eztv.re].mkv / Legacy.The.True.Story.of.the.LA.Lakers.S01E08.480p.x264-mSD[eztv.re].mkv,0
BLACKED Sabrina Banks and Jillian Janson fucked in threesome PIR@TE / BLACKED Sabrina Banks and Jillian Janson fucked in threesome PIR@TE.mp4,0
Mature.nl Gertruda (47) & Bruno Baxter (21) - Lucky me gets to fuck my horny stepmom Gertruda with her big natural tits and her lust for my cock.mp4 / Mature.nl Gertruda (47) & Bruno Baxter (21) - Lucky me gets to fuck my horny stepmom Gertruda with her big natural tits and her lust for my cock.mp4,0
超极品颜值，【Puppy袭月】，付费福利，商场餐厅露出，后面人来人往，那紧张的小眼神爱了爱了 / 超极品颜值，【Puppy袭月】，付费福利，商场餐厅露出，后面人来人往，那紧张的小眼神爱了爱了.mp4,1
推特大神joker全网最强最全最精致合集出炉 / 推特大神joker全网最强最全最精致合集出炉.mp4,1
FC2-PPV-3062161 / hhd800.com@FC2-PPV-3062161.mp4,1
[44x.me]SSNI-226 / 226.mp4,1
Ch5.Danger.50000.Volts.6of9.x264.AAC.MVGroup.Forum.mkv / Ch5.Danger.50000.Volts.6of9.x264.AAC.MVGroup.Forum.mkv,0
Fany.Menezes.Fanny.Menezes.After.The.Massage.Fucks.Her.Ass.And.Gets.Fucked.By.The.Masseur.anal.bigass.blowjob.fisting.hardcore.latina.trans.mp4 / Fany.Menezes.Fanny.Menezes.After.The.Massage.Fucks.Her.Ass.And.Gets.Fucked.By.The.Masseur.anal.bigass.blowjob.fisting.hardcore.latina.trans.mp4,1
KinkyInLaws.17.07.19.Katy.Rose.And.Alexis.Crystal.XXX.1080p.MP4-KTR[N1C] / kinkyinlaws.17.07.19.katy.rose.and.alexis.crystal[N1C].mp4,1
[JAV] [Uncensored] N0883 [1080p] / n0883.mkv,1
Lady Buxxx - Saggy Tits Milf Lady Buxxx Gets Extreme Face Fucked (17.08.2025)_720p.mp4 / Lady Buxxx - Saggy Tits Milf Lady Buxxx Gets Extreme Face Fucked (17.08.2025)_720p.mp4,1
字母圈天津巨乳母狗【红丽】中出内射自慰器插入尿道高潮出水干出血，阴蒂拔罐牛奶灌肠洪水爆发，视觉冲击 / 字母圈天津巨乳母狗【红丽】中出内射自慰器插入尿道高潮出水干出血，阴蒂拔罐牛奶灌肠洪水爆发，视觉冲击.mp4,1
[Kirion] Fate - Grand Order - First Order - [ver2] / [Kirion] Fate - Grand Order - First Order (BD 1280x720 x264 AAC).mp4,0
JUY-797.mp4 / JUY-797.mp4,1
Magical World Of Winnie The Pooh - Vol. 1 - All For One And One For All aac h.264[winker] / wtp.mp4,0
Katt.Williams.World.War.III.2022.1080p.WEBRip.x264-RARBG / Katt.Williams.World.War.III.2022.1080p.WEBRip.x264-RARBG.mp4,0
"[TeensLoveHugeCocks] Bella Rolland, Ellie Eilish - Towel Girl 3 (24.01.2020) rq.mp4 / [TeensLoveHugeCocks] Bella Rolland, Ellie Eilish - Towel Girl 3 (24.01.2020) rq.mp4",1
MonstersOfCock.19.12.29.Natalie.Brooks.XXX.720p.HEVC.x265.PRT / MonstersOfCock.19.12.29.Natalie.Brooks.XXX.720p.HEVC.x265.PRT.mp4,1
Young.18.Years.Old.Teens.XXX.iNTERNAL.1080p.WEBRiP.MP4-GUSH[rarbg] / gush.young.18.years.old.teens.mp4,1
Dominando a Inteligencia Artificial - Alex Vargas / Módulo 13 - Criacao de Imagens usando IA/04 - Conclusão.mp4,0
Catch-22 (2019) Season 1 S01 (1080p HULU WEB-DL x265 HEVC 10bit EAC3 5.1 Ghost) / Catch-22 (2019) - S01E02 - Episode 2 (1080p HULU WEB-DL x265 Ghost).mkv,0
Un.Matrimonio.di.Troppo.2025.1080p.AMZN.WEB-DL.DDP5.1.H264-FHC.mkv / Un.Matrimonio.di.Troppo.2025.1080p.AMZN.WEB-DL.DDP5.1.H264-FHC.mkv,0
[Premiumbukkake] - 2023.11.23 - Fanta Sie #1 Bukkake (Pb 350 Cam1)-1 [480p].mp4 / [Premiumbukkake] - 2023.11.23 - Fanta Sie #1 Bukkake (Pb 350 Cam1)-1 [480p].mp4,1
Andrea.Retali_720p / Andrea.Retali_720p.mp4,0
Yolki.8.2021.WEB-DL.1080p.ExKInoRay.mkv / Yolki.8.2021.WEB-DL.1080p.ExKInoRay.mkv,0
白肤美乳骚货圣诞情趣装酸奶抹鸡巴吃的真享受无套内射淫语不断 / 白肤美乳骚货圣诞情趣装酸奶抹鸡巴吃的真享受无套内射淫语不断.mp4,1
Hello.Titty.13.XXX.720p.WEBRip.x264-GalaXXXy[XvX] / Hello.Titty.13.XXX.720p.WEBRip.x264-GalaXXXy.mkv,1
Round.6.2025.S03.WEB-DL.1080p.x264.DUAL.5.1-SF / Round.6.S03E03.WEB-DL.1080p.x264.DUAL.5.1-SF.mkv,0
Ookami to Koushinryou - 03 「港町と甘い誘惑」 (AT-X 1280x720 x264 AAC).mkv / Ookami to Koushinryou - 03 「港町と甘い誘惑」 (AT-X 1280x720 x264 AAC).mkv,0
你的女神大佬的母狗~专业SM社区字母圈神人【DOM窒息】调教作品 粉丝投稿绝版全套~秒懂下 / 你的女神大佬的母狗~专业SM社区字母圈神人【DOM窒息】调教作品 粉丝投稿绝版全套~秒懂下.mp4,1
KarupsOW.19.04.24.Tori.Black.Solo.1.XXX.1080p.MP4-KTR[XvX] / kow.19.04.24.tori.black.solo.1.mp4,1
推特国人美女超好身材绿茶裱 Donald_S啪啪全集 / 推特国人美女超好身材绿茶裱 Donald_S啪啪全集.mp4,1
[MagicStar] Eye See ~ Shunkan Kioku Sousa Hiiragi-han ~ EP08 [WEBDL] [1080p] [FOD] [JPN_SUB] / Eye.See.Shunkan.Kioku.Sousa.Hiiragi.han.EP08.1080p.FOD.WEB-DL.AAC2.0.H.264-MagicStar.mkv,0
madoubt.com 259528.xyz heyzo-3321 / madoubt.com 259528.xyz heyzo-3321.mp4,1
fc2-ppv-1005517-hd / fc2-ppv-1005517-kan224.com.mp4,1
Nemcy.2020.WEB-DL.720p / 08.Nemcy.2020.WEB-DL.720p.mkv,0
madoubt.com 925686.xyz FOCS-270 / madoubt.com 925686.xyz FOCS-270.mp4,1
[Nympho] Jazlyn Ray - Jazlyn Gets Dicked Down (nym0172) (23-09-2021) 720p.mp4 / [Nympho] Jazlyn Ray - Jazlyn Gets Dicked Down (nym0172) (23-09-2021) 720p.mp4,0
JUQ-941-C_GG5-C_GG5 / gg5.co@JUQ-941-C_GG5-C_GG5.mp4,1
TFG-016 Nana Usami / 138_3xplanet_TFG-016.mp4,1
The Babysitter (2017) 720p / The Babysitter (2017) 720p.mkv,0
AllOver30.18.09.11.Zinnia.Blue.Ladies.With.Toys.XXX.1080p.MP4-KTR[rarbg] / allover30.18.09.11.zinnia.blue.ladies.with.toys.mp4,1
START-350-C / START-350-C.mp4,1
The.UnXplained.S02E09.720p.HEVC.x265-MeGusta[eztv.io].mkv / The.UnXplained.S02E09.720p.HEVC.x265-MeGusta[eztv.io].mkv,0
抖S女王【长沙朵朵】淫语调教榜一，强制足交 / 抖S女王【长沙朵朵】淫语调教榜一，强制足交.mp4,1
[HorribleSubs] Overlord III - 09 [1080p].mkv / [HorribleSubs] Overlord III - 09 [1080p].mkv,0
DjuNKeLL - Прокачай свой эксплуатационный скилл / 04_episode.mp4,1
Neobyknovennye.prikljuchenija.Karika.i.Vali.1987.DVDRip-AVC.mkv / Neobyknovennye.prikljuchenija.Karika.i.Vali.1987.DVDRip-AVC.mkv,0
Joker.Folie.a.Deux.2024.1080p.WEB.H264.mkv / Joker.Folie.a.Deux.2024.1080p.WEB.H264.mkv,0
"메모리 Memory,2022.1080p.KOR.FHDRip.H264.AAC-REEL.mp4 / 메모리 Memory,2022.1080p.KOR.FHDRip.H264.AAC-REEL.mp4",0
Murder.in.a.Small.Town.2024.S01E01.720p.HDTV.x264-SYNCOPY[EZTVx.to].mkv / Murder.in.a.Small.Town.2024.S01E01.720p.HDTV.x264-SYNCOPY[EZTVx.to].mkv,0
[FreeCoursesOnline.Me] Rock the JVM - Advanced Scala 3 and Functional Programming / lesson31.mp4,0
2020-She will tell them how it works in this old and young threesome / She will tell them how it works in this old and young threesome(2020).mp4,0
[SubsPlease] Tensei Kizoku no Isekai Boukenroku - 05 (720p) [EFD02A03].mkv / [SubsPlease] Tensei Kizoku no Isekai Boukenroku - 05 (720p) [EFD02A03].mkv,0
YoungBusty.18.08.06.Jessie.B.Hardcore.XXX.SD.MP4-KLEENEX / YoungBusty.18.08.06.Jessie.B.Hardcore.XXX.SD.MP4-KLEENEX.mp4,1
DASS-618-C めるちゃんの脱糞鑑賞。糞数22分 / DASS-618_Uncen.mp4,1
"Puba.com  Nicoleaniston.com Nicole Aniston, Chad Alva - Nicole Aniston gets a good pounding from a tattooed stud!1080р.mp4 / Puba.com  Nicoleaniston.com Nicole Aniston, Chad Alva - Nicole Aniston gets a good pounding from a tattooed stud!1080р.mp4",1
PersonalAssistantGetsUpCloseAndPersonal_s01_JadeVenus_SageRoux3_2160p.mp4 / PersonalAssistantGetsUpCloseAndPersonal_s01_JadeVenus_SageRoux3_2160p.mp4,0
Cute little Japanese girl tries out having sex with dogs.mp4 / Cute little Japanese girl tries out having sex with dogs.mp4,0
超疯狂！KTV里，美女掰开BB，硬按客人头，让他舔B / 超疯狂！KTV里，美女掰开BB，硬按客人头，让他舔B.mp4,1
1992-Speedster / Speedster(1992).mkv,1
"Kristy Black anal fucking 2on1 with DP, DVP, DAP piss drinking SZ2337 sd.mp4 / Kristy Black anal fucking 2on1 with DP, DVP, DAP piss drinking SZ2337 sd.mp4",1
Ataka.1080p.WEB-DLRip.MPEG-AVC.2022.HoneyHaseena.mkv / Ataka.1080p.WEB-DLRip.MPEG-AVC.2022.HoneyHaseena.mkv,0
Tacoma.FD.S04E03.720p.HEVC.x265-MeGusta[eztv.re].mkv / Tacoma.FD.S04E03.720p.HEVC.x265-MeGusta[eztv.re].mkv,0
[Udemy] Git and github complete guide (2020) / 17 Advanced Git/209 Git reset.mp4,0
"浴室暗藏摄像头偷拍大奶子表姐洗澡,眼馋那个大奶好久了,今日终于一窥真面目了 / 浴室暗藏摄像头偷拍大奶子表姐洗澡,眼馋那个大奶好久了,今日终于一窥真面目了.mp4",1
上善若水@www.sexinsex.net@[DoctorAdventures]系列四部高清合集 / DoctorAdventures.16.11.21.Nikki.Benz.Nurse.Nikkis.House.Call.XXX.1080p.MP4-KTR[rarbg]/da.16.11.21.nikki.benz.nurse.nikkis.house.call.mp4,1
madoubt.com 956586.xyz fc2ppv-4549332 / madoubt.com 956586.xyz fc2ppv-4549332.mp4,1
227766.xyz fc2ppv-4230998 / 227766.xyz fc2ppv-4230998.mp4,1
FC2PPV-3106072 / FC2PPV-3106072-2.mp4,1
397KSKO-012.mp4 / 397KSKO-012.mp4,1
有夭23.mp4 / 有夭23.mp4,1
[ASW] Bartender - Kami no Glass - 08 [1080p HEVC][99897AFF].mkv / [ASW] Bartender - Kami no Glass - 08 [1080p HEVC][99897AFF].mkv,0
[AniDub]_Kami.wa.Game.ni.Uete.Iru / Kami.wa.Game.ni.Uete.Iru.s01e10.HD1080p.WEBRip.Rus.AniDub.com.mp4,0
[ OxTorrent.nz ] Power.Book.III.Raising.Kanan.S01E08.FRENCH.WEBRip.x264-FRATERNiTY.mkv / [ OxTorrent.nz ] Power.Book.III.Raising.Kanan.S01E08.FRENCH.WEBRip.x264-FRATERNiTY.mkv,0
Red.Shoes.And.The.Seven.Dwarfs.2019.720p.BluRay.H264.AAC-RARBG / Red.Shoes.And.The.Seven.Dwarfs.2019.720p.BluRay.H264.AAC-RARBG.mp4,0
Landman S01E09 WolfCamp 1080p AMZN WEB-DL DDP5 1 H 264-FLUX[EZTVx.to].mkv / Landman S01E09 WolfCamp 1080p AMZN WEB-DL DDP5 1 H 264-FLUX[EZTVx.to].mkv,0
madoubt.com 868985.xyz fc2ppv-1035070 / madoubt.com 868985.xyz fc2ppv-1035070.mp4,1
BrazzersExxtra.22.12.07.Kianna.Dior.Robbin.Banx.And.Slimthick.Vic.XXX.480p.MP4-XXX / brazzersexxtra.22.12.07.kianna.dior.robbin.banx.and.slimthick.vic.mp4,1
"Lady Gang assfucked by 1, 2, 3, 4 guys and then gangbanged by all 10 of them with DP, DVP and Piss Drinking SZ2486 (480p).mp4 / Lady Gang assfucked by 1, 2, 3, 4 guys and then gangbanged by all 10 of them with DP, DVP and Piss Drinking SZ2486 (480p).mp4",0
ph2013-10-14_1280.mp4 / ph2013-10-14_1280.mp4,1
Super - Attento crimine! (2010) 1080p BluRay x265 iTA ENG AC3 5.1 sub ita eng - iDN_CreW / Super - Attento crimine! (2010) 1080p BluRay x265 iTA ENG AC3 5.1 sub ita eng - iDN_CreW.mkv,0
102219-001-C / 102219-001-C.mp4,1
BrazzersExxtra.23.07.03.Susy.Gala.And.Maddison.Fox.Life.Is.Sex.XXX.1080p.HEVC.x265.PRT[XvX] / BrazzersExxtra.23.07.03.Susy.Gala.And.Maddison.Fox.Life.Is.Sex.XXX.1080p.HEVC.x265.PRT.mkv,1
Battle for Sevastopol (2015) / Battle for Sevastopol (2015).mp4,1
BlackBullChallenge.23.06.09.Alby.Daor.XXX.1080p.HEVC.x265.PRT[XvX] / BlackBullChallenge.23.06.09.Alby.Daor.XXX.1080p.HEVC.x265.PRT.mkv,1
Isekai Suicide Squad S01 1080p Dual Audio WEBRip DD+ x265-EMBER / [EMBER] Isekai Suicide Squad - 10 V2.mkv,0
PublicAgent - Dulce Maylene - Big Boobs Spanish Blonde (04.02.2025) rq.mp4 / PublicAgent - Dulce Maylene - Big Boobs Spanish Blonde (04.02.2025) rq.mp4,1
FC2-PPV-3423470 / hhd800.com@FC2-PPV-3423470.mp4,1
Untamed.S01.1080p.10bit.WEBRip.6CH.x265.HEVC-PSA / Untamed.S01E02.1080p.10bit.WEBRip.6CH.x265.HEVC-PSA.mkv,0
[WetAndPissy] (Claudia Macc) Lactating Pisser XXX (2022) (1080p HEVC) [GhostFreakXX] / [WetAndPissy] (Claudia Macc) Lactating Pisser XXX (2022) (1080p HEVC) [GhostFreakXX].mp4,1
That.Christmas.2024.DUB.WEB-DLRip.x264.seleZen.mkv / That.Christmas.2024.DUB.WEB-DLRip.x264.seleZen.mkv,0
"甜美气质长发黑丝女友,撕开丝袜就艹,经典传教士姿势插入,干完喘息休息良久 / 甜美氣質長發黑絲女友,撕開絲襪就艹,經典傳教士姿勢插入,幹完喘息休息良久.mp4",1
Prues.Great.Garden.Plot.S01.WEBRip.x264-ION10[eztv.re] / Prues.Great.Garden.Plot.S01E02.WEBRip.x264-ION10[eztv.re].mp4,0
Sea.Scouts.1939.1080p.WEBRip.x265-RARBG / Sea.Scouts.1939.1080p.WEBRip.x265-RARBG.mp4,0
MNGS-003-uncensored-HD / MNGS-003-uncensored-nyap2p.com.mp4,1
FLAV-378 / FLAV-378.H265.mp4,1
madoubt.com 252635.xyz heyzo-3351 / madoubt.com 252635.xyz heyzo-3351.mp4,1
mypervyfamily.25.01.23.lor.reign.its.been.so.long.4k.mp4 / mypervyfamily.25.01.23.lor.reign.its.been.so.long.4k.mp4,1
Naked.and.Afraid.XL.S03E06.Divided.We.Fall.720p.WEB.x264-WEBSTER[eztv].mkv / Naked.and.Afraid.XL.S03E06.Divided.We.Fall.720p.WEB.x264-WEBSTER[eztv].mkv,0
PowerFetish 6 Movies / glamorous whores fuck pussy with their feet lick boots and piss on each other.mp4,0
Bridget Joness Baby 2016 1080p BluRay REMUX AVC DTS HD MA 5 1 FGT / Bridget.Joness.Baby.2016.1080p.BluRay.REMUX.AVC.DTS-HD.MA.5.1-FGT.mkv,0
[SubsPlease] Unnamed Memory - 15v2 (1080p) [AF6021E0].mkv / [SubsPlease] Unnamed Memory - 15v2 (1080p) [AF6021E0].mkv,0
dxxdom.com@YUME-055 / YUME-055.mp4,1
Isis Love.mp4 / Isis Love.mp4,1
[FAF] Hitozuma Koukan Nikki  ~1 - 2~ (DVD 704x396 x264 AAC) / [FAF] Hitozuma Koukan Nikki  ~01~ (DVD 704x396 x264 AAC).mp4,0
"[PascalsSubSluts] Tanya Virago - Anal, please (14.04.2023) rq.mp4 / [PascalsSubSluts] Tanya Virago - Anal, please (14.04.2023) rq.mp4",1
SNIS-708 / SNIS-708.H265.mp4,1
91天堂系列豪华精品大片-素人约啪第五季：174高分模特潜规则实录，美女太敏感干的高喊：插的太深了，都到人家子宫了呀！爽，好舒服 ～1080P高清完整版！ / 91天堂系列豪华精品大片-素人约啪第五季：174高分模特潜规则实录，美女太敏感干的高喊：插的太深了，都到人家子宫了呀！爽，好舒服 ～1080P高清完整版！.mp4,1
Blade_Runner_2049_2017.D.BDRip.1080p.mkv / Blade_Runner_2049_2017.D.BDRip.1080p.mkv,0
SPRD-772 / DSR3HYN772.mp4,1
MetArt.23.12.19.Jessica.Brooks.Smoking.Hot.XXX.2160p.MP4-WRB[XvX] / metart.23.12.19.jessica.brooks.smoking.hot.4k.mp4,1
hjd2048.com-0907eyan128-h264 / hjd2048.com-0907eyan128-h264.mp4,1
Defloration.22.12.01.Rita.Hytropop.XXX.SD.MP4-KLEENEX / Defloration.22.12.01.Rita.Hytropop.XXX.SD.MP4-KLEENEX.mp4,1
Play Misty For Me (1971) [1080p] [BluRay] [YTS.MX] / Play.Misty.For.Me.1971.1080p.BluRay.x264.AAC-[YTS.MX].mp4,0
年轻可爱小美眉在大JJ小男友家中自拍视频8V / 年轻可爱小美眉在大JJ小男友家中自拍视频8V.mp4,1
kin8-3486-4K / kin8-3486-4K.mp4,1
风流3壮士(星空修复).The.Three.Lustketeers.1998.HD1080P.X264.AAC.国双粤语中字无水印 / 魅力社989pa.com-风流3壮士(星空修复).The.Three.Lustketeers.1998.HD1080P.X264.AAC.国双粤语中字无水印.mkv,0
H4610-ki190912 / H4610-ki190912.mp4,1
POVR.The.Matrixxx.Crystal.Rush.1920.mp4 / POVR.The.Matrixxx.Crystal.Rush.1920.mp4,1
Mickey's House Of Villains (2001) [WEBRip] [1080p] [YTS.AM] / Mickey's.House.Of.Villains.2001.1080p.WEBRip.x264-[YTS.AM].mp4,0
Pledge.2018.1080p.BluRay.x264.DTS-HD.MA.5.1-CHD / Pledge.2018.1080p.BluRay.x264.DTS-HD.MA.5.1-CHD.mkv,0
Gundi.Legenda.Za.Lyubovta.2024.WEB-DL.1080p.x264.AAC.BGAUDiO-4PLAY.mkv / Gundi.Legenda.Za.Lyubovta.2024.WEB-DL.1080p.x264.AAC.BGAUDiO-4PLAY.mkv,0
HMN-474-HD / HMN-474-HD.mp4,1
madoubt.com 252635.xyz heyzo-0821 / madoubt.com 252635.xyz heyzo-0821.mp4,1
VG408_Snezha (2024-10-16) 1080p.mp4 / VG408_Snezha (2024-10-16) 1080p.mp4,0
"Premature ejaculator, 3.mp4 / Premature ejaculator, 3.mp4",1
FWAY-009 / FWAY-009.mp4,1
The.War.With.Grandpa.2020.1080p.BluRay.H264.AAC / The.War.With.Grandpa.2020.1080p.BluRay.H264.AAC-RARBG.mp4,0
godfather.of.harlem.s02e04.720p.web.h264-ggez[eztv.re].mkv / godfather.of.harlem.s02e04.720p.web.h264-ggez[eztv.re].mkv,0
[Tutorialsplanet.NET] Udemy - Best QA Manual Software Testing Live Project+Agile+Jira+API / 8. API Testing/3. Real time examples of API Testing - Part1.mp4,0
DirtyWivesClub.24.11.08.Lolly.Dames.XXX.2160p.MP4-WRB[XC] / dirtywivesclub.24.11.08.lolly.dames.4k.mp4,1
【露脸女神&超颜反差】精选20套高颜美女生活淫乱私拍甄选『十八』各式御姐女神美女颜值身材在线 稀缺资源劲爆收藏 / 【露脸女神&超颜反差】精选20套高颜美女生活淫乱私拍甄选『十八』各式御姐女神美女颜值身材在线 稀缺资源劲爆收藏.mp4,1
NSPS-892  .mp4 / NSPS-892  .mp4,1
Russian Institute 01 1080 AI.mkv / Russian Institute 01 1080 AI.mkv,1
avav66.xyz@AGAV082 / avav66.xyz@AGAV082.mp4,1
Mayor.Of.Kingstown.S03E08.Captain.of.the.Sht.out.of.Luck.2160p.AMZN.WEB.DL.DDP5.1.H.265.HeBits-NTb / Mayor.Of.Kingstown.S03E08.Captain.of.the.Sht.out.of.Luck.2160p.AMZN.WEB.DL.DDP5.1.H.265-NTb.mkv,0
No Words Necessary HD.mp4 / No Words Necessary HD.mp4,1
Sanctuary.2022.WEB-DL.1080p_JNS82.mkv / Sanctuary.2022.WEB-DL.1080p_JNS82.mkv,0
Murdoch.Mysteries.S17E08.720p.HEVC.x265-MeGusta[eztv.re].mkv / Murdoch.Mysteries.S17E08.720p.HEVC.x265-MeGusta[eztv.re].mkv,0
高门槛梦幻联动，顶级绿帽网红大咖联手【绿帽女友 你的大婊姐】，当着男友的面给戴绿帽子 / 高门槛梦幻联动，顶级绿帽网红大咖联手【绿帽女友 你的大婊姐】，当着男友的面给戴绿帽子.mp4,1
Lola Cheeks - Teach Me To Fuck And Fish (19.07.2025)_720p.mp4 / Lola Cheeks - Teach Me To Fuck And Fish (19.07.2025)_720p.mp4,0
Infinia sez 1 / Infamia.S01E04.PL.1080p.NF.WEB-DL.x264-KiT.mkv,0
madoubt.com 293826.xyz heyzo-3576 / madoubt.com 293826.xyz heyzo-3576.mp4,1
JUX-615 / JUX-615_000.mp4,1
[SellYourGF] Evelina Darling (10.06.2018) [400p].mp4 / [SellYourGF] Evelina Darling (10.06.2018) [400p].mp4,1
校园霸凌-两个女生把室友女同学衣服扒光强行掰开腿用牙刷整根插入逼里 / 校园霸凌-两个女生把室友女同学衣服扒光强行掰开腿用牙刷整根插入逼里.mp4,1
[SubsPlease] Ragna Crimson - 09 (720p) [ADA12787].mkv / [SubsPlease] Ragna Crimson - 09 (720p) [ADA12787].mkv,0
madoubt.com 252635.xyz heyzo-1166 / madoubt.com 252635.xyz heyzo-1166.mp4,1
SexArt.25.05.07.Christy.Ley.Be.Loved.XXX.720p.HEVC.x265.PRT / SexArt.25.05.07.Christy.Ley.Be.Loved.XXX.720p.HEVC.x265.PRT.mp4,1
OnlyFans 2025 Hazel Winters Missionary POV XXX 1080p-XLeech.mp4 / OnlyFans 2025 Hazel Winters Missionary POV XXX 1080p-XLeech.mp4,1
badmilfs_athena_faris_and_marie_mccray_full_hi_1080hd.mp4 / badmilfs_athena_faris_and_marie_mccray_full_hi_1080hd.mp4,1
Shark.Week.2019.Monster.Mako-Perfect.Predator.WEBRip.x264-CAFFEiNE[rarbg] / Shark.Week.2019.Monster.Mako-Perfect.Predator.WEBRip.x264-CAFFEiNE.mkv,0
Somali to Mori no Kamisama - AniLibria.TV [WEBRip 1080p] / Somali_to_Mori_no_Kamisama_[03]_[AniLibria_TV]_[WEBRip_1080p].mkv,0
King Arthur.2004.BDrip-AVC.Froloff777.mkv / King Arthur.2004.BDrip-AVC.Froloff777.mkv,0
"Veronica Leal - Sex Stations Wet, Veronica Leal, 5on1, BWC, ATM, Balls Deep, DAP, Extreme Deepthroat, Rough Sex, Big Gapes, ButtRose, Pee CocktailDrinkShower AH069 (12.02.2025)_480p.mp4 / Veronica Leal - Sex Stations Wet, Veronica Leal, 5on1, BWC, ATM, Balls Deep, DAP, Extreme Deepthroat, Rough Sex, Big Gapes, ButtRose, Pee CocktailDrinkShower AH069 (12.02.2025)_480p.mp4",1
Rush.Hour.1998.HDTV.720p.x264 / Rush.Hour.1998.HDTV.720p.x264-NWO.mkv,0
Hot Fuzz (2007) BDRemux 1080p 3xUkrEng  Sub UkrEng [Hurtom].mkv / Hot Fuzz (2007) BDRemux 1080p 3xUkrEng  Sub UkrEng [Hurtom].mkv,0
大奶少妇在家爱爱自拍 身材真好 大奶子哗哗 被各种姿势无套输出 内射 真会完动作很全面啊 / 大奶少妇在家爱爱自拍 身材真好 大奶子哗哗 被各种姿势无套输出 内射 真会完动作很全面啊.mp4,1
P90X - Extreme Home Fitness Exercise Complete Workout / Videos/P90X 04 - Yoga X.mp4,1
特色蓝房中年大叔与情妇偷情啪啪啪奶子还挺大的大叔功夫好时快时慢的干搞的情妇欲仙欲死奶子乱抖射阴毛上 / 特色蓝房中年大叔与情妇偷情啪啪啪奶子还挺大的大叔功夫好时快时慢的干搞的情妇欲仙欲死奶子乱抖射阴毛上.mp4,1
FemJoy.24.05.11.Jane.White.Venice.XXX.1080p.HEVC.x265.PRT[XvX] / FemJoy.24.05.11.Jane.White.Venice.XXX.1080p.HEVC.x265.PRT.mkv,1
Circle.of.Poison.2015.1080p.WEBRip.x265-RARBG / Circle.of.Poison.2015.1080p.WEBRip.x265-RARBG.mp4,0
Itzel Saenz - Itzel Saenz's HC Premiere! (18-11-2021) 1080p.mp4 / Itzel Saenz - Itzel Saenz's HC Premiere! (18-11-2021) 1080p.mp4,0
Hard Home (2024) [720p] [WEBRip] [YTS.MX] / Hard.Home.2024.720p.WEBRip.x264.AAC-[YTS.MX].mp4,0
"[VIPissy] Lexi Dona, Nicol Love - Frantic Fingering 1080p.mp4 / [VIPissy] Lexi Dona, Nicol Love - Frantic Fingering 1080p.mp4",1
Niebezpieczny człowiek - A Dangerous Man 2010 [1080p.BluRay.H265.AC3.5.1-NoNaNo] [Lektor PL].mkv / Niebezpieczny człowiek - A Dangerous Man 2010 [1080p.BluRay.H265.AC3.5.1-NoNaNo] [Lektor PL].mkv,0
Poker.Face.2022.BDRip.1080p.pk.mkv / Poker.Face.2022.BDRip.1080p.pk.mkv,0
madoubt.com 252635.xyz caribbeancom-030919_874 / madoubt.com 252635.xyz caribbeancom-030919_874.mp4,1
[Skymoon-Raws] Kimetsu no Yaiba - Yuukaku-Hen - 02 [ViuTV][WEB-DL][CHT][1080p][AVC AAC][MP4+ASS] / [Skymoon-Raws] Kimetsu no Yaiba - Yuukaku-Hen - 02 [ViuTV][WEB-DL][1080p][AVC AAC].mp4,0
The.Twelve.2022.S01.1080p.WEBRip.x265[eztv.re] / The.Twelve.2022.S01E10.1080p.WEBRip.x265-RARBG[eztv.re].mp4,0
EvilAngel.22.12.26.Proxy.Paige.And.Cherry.Kiss.XXX.480p.MP4-XXX / evilangel.22.12.26.proxy.paige.and.cherry.kiss.mp4,1
www.UIndex.org    -    The.Last.of.Us.S02E05.1080p.AV1.10bit-MeGusta / The.Last.of.Us.S02E05.1080p.AV1.10bit-MeGusta.mkv,0
Emilia.Perez.2024.576p.BDRip.x265.AC3-TuKCo / Emilia.Perez.2024.576p.BDRip.x265.AC3-TuKCo.mkv,0
"[Ohys-Raws] Uchi no Ko no Tame Naraba, Ore wa Moshikashitara Maou mo Taoseru Kamo Shirenai. - 11 (BS11 1280x720 x264 AAC).mp4 / [Ohys-Raws] Uchi no Ko no Tame Naraba, Ore wa Moshikashitara Maou mo Taoseru Kamo Shirenai. - 11 (BS11 1280x720 x264 AAC).mp4",1
Rachel Ziptied Again Part 1.mp4 / Rachel Ziptied Again Part 1.mp4,1
ガイアの夜明け【銀座を変える！“新参者”】.mp4 / ガイアの夜明け【銀座を変える！“新参者”】.mp4,1
ABP-972 変態サムライ×乙都さきの 接写エロス 4時間 / [Woxav.Com]ABP-972 変態サムライ×乙都さきの 接写エロス 4時間.mp4,1
No Time To Die (2021) [1080p] [WEBRip] [5.1] [YTS.MX] / No.Time.To.Die.2021.1080p.WEBRip.x264.AAC5.1-[YTS.MX].mp4,0
madoubt.com 698596.xyz fc2ppv-4740782 / madoubt.com 698596.xyz fc2ppv-4740782.mp4,1
Fukubiki! Triangle - Miharu After ふくびき！トライアングル～美晴アフター～ ep2 / Cen - Fukubiki! Triangle - Miharu After - 02.mkv,1
Grantchester.S07E05.1080p.STV.WEB-DL.AAC2.0.H.264[eztv.re].mkv / Grantchester.S07E05.1080p.STV.WEB-DL.AAC2.0.H.264[eztv.re].mkv,0
Yurikos Aroma (2010) [JAPANESE] [720p] [WEBRip] [YTS.MX] / Yurikos.Aroma.2010.JAPANESE.720p.WEBRip.x264.AAC-[YTS.MX].mp4,0
Eskuvoi.kivansag.2023.WEBRIP.x264.HUN-nubira / Eskuvoi.kivansag.2023.WEBRIP.x264.HUN-nubira.mkv,0
NastyRookies.13.10.29.Amy.Lee.Male.Casting.With.Amy.Lee.FRENCH.XXX.720p.MP4-KTR[rarbg] / nastyrookies.13.10.29.amy.lee.male.casting.with.amy.lee.fr.mp4,1
SSIS-984-C_GG5 / gg5.co@SSIS-984-C_GG5.mp4,1
BBCPie - Bella Nova - Backseat Bliss (08.03.2025) rq.mp4 / BBCPie - Bella Nova - Backseat Bliss (08.03.2025) rq.mp4,1
FreeUseFantasy.25.07.27.Ren.Nuisance.XXX.1080p.MP4-WRB[XC] / freeusefantasy.25.07.27.ren.nuisance.mp4,1
TheWildRobot(2024)3D-hOU(HDRip-Ash61) / TheWildRobot(2024)3D-hOU(HDRip-Ash61).mkv,0
Motion Design School - Animated Typefaces with Animography / LESSON #4/#4.2. Using Overlord.mp4,0
极品爆乳女神反差婊Shirois收费解锁不雅自拍各种场景装束啪啪抱起来怒肏无水原版 / 极品爆乳女神反差婊Shirois收费解锁不雅自拍各种场景装束啪啪抱起来怒肏无水原版.mp4,1
13.vec227 / vec227.mp4,1
[ANi] 轉生為第七王子，隨心所欲的魔法學習之路 - 02 [1080P][Baha][WEB-DL][AAC AVC][CHT].mp4 / [ANi] 轉生為第七王子，隨心所欲的魔法學習之路 - 02 [1080P][Baha][WEB-DL][AAC AVC][CHT].mp4,0
John Wick.2014.BDRip.1080p.mkv / John Wick.2014.BDRip.1080p.mkv,0
The.Artful.Dodger.S01E06.1080p.rus.LostFilm.TV.mkv / The.Artful.Dodger.S01E06.1080p.rus.LostFilm.TV.mkv,0
bibivr-130 / 77vr.com@bibivr-130_1_8k.mp4,1
【网曝热门事件 ️惊爆】舞蹈学院校花和男友性爱私拍流出 长腿丰臀高颜 扛腿猛烈抽插淫荡学狗叫 表情亮点 完美露脸 / 【网曝热门事件 ️惊爆】舞蹈学院校花和男友性爱私拍流出 长腿丰臀高颜 扛腿猛烈抽插淫荡学狗叫 表情亮点 完美露脸.mp4,1
Off.The.Grid.2025.2160p.WEB-DL.SDR.DDP5.1.H265-MP4-BEN.THE.MEN / Off.The.Grid.2025.2160p.WEB-DL.SDR[Ben The Men].mp4,0
FC2PPV-4534440 / FC2PPV-4534440-1.mp4,1
Tokyo-Hot-n1420-HD / n1420_feranuki_02_tf.mp4,1
HEYZO-2714-FHD / jav20s8.com@heyzo_hd_2714_full.mp4,1
ID-008 / ID-008.mp4,1
madoubt.com 386932.xyz fc2ppv-4717543 / madoubt.com 386932.xyz fc2ppv-4717543.mp4,1
[Erai-raws] Ganbare Douki-chan - 04 [480p][Multiple Subtitle][4440CCB3].mkv / [Erai-raws] Ganbare Douki-chan - 04 [480p][Multiple Subtitle][4440CCB3].mkv,1
The.Siege.1998.720p.BluRay.DTS.x264-DON / The.Siege.1998.720p.BluRay.DTS.x264-DON.mkv,0
FeetishPOV.2023.Chanel.Preston.Evil.Queen.No.More.XXX.1080p.HEVC.x265.PRT[XvX] / FeetishPOV.2023.Chanel.Preston.Evil.Queen.No.More.XXX.1080p.HEVC.x265.PRT.mkv,1
WildOnCam.21.08.11.Vivian.Taylor.Hardcore.XXX.480p.MP4-XXX / woc.21.08.11.vivian.taylor.hardcore.mp4,1
MyDirtyHobby.2023.Daynia.Sexless.XXX.1080p.HEVC.x265.PRT / MyDirtyHobby.2023.Daynia.Sexless.XXX.1080p.HEVC.x265.PRT.mp4,1
SUITS.Ep03.Chi_Jap.HDTVrip.1280X720.mp4 / SUITS.Ep03.Chi_Jap.HDTVrip.1280X720.mp4,1
Harry.Wild.S03E06.WEB.x264-TORRENTGALAXY[TGx] / Harry.Wild.S03E06.WEB.x264-TORRENTGALAXY.mkv,0
VirtualRealPorn.com_-_Unicorn_kingdom_-_h264_-_P7S1UVo2411m.mp4 / VirtualRealPorn.com_-_Unicorn_kingdom_-_h264_-_P7S1UVo2411m.mp4,1
Tiffany Leiddi -  The Leiddi And The Tramp.720x400.mp4 / Tiffany Leiddi -  The Leiddi And The Tramp.720x400.mp4,0
"13 颜值比有些女星还要高的极品性感外围女被鸡巴粗大的猛男操的受不了,嗷嗷大叫 / 13 颜值比有些女星还要高的极品性感外围女被鸡巴粗大的猛男操的受不了,嗷嗷大叫.mp4",1
[SubsPlease] Make Heroine ga Oosugiru! - 08 (480p) [C90AE9D1].mkv / [SubsPlease] Make Heroine ga Oosugiru! - 08 (480p) [C90AE9D1].mkv,1
The.Blacklist.S10E07.720p.HDTV.x265-MiNX[TGx] / The.Blacklist.S10E07.720p.HDTV.x265-MiNX.mkv,0
CumeatingCuckolds - Paisley_Parker_1446_a_perfect_date_1080p.mp4 / CumeatingCuckolds - Paisley_Parker_1446_a_perfect_date_1080p.mp4,1
[Anistar.org] Isekai Mokushiroku Mynoghra Hametsu no Bunmei de Hajimeru Sekai Seifuku [TV-1] - 09 [1080p].mkv / [Anistar.org] Isekai Mokushiroku Mynoghra Hametsu no Bunmei de Hajimeru Sekai Seifuku [TV-1] - 09 [1080p].mkv,0
Aliens (1986) [ULTIMATE COLLECTOR'S EDITION BLURAY] [1080p] [BluRay] [5.1] [YTS.MX] / Aliens.1986.ULTIMATE.COLLECTOR'S.EDITION.BLURAY.1080p.BluRay.x264.AAC5.1-[YTS.MX].mp4,0
Sa.majeste.Minor.2006.FRENCH.1080p.BluRay.x264.DDP5.1-SbR / Sa.majeste.Minor.2006.1080p.BluRay.DD5.1.x264-SbR.mkv,0
【高清影视之家发布 www.HDBTHD.com】摩托日记[简繁英字幕].The.Motorcycle.Diaries.2004.1080p.BluRay.x265.10bit.DTS-SONYHD / The.Motorcycle.Diaries.2004.1080p.BluRay.x265.10bit.DTS-SONYHD.mkv,0
酒店安装摄像头偷拍顾客啪啪 / 酒店安装摄像头偷拍顾客啪啪.mp4,1
Tsun Tsun Maid wa Ero Ero Desu / Tsun Tsun Maid wa Ero Ero Desu - 01.mkv,1
MDBK-278-C / MDBK-278-C.mp4,1
Married.With.Children.S03.AMZN.WEBRip.BG.Audio.DDP2.0.x264-CasStudio / Married.With.Children.S03E06.Her.Cups.Runneth.Over.AMZN.WEB-DL.DDP2.0.H.264-CasStudio.mkv,0
dxxdom.com@MIDV-453C / MIDV-453C.mp4,1
Blair Carter & Valencia - Battle of the Big Butts_1080p.mp4 / Blair Carter & Valencia - Battle of the Big Butts_1080p.mp4,0
Rocket Girls / [Shiniori-Raws] Rocket Girls - 12 END (1280x720 x264 AAC).mkv,0
Lost Bets - Bundle 3 / LostBets-027-Mary-and-Amber-play-Strip-FourinaRow-HD.mp4,0
200GANA-2799-C_GG5 / gg5.co@200GANA-2799-C_GG5.mp4,1
SLR_VRSUN_Hot_Micro_Bikini_Try_On_By_Abby__Helina_original_65492_LR_180.mp4 / SLR_VRSUN_Hot_Micro_Bikini_Try_On_By_Abby__Helina_original_65492_LR_180.mp4,1
S W A T 2017 S03E14 Animus 720p AMZN WEB-DL DDP5 1 H 264-NTb[TGx] / S W A T 2017 S03E14 Animus 720p AMZN WEB-DL DDP5 1 H 264-NTb.mkv,0
CEMD-684C / CEMD-684C.mp4,1
btra13615-480p.mp4 / btra13615-480p.mp4,1
2025年04月大神BT最新域名 566965.xyz 【锅锅酱】主人我好想要你的大鸡吧 / 2025年04月大神BT最新域名 566965.xyz 【锅锅酱】主人我好想要你的大鸡吧.mp4,1
BackroomCastingCouch.20.07.06.Audrina.XXX.1080p.MP4-KTR[rarbg] / bcc.20.07.06.audrina.mp4,1
MIAD-982.mp4 / MIAD-982.mp4,1
MyFirstSexTeacher.19.10.10.Rachael.Cavalli.XXX.SD.MP4-KLEENEX / MyFirstSexTeacher.19.10.10.Rachael.Cavalli.XXX.SD.MP4-KLEENEX.mp4,1
What's The Matter With Gerald  (2016) [WEBRip] [720p] [YTS.AM] / What's.The.Matter.With.Gerald..2016.720p.WEBRip.x264-[YTS.AM].mp4,0
STARS-066.HD / STARS-066~667x.net.mp4,1
Los Angeles de Charlie [BluRay 1080p][DTS 5.1-AC3 5.1 Castellano DTS 5.1-Ingles+Subs][ES-EN] / Los Angeles de Charlie BD1080.www.pctnew.org.mkv,0
网曝吃瓜重磅泄密！抖音24万粉清纯网红脸嫩妹【嘛露芽子】私人订制，首次全裸道具手指紫薇 / 网曝吃瓜重磅泄密！抖音24万粉清纯网红脸嫩妹【嘛露芽子】私人订制，首次全裸道具手指紫薇.mp4,1
Speak.No.Evil.2013.1080p.BluRay.x264-RUSTED / speak.no.evil.2013.1080p.bluray.x264-rusted.mkv,0
141_极品车模回归！【美惠子】夺命A4腰 无敌翘臀 道具自慰！ / 极品车模回归！【美惠子】夺命A4腰 无敌翘臀 道具自慰！ (1).mp4,1
Wanna.Fuck.My.Wife.Gotta.Fuck.Me.Too.9.XXX.720p.WEBRiP.MP4-GUSH[N1C] / gush.720p.wanna.fuck.my.wife.gotta.fuck.me.too.9.internal[N1C].mp4,1
dass-138 / dass-138.mp4,1
dxxdom.com@AED-245J / AED-245J.mp4,1
914_MFHG_Macy_Cartel.mp4 / 914_MFHG_Macy_Cartel.mp4,1
"Ob Slave Nat - Nasty Nun, OB S. NAT Double Anal Fucked By 3 Monster Cocks (DAP, DP, Gapes, Nun, BBC, 3on1, ATM) OB372 (04.09.2024)_720p.mp4 / Ob Slave Nat - Nasty Nun, OB S. NAT Double Anal Fucked By 3 Monster Cocks (DAP, DP, Gapes, Nun, BBC, 3on1, ATM) OB372 (04.09.2024)_720p.mp4",1
BrattySis.25.08.08.Scarlett.Rosewood.What.Are.You.Hiding.In.Your.Pants.Stepbro.XXX.1080p.MP4-WRB[XC] / brattysis.25.08.08.scarlett.rosewood.what.are.you.hiding.in.your.pants.stepbro.mp4,1
Going Up Season 1 Vol. 1 / going-up-season-1-vol-1-scene-2.540p.mp4,0
ORERB-005 .mp4 / ORERB-005 .mp4,1
Chasing.the.West.S01E01.1080p.WEB.h264-FREQUENCY[EZTVx.to].mkv / Chasing.the.West.S01E01.1080p.WEB.h264-FREQUENCY[EZTVx.to].mkv,0
GUILTY.GEAR.STRIVE.DUAL.RULERS.S01E01.Ceremony.1080p.CR.WEB-DL.AAC2.0.H.264-VARYG.mkv / GUILTY.GEAR.STRIVE.DUAL.RULERS.S01E01.Ceremony.1080p.CR.WEB-DL.AAC2.0.H.264-VARYG.mkv,0
the.runarounds.s01e07.1080p.web.h264-successfulcrab[EZTVx.to].mkv / the.runarounds.s01e07.1080p.web.h264-successfulcrab[EZTVx.to].mkv,0
daddys_freaky_business_hd_20.mp4 / daddys_freaky_business_hd_20.mp4,1
小哥哥家的小孕妇，露脸月份太大了不敢草了简单玩一下，大奶子大屁股小骚逼，跳弹摩擦 下小阴蒂，很配合啊 / 小哥哥家的小孕妇，露脸月份太大了不敢草了简单玩一下，大奶子大屁股小骚逼，跳弹摩擦 下小阴蒂，很配合啊.mp4,1
Сабрина.1995.BDRip AVC msltel.mkv / Сабрина.1995.BDRip AVC msltel.mkv,0
The.Walking.Dead.Daryl.Dixon.S01E03.Paris.sera.toujours.Paris.1080p.AMZN.WEB-DL.DDP5.1.H.264-AceMovies[eztv.re].mkv / The.Walking.Dead.Daryl.Dixon.S01E03.Paris.sera.toujours.Paris.1080p.AMZN.WEB-DL.DDP5.1.H.264-AceMovies[eztv.re].mkv,0
Marc Dorcel - Lola Reve prefere-la Sodomie  2013 / Lola Rêve préfère la Sodomie.mp4,1
Hidden Figures 2016 1080p BluRay x264 DTS-JYK / Hidden Figures 2016 1080p BluRay x264 DTS-JYK.mkv,0
Young Sheldon Season 2 / S02E06 Seven Deadly Sins and a Small Carl Sagan.mkv,0
StasyQ.Vid.123.AllaQ.XXX.1080p.MP4-koCZka[N1C] / sqv123aq[N1C].mp4,1
youngcourtesans.21.10.21.viola.weber.teeny.fucking.for.tv.services.mp4 / youngcourtesans.21.10.21.viola.weber.teeny.fucking.for.tv.services.mp4,1
大学生泡妞达人【白嫖技术博主】约操女仆制服诱惑穿黑丝袜的小美女激情啪啪 连操两炮干哭了 / 大学生泡妞达人【白嫖技术博主】约操女仆制服诱惑穿黑丝袜的小美女激情啪啪 连操两炮干哭了.mp4,1
FBI.International.S03E06.720p.HDTV.x264-SYNCOPY[TGx] / fbi.international.s03e06.720p.hdtv.x264-syncopy.mkv,0
BITS_EP1_Public_v3 / BITS/Content/Movies/pc_vid.mp4,1
Shogun.1980.720p.BluRay.AC3.DTS.x264 / Shogun.1980.Part.3.720p.BluRay.AC3.DTS.x264-PublicHD.mkv,0
Vampire humaniste cherche suicidaire consentant (2023).mkv / Vampire humaniste cherche suicidaire consentant (2023).mkv,0
New.Melissa.Stratton.11.4.2024.Blowjob.Hardcore.Milf.Bigtits.DAILYUPLOAD.Watch.full.video.in.1080P.mp4 / New.Melissa.Stratton.11.4.2024.Blowjob.Hardcore.Milf.Bigtits.DAILYUPLOAD.Watch.full.video.in.1080P.mp4,1
究极绿帽，极品骚妻【boring7277】订阅①，喜欢露出，喜欢追求刺激，狂约单男，群P联谊会 / 究极绿帽，极品骚妻【boring7277】订阅①，喜欢露出，喜欢追求刺激，狂约单男，群P联谊会.mp4,1
JackOffGirls.22.09.10.Nicole.Auclair.Part.3.XXX.1080p.HEVC.x265.PRT / JackOffGirls.22.09.10.Nicole.Auclair.Part.3.XXX.1080p.HEVC.x265.PRT.mp4,1
UsePOV230904Sarah.Arabic.EverythingMustGo1080.mp4 / UsePOV230904Sarah.Arabic.EverythingMustGo1080.mp4,1
Arwen Gold PMAO 4on1 DAP (piss my ass off) RS073.mp4 / Arwen Gold PMAO 4on1 DAP (piss my ass off) RS073.mp4,0
Gladiator.II.2024.1080p.WEB-DL.x264.DUAL.5.1 / Gladiator.II.2024.1080p.WEB-DL.x264.DUAL.5.1.mkv,0
初恋的香味【是不良人探花】今晚女神之夜 平面模特 抖音主播 三人快乐斗地主 游戏完抱佳人上床 淫声浪语香艳力作 / 初恋的香味【是不良人探花】今晚女神之夜 平面模特 抖音主播 三人快乐斗地主 游戏完抱佳人上床 淫声浪语香艳力作.mp4,1
【高清剧集网发布 www.PTHDTV.com】岂有此理.～茑重繁华如梦故事～[第19集][中文字幕].2025.1080p.KKTV.WEB-DL.x264.AAC-DeePTV / 【更多电视剧集下载请访问 www.BPHDTV.com】【更多剧集打包下载请访问 www.BPHDTV.com】.MKV,0
FC2-PPV-4540649 / hhd800.com@FC2-PPV-4540649_1.mp4,1
【心念m】无论颜值和身材都堪称完美真正的绝世美乳抖得飞起美到爆超级诱惑秒硬男人心目中的完美尤物 / 【心念m】无论颜值和身材都堪称完美真正的绝世美乳抖得飞起美到爆超级诱惑秒硬男人心目中的完美尤物.mp4,1
Law and Order Special Victims Unit S26E22 Post-Rage 720p AMZN WEB-DL DDP5 1 H 264-NTb[EZTVx.to].mkv / Law and Order Special Victims Unit S26E22 Post-Rage 720p AMZN WEB-DL DDP5 1 H 264-NTb[EZTVx.to].mkv,0
Gravity_3D / Gravity_3D.mkv,1
SPE184_s02_720.mp4 / SPE184_s02_720.mp4,1
HMN-412C / HMN-412C.mp4,1
火爆网红玩偶姐姐『HongKongDoll』 极致嫩鲍的诱惑 / 火爆网红玩偶姐姐『HongKongDoll』 极致嫩鲍的诱惑.mp4,1
2024-Curvy Czech mom Debee with her huge tits loves to finger her shaved pussy when she's alone / Curvy Czech mom Debee with her huge tits loves to finger her shaved pussy when she's alone(2024).mp4,0
[ Torrent911.io ] Meg.2.The.Trench.2023.FRENCH.HDCAM.MD.1080p.x264-RZP.mkv / [ Torrent911.io ] Meg.2.The.Trench.2023.FRENCH.HDCAM.MD.1080p.x264-RZP.mkv,0
TeenPies.21.03.19.Madi.Collins.My.Patients.Problem.XXX.480p.MP4-XXX / teenpies.21.03.19.madi.collins.my.patients.problem.mp4,1
Doom Patrol S02E03 Pain Patrol  [2160p x265 10bit FS100 Joy].mkv / Doom Patrol S02E03 Pain Patrol  [2160p x265 10bit FS100 Joy].mkv,0
户外露出，反差高中生【秦以蓁】完美的身材户外露出自慰，勾引老大爷干他 / VID_20241209_000129_094.mp4,1
Katie Fox - Beautiful Blonde Trans Hardbody Babe (07.06.2023)_1080p.mp4 / Katie Fox - Beautiful Blonde Trans Hardbody Babe (07.06.2023)_1080p.mp4,1
Hookup.Hotshot.Cutting.Edge.Sluts.DiSC2.XXX.DVDRip.x264-WOP / wop-hookuphotshotcuttingedgeslutsd2.mp4,1
YourMomDoesPorn - Ricki Raxxx Sienna West - Two Milfs One Dick [720p].mp4 / YourMomDoesPorn - Ricki Raxxx Sienna West - Two Milfs One Dick [720p].mp4,1
madoubt.com 822526.xyz HEYZO-109 / madoubt.com 822526.xyz HEYZO-109.mp4,1
真实母狗邻居【独恋猫猫】 调教邻居母狗，露脸，喝尿，操尿，SM，骚话对白，捆绑，毒龙，三通，装修新房里干 / 真实母狗邻居【独恋猫猫】 调教邻居母狗，露脸，喝尿，操尿，SM，骚话对白，捆绑，毒龙，三通，装修新房里干.mp4,1
Tensei Shitara Ken Deshita / Tensei Shitara Ken Deshita - 06 (720p).mp4,0
Jurassic_World_Rebirth_2025_WEB-DL_2160p.mkv / Jurassic_World_Rebirth_2025_WEB-DL_2160p.mkv,0
Beck.Familjen.2015.NORDiC.WEB-DL.x264-PIRATEHUB / Beck.Familjen.2015.NORDiC.WEB-DL.x264-PIRATEHUB.mkv,0
bf-674 / bf-674.mp4,1
332NAMA-014.mp4 / 332NAMA-014.mp4,1
[Anistar.org] Swallowed Star [TV-1] - 177 [1080p].mp4 / [Anistar.org] Swallowed Star [TV-1] - 177 [1080p].mp4,0
The.Recruit.S01.1080p.Ultradox / The.Recruit.S01E07.1080p.Ultradox.mkv,0
[XTM] 더벙커8.E07.170430.720p-NEXT.mp4 / [XTM] 더벙커8.E07.170430.720p-NEXT.mp4,1
LegalPorno - Baby Bamby vs 2 Hard Dicks 11.26.20.mp4 / LegalPorno - Baby Bamby vs 2 Hard Dicks 11.26.20.mp4,1
madoubt.com 559586.xyz heyzo-0995 / madoubt.com 559586.xyz heyzo-0995.mp4,1
Compilacao Top - Melhores gozadas na buceta da mulher do corno / Compilacao Top - Melhores gozadas na buceta da mulher do corno.mkv,1
FakehubOriginals.20.01.04.May.Thai..480p.MP4-XXX / fho.20.01.04.may.thai.mp4,1
VRSpy_Sasha Tatcha_Shoplifting_Sex for Freedom_1920p_4K_LR_180.mp4 / VRSpy_Sasha Tatcha_Shoplifting_Sex for Freedom_1920p_4K_LR_180.mp4,1
Peppermint (2018) [WEBRip] [720p] [YTS.AM] / Peppermint.2018.720p.WEBRip.x264-[YTS.AM].mp4,0
An.Angel.at.My.Table.1990.1080p.BluRay.x264-VETO[rarbg] / an.angel.at.my.table.1990.1080p.bluray.x264-veto.mkv,0
[BigTitsRoundAsses] Katrina Jade (Busty Katrina Jade Gets A Creampie from a Monster - 22.01.15) rq.mp4 / [BigTitsRoundAsses] Katrina Jade (Busty Katrina Jade Gets A Creampie from a Monster - 22.01.15) rq.mp4,1
大胸嫂子会喷水 每次操嫂子都能有不一样的快感 真是太幸福了 湿嫩蜜穴一扣就潮吹 喷湿了床单过瘾 / 大胸嫂子会喷水 每次操嫂子都能有不一样的快感 真是太幸福了 湿嫩蜜穴一扣就潮吹 喷湿了床单过瘾.mp4,1
Hollow.Man.2.2006.1080p.BluRay.H264.AAC-RARBG / Hollow.Man.2.2006.1080p.BluRay.H264.AAC-RARBG.mp4,0
hamesamurai0033 / hamesamurai0033.mp4,1
2022.04.14_UEL.UECL_2021.22_QF_2nd.Leg_Highlights_[rgfootball.net]_720p.50_RUS.mkv / 2022.04.14_UEL.UECL_2021.22_QF_2nd.Leg_Highlights_[rgfootball.net]_720p.50_RUS.mkv,0
Kanojo Okarishimasu 4 / Kanojo.Okarishimasu.S04E01.Routine.and.Girlfriend.1080p.WEB-DL.mkv,0
gens-005-1080P / gens-005.mp4,1
Only.the.River.Flows.2023.mp4 / Only.the.River.Flows.2023.mp4,1
校花又被干啦~【大屁股猪猪】啪啪狂操！爽，纯天然的好身材，这脸，这逼，这奶子，真绝了 / 校花又被干啦~【大屁股猪猪】啪啪狂操！爽，纯天然的好身材，这脸，这逼，这奶子，真绝了.mp4,1
madoubt.com 326992.xyz heyzo-3686 / madoubt.com 326992.xyz heyzo-3686.mp4,1
[EiGo] Kamen Rider Majade with Girls Remix [68040F71].mkv / [EiGo] Kamen Rider Majade with Girls Remix [68040F71].mkv,0
最新流出反差泄密最新牛逼大神约炮多位真实良家反差3P啪啪泄密流出 极品女神沦为胯下母狗 / 最新流出反差泄密最新牛逼大神约炮多位真实良家反差3P啪啪泄密流出 极品女神沦为胯下母狗.mp4,1
VOSS-151-C / VOSS-151-C.mp4,1
ycancan【AI解码】 / 144【240725】4k高清 无码破坏版【完全顔出し】エッチなお姉さんと2泊3日の旅行中にプールサイドで大量中出しセックスしたときのやつです 4k.mp4,1
The Little Rascals (1994) / The.Little.Rascals.1994.720p.BluRay.x264.YIFY.mp4,0
휴가 친구 Vacation Friends 2021.1080p.KOR.FHDRip.H264.AAC-JTC.mkv / 휴가 친구 Vacation Friends 2021.1080p.KOR.FHDRip.H264.AAC-JTC.mkv,0
Long.ma.jing.shen.2023.WEB-DLRip.by.mjjhec.mp4 / Long.ma.jing.shen.2023.WEB-DLRip.by.mjjhec.mp4,0
DAVK-063 / DAVK-063.mp4,1
ebod-871 / ebod-871.mp4,1
An.Office.Romance.2010.DVDRip.x264-worldmkv.mkv / An.Office.Romance.2010.DVDRip.x264-worldmkv.mkv,0
Grosse.Pointe.Garden.Society.S01E05.720p.x264-FENiX[EZTVx.to].mkv / Grosse.Pointe.Garden.Society.S01E05.720p.x264-FENiX[EZTVx.to].mkv,0
[SubsPlease] Dr. Stone S4 - 15 (1080p) [B53F620D].mkv / [SubsPlease] Dr. Stone S4 - 15 (1080p) [B53F620D].mkv,0
360监控偷拍黑丝小美女和男友酒店开房啪啪啪 / 360监控偷拍黑丝小美女和男友酒店开房啪啪啪.mp4,1
WWE.Saturday.Nights.Main.Event.2025.01.25.1080p.WEB.h264-HEEL.mkv / WWE.Saturday.Nights.Main.Event.2025.01.25.1080p.WEB.h264-HEEL.mkv,0
Presunto Culpable - Temporada 1 [HDTV 720p][Cap.103][AC3 5.1 Castellano][www.descargas2020.com] / PresuntoCulpable720p_103_descargas2020.mkv,0
madoubt.com 966269.xyz SAME-200 / madoubt.com 966269.xyz SAME-200.mp4,1
38516_Cara_Solo_master_HD1080.mp4 / 38516_Cara_Solo_master_HD1080.mp4,1
SIRO-3442_fuckbe.net.mp4 / SIRO-3442_fuckbe.net.mp4,1
Micky.Muffin.Anal.Blonde.Hardcore.Rimjob.Deepthroat.mp4 / Micky.Muffin.Anal.Blonde.Hardcore.Rimjob.Deepthroat.mp4,1
Candee Licious & Veronica Leal - Bi Besties Candee Licious And Veronica Leal Share Cock After Outdoor Lesbo Fling GP3274 (23.07.2025)_1080p.mp4 / Candee Licious & Veronica Leal - Bi Besties Candee Licious And Veronica Leal Share Cock After Outdoor Lesbo Fling GP3274 (23.07.2025)_1080p.mp4,0
Scream.2022.1080p.WEBRip.x264-RARBG / Scream.2022.1080p.WEBRip.x264-RARBG.mp4,0
An.Astrological.Guide.for.Broken.Hearts.S02.1080p.NF.WEB-DL.DDP5.1.H.264-EniaHD / An.Astrological.Guide.for.Broken.Hearts.S02E06.Pisces.1080p.NF.WEB-DL.DDP5.1.x264-EniaHD.mkv,0
Megan Venturi - Family Affairs (18.01.2021)_720p.mp4 / Megan Venturi - Family Affairs (18.01.2021)_720p.mp4,1
Bitch.X.Rich.S01.1080p.WAVVE.WEB-DL.AAC2.0.H.264-Rootapk / Bitch.X.Rich.S01E10.1080p.WAVVE.WEB-DL.AAC2.0.H.264-Rootapk.mkv,0
NSPS467.mp4 / NSPS467.mp4,1
"Mature.nl Nympha (41), Nicol V. (41) & Bruno Baxter (22) - These Nympho Milfs love to grind their pussies on a young man's face!.mp4 / Mature.nl Nympha (41), Nicol V. (41) & Bruno Baxter (22) - These Nympho Milfs love to grind their pussies on a young man's face!.mp4",1
438PVMK-004 / 438PVMK-004.mp4,1
MySistersHotFriend.21.07.29.Laney.Grey.XXX.720p.HEVC.x265.PRT / MySistersHotFriend.21.07.29.Laney.Grey.XXX.720p.HEVC.x265.PRT.mp4,1
www.Torrenting.com - North.of.North.S01E02.1080p.AV1.10bit-MeGusta / North.of.North.S01E02.1080p.AV1.10bit-MeGusta.mkv,0
Tom.Clancys.Jack.Ryan.S01.BDRip-HEVC.1080p / Tom.Clancys.Jack.Ryan.S01E01.Pilot.mkv,0
MomComesFirst.23.06.08.Brianna.Beach.Catching.Up.480p.MP4-PuSi / momesfirst.23.06.08.brianna.beach.catching.up.mp4,1
Dark - 3x01 al 3x04 (HDTV-720p) Castellano / Dark - 3x03 (HDTV-720p) Castellano.mkv,0
Mikadono Sanshimai wa Angai Choroi - AniLiberty [WEB-DL 1080p] / Mikadono_Sanshimai_wa_Angai_Choroi_[01].mkv,0
sone-614 / sone-614.mp4,1
LES_JL21_720_2022.mp4 / LES_JL21_720_2022.mp4,1
madoubt.com 635958.xyz CM-190 / madoubt.com 635958.xyz CM-190.mp4,1
Shopping.King.Louis.2016.COMPLETE.720p.HDTV.x264.Film.iVTC.AAC-SODiHD / Shopping.King.Louis.E02.720p.HDTV.x264.Film.iVTC.AAC-SODiHD.mp4,0
My Sister's Hot Friend - Lexi Swallow.mp4 / My Sister's Hot Friend - Lexi Swallow.mp4,1
Android - Molto piu che umano (1982) [H264.Ita.Eng.Mp3] Mux by artemix.mkv / Android - Molto piu che umano (1982) [H264.Ita.Eng.Mp3] Mux by artemix.mkv,0
The King And I (1999) [720p] [WEBRip] [YTS.MX] / The.King.And.I.1999.720p.WEBRip.x264.AAC-[YTS.MX].mp4,0
Napad - La rapina (2024) mkv 720p WEB-DL DDP 5 1 iTA POL H264 - FHC / Justice.2024.720p.NF.WEB-DL.DDP5.1.H264-FHC.mkv,0
绫濑诗织 / 合作出演/[IDBD-245] スター○見え本番報告 抜き差しバッチリ8時間!（2010年9月25日）/スター○見み本番報告_抜き差しバッチリ8時間!_Rio_希崎ジェシカ_初美りおん_吉沢明歩_和希あや_天海つばさ_一_ノ瀬アメリ(IDBD-245)Ａ.mp4,1
Lady Bird (2017) REPACK (1080p BluRay x265 HEVC 10bit AAC 5.1 Tigole) / Lady Bird (2017) (1080p x265 10bit Tigole).mkv,0
Sleepaway Slasher (2020) [1080p] [WEBRip] [YTS.MX] / Sleepaway.Slasher.2020.1080p.WEBRip.x264.AAC-[YTS.MX].mp4,0
Me.and.the.Alien.MuMu.S01E15.MuMu.and.Photosynthesis.1080p.ADN.WEB-DL.AAC2.0.H.264-VARYG.mkv / Me.and.the.Alien.MuMu.S01E15.MuMu.and.Photosynthesis.1080p.ADN.WEB-DL.AAC2.0.H.264-VARYG.mkv,0
höggið / höggið.mp4,1
BBC.Shifty.3of5.I.Love.a.Millionaire.1080p.WEB.x265.AAC.MVGroup.org.mkv / BBC.Shifty.3of5.I.Love.a.Millionaire.1080p.WEB.x265.AAC.MVGroup.org.mkv,0
Prestizh.S01.WEB-DL.1080p.MrMittens / Prestizh.S01.E02.WEB-DL.1080p.MrMittens.mkv,0
公司聚会迷翻漂亮的美女前台 ️各种姿势干她的鲍鱼和屁眼 / 公司聚会迷翻漂亮的美女前台 ️各种姿势干她的鲍鱼和屁眼.mp4,1
[Anistar.org] Celestial Bonds [TV-1] - 04 [1080p].mp4 / [Anistar.org] Celestial Bonds [TV-1] - 04 [1080p].mp4,0
[AniDub]_Killing_Bites_[720p]_[MVO] / [AniDub]_Killing_Bites_[01]_[720p_x264_Aac]_[MVO].mp4,0
MIAE-328 / MIAE-328.mp4,1
BACJ-141 / hhd800.com@BACJ-141.mp4,1
mkmp157.mp4 / mkmp157.mp4,1
Monster High The Great Scarrier Reef (2016) [YTS.AG] / Monster.High.The.Great.Scarrier.Reef.2016.720p.BluRay.x264-[YTS.AG].mp4,0
[Ohys-Raws] Ookami Shoujo to Kuro Ouji (BD 1280x720 x264 AAC) / Ookami Shoujo to Kuro Ouji - 02 (BD 1280x720 x264 AAC).mp4,0
Outer.Range.S02E06.1080p.HEVC.x265-MeGusta / Outer.Range.S02E06.1080p.HEVC.x265-MeGusta.mkv,0
Villa Vevrier.mp4 / Villa Vevrier.mp4,1
Pearson.s01e05.WEBDL.1080p.NewStudio.TV.mkv / Pearson.s01e05.WEBDL.1080p.NewStudio.TV.mkv,0
"Maisie Rain and Kayla Green - Maiden Education, Tattooed Dominatrix Educates British Housekeeper, XXX, H264, SD 400p [HouseOfTaboo] (Nov 11, 2015).mp4 / Maisie Rain and Kayla Green - Maiden Education, Tattooed Dominatrix Educates British Housekeeper, XXX, H264, SD 400p [HouseOfTaboo] (Nov 11, 2015).mp4",1
[SubsPlease] Sengoku Youko - 24 (480p) [858DC425].mkv / [SubsPlease] Sengoku Youko - 24 (480p) [858DC425].mkv,1
OnlyFans.25.05.01.Angela.White.And.Emily.Norman.Big.Titty.Orgy.XXX.1080p.MP4-P2P[XC] / onlyfans.25.05.01.angela.white.and.emily.norman.big.titty.orgy.xxx.mp4,1
get.krackn.s02e01.720p.hdtv.x264-orenji[eztv].mkv / get.krackn.s02e01.720p.hdtv.x264-orenji[eztv].mkv,0
Homestead.Rescue.S12E00.720p.WEB.H264-JFF.mkv / Homestead.Rescue.S12E00.720p.WEB.H264-JFF.mkv,1
[TheWhiteBoxxx] Kris The Foxx - Beautiful brunette in intense couple sex (16.05.2020) rq.mp4 / [TheWhiteBoxxx] Kris The Foxx - Beautiful brunette in intense couple sex (16.05.2020) rq.mp4,1
JUQ-056 / hhd800.com@JUQ-056.mp4,1
MomWantsToBreed.25.08.29.Taylor.Wild.Stepmoms.Anatomy.Lessons.XXX.2160p.MP4-WRB[XC] / momwantstobreed.25.08.29.taylor.wild.stepmoms.anatomy.lessons.4k.mp4,1
Tushy.Cherie.Deville.Hot.Wife.Pays.Debt.With.Anal.XXX.480p / Tushy-Cherie.Deville.Hot.Wife.Pays.Debt.With.Anal.XXX.480p.mp4,1
Ant-Man.and.the.Wasp.2018.bdriP.72Op.werecut.PROD.mkv / Ant-Man.and.the.Wasp.2018.bdriP.72Op.werecut.PROD.mkv,0
Survivre.2024.1080p.WEB-RGB.mkv / Survivre.2024.1080p.WEB-RGB.mkv,0
madoubt.com 298895.xyz caribbeancom-010824_001 / madoubt.com 298895.xyz caribbeancom-010824_001.mp4,1
FSDSS-272_UC.mp4 / FSDSS-272_UC.mp4,1
【幻月字幕组】【22年晨间剧】【飞舞吧】【第18周 第82-86回】【亲子之心】【1080P】【中日双语】 / 【幻月字幕组】【22年晨间剧】【飞舞吧】【第18周 第85回】【亲子之心】【1080P】【中日双语】.mp4,1
TVBOXNOW 師父有請 / TVBOXNOW 師父有請 EP12.mp4,1
PenthouseGold - Nata Ocean - Sends a Naughty Invite (15.06.2025) rq.mp4 / PenthouseGold - Nata Ocean - Sends a Naughty Invite (15.06.2025) rq.mp4,1
Adventures In Babysitting (1987) [YTS.AG] / Adventures.In.Babysitting.1987.720p.BluRay.x264-[YTS.AG].mp4,0
ManyVids 2025 Hailey Rose Kendra Lust Double Ended Dildo In Dont Tell Our Boyfriends XXX 720p-XLeech.mp4 / ManyVids 2025 Hailey Rose Kendra Lust Double Ended Dildo In Dont Tell Our Boyfriends XXX 720p-XLeech.mp4,1
Resurrection.S02E02.WEBDL.1080p.NewStudio.TV.mkv / Resurrection.S02E02.WEBDL.1080p.NewStudio.TV.mkv,0
国产经典作品-肥猪男和穿着蓝色情趣网袜的苗条老婆在沙发上口交做爱 720P高清原版 / 国产经典作品-肥猪男和穿着蓝色情趣网袜的苗条老婆在沙发上口交做爱 720P高清原版.mp4,1
外围约啪大神，【空虚猫】SVIP群门槛收费￥1618，上下皆粉的美女，乖巧配合 / 外围约啪大神，【空虚猫】SVIP群门槛收费￥1618，上下皆粉的美女，乖巧配合.mp4,1
I.T..mkv / I.T..mkv,1
Lauf.Junge.lauf.2013.HDTVRip.(1080p).mp4 / Lauf.Junge.lauf.2013.HDTVRip.(1080p).mp4,0
pervnana_syren_de_mer_full_hi_1080hd.mp4 / pervnana_syren_de_mer_full_hi_1080hd.mp4,1
madoubt.com 925686.xyz 1pondo-072722_001 / madoubt.com 925686.xyz 1pondo-072722_001.mp4,1
酒店偷拍 ️大学生情侣星期天约炮还挺会玩的让女友穿上黑丝做爱 / 酒店偷拍 ️大学生情侣星期天约炮还挺会玩的让女友穿上黑丝做爱.mp4,1
Bridgette Monet / Bridgette-Monet-Porn-Star-Legends_0002.mp4,1
Maleficent I (2014) / Maleficent (2014) WEB-DL.1080p.H264 [Open Matte] + EN & 2xBG audio.mkv,0
BRK-002 / BRK-002.mp4,1
Hate Story 3 2015 Hindi 1CD DvDScR x264 AAC - Hon3y / Hate Story 3 2015 Hindi 1CD DvDScR x264 AAC - Hon3y.mkv,0
NorthPole100 / NorthPole100_04_1080p.mp4,1
Love.Hurts.2025.DUAL-AUDiO.SPANiSHLAT-ENG.2160p.iTUNES.WEB-DL.DV.DDP5.1.Atmos.HDR10Plus.H.265-DMnT / love.hurts.2025.dual-audio.spanishlat-eng.2160p.itunes.web-dl.dv.ddp5.1.atmos.hdr10plus.h.265-dmnt.mkv,0
ATKGirlfriends.14.10.22.Brooke.Wylde.Episode.250.Part.1.XXX.READ.NFO.1080p.MP4-KTR[rarbg] / atkgfs.14.10.22.brooke.wylde.episode.250.part.1.mp4,1
JaysPOV.23.05.17.My.Sultry.Stepdaughter.Maila.Marie.Gets.A.Creampie.XXX.2160p.MP4-WRB[rarbg] / jayspov.23.05.17.my.sultry.stepdaughter.maila.marie.gets.a.creampie.4k.mp4,1
madoubt.com 296393.xyz HJ-484 / madoubt.com 296393.xyz HJ-484.mp4,1
"모아나 2 Moana 2, 2024.1080p.KOR.FHDRip.H264.AAC / 모아나 2 Moana 2, 2024.1080p.KOR.FHDRip.H264.AAC.mkv",0
Jimmy.Fallon.2024.09.16.Justin.Timberlake.480p.x264-mSD[EZTVx.to].mkv / Jimmy.Fallon.2024.09.16.Justin.Timberlake.480p.x264-mSD[EZTVx.to].mkv,0
Onmyo.Kaiten.Re.Birth.Verse.S01E01.Dont.Admit.Defeat.Even.If.Youre.Dead.A.Delinquent.in.Denji.Heian-kyo.1080p.CR.WEB-DL.JPN.AAC2.0.H.264.MSubs-ToonsHub.mkv / Onmyo.Kaiten.Re.Birth.Verse.S01E01.Dont.Admit.Defeat.Even.If.Youre.Dead.A.Delinquent.in.Denji.Heian-kyo.1080p.CR.WEB-DL.JPN.AAC2.0.H.264.MSubs-ToonsHub.mkv,0
[JAV] [Uncensored] HEYZO 2523 [1080p] / heyzo-2523-1080p.mp4,1
CzechCasting.Michaela.0585.Hardcore.Hairy.Oiled.Cumshot.HighQuality.MeetMyLove.mp4 / CzechCasting.Michaela.0585.Hardcore.Hairy.Oiled.Cumshot.HighQuality.MeetMyLove.mp4,1
madoubt.com 229263.xyz 10musume-081224_01 / madoubt.com 229263.xyz 10musume-081224_01.mp4,1
madoubt.com 369262.xyz heyzo-2577 / madoubt.com 369262.xyz heyzo-2577.mp4,1
La.Chtite.Famille.2018.BDRip.1080p.ExKinoRay.mkv / La.Chtite.Famille.2018.BDRip.1080p.ExKinoRay.mkv,0
  3 (WEB-DL 1080p) / Dva.holma.S03.E01-02.2025.WEB-DL.1080p.ExKinoRay.mkv,0
Billion Dollar Playground S01E07 720p WEB H264-JFF[EZTVx.to].mkv / Billion Dollar Playground S01E07 720p WEB H264-JFF[EZTVx.to].mkv,0
Music By John Williams (2024) [2160p] [4K] [WEB] [5.1] [YTS.MX] / Music.By.John.Williams.2024.2160p.4K.WEB.x265.10bit.AAC5.1-[YTS.MX].mkv,0
madoubt.com 895632.xyz TANF-003 / madoubt.com 895632.xyz TANF-003.mp4,1
Mad.Max.2.1981.Unrated.720p.BDRip.x264.ac3.eng.rus.mkv / Mad.Max.2.1981.Unrated.720p.BDRip.x264.ac3.eng.rus.mkv,0
Evilspeak.1981.UNRATED.1080p.BluRay.x264-TARS / Evilspeak.1981.UNRATED.1080p.BluRay.x264-TARS.mkv,0
MkvHub.Com - Mummies 2023 Dual Audio [Hindi-English] ORG 5.1 1080p BluRay x264 ESubs.mkv / MkvHub.Com - Mummies 2023 Dual Audio [Hindi-English] ORG 5.1 1080p BluRay x264 ESubs.mkv,0
[Erai-raws] Ame to Kimi to - 05 [480p CR WEB-DL AVC AAC][MultiSub][49DFE1E0].mkv / [Erai-raws] Ame to Kimi to - 05 [480p CR WEB-DL AVC AAC][MultiSub][49DFE1E0].mkv,0
[Erai-raws] One Piece - 1096 [720p][4ABC0BE0].mkv / [Erai-raws] One Piece - 1096 [720p][4ABC0BE0].mkv,0
Rogue One [BluRay 720p X264 MKV][AC3 5.1 Castellano][2016].mkv / Rogue One [BluRay 720p X264 MKV][AC3 5.1 Castellano][2016].mkv,0
iMPACT.Wrestling.2021.04.25.Rebellion.720p.WEB.h264-HEEL.mp4 / iMPACT.Wrestling.2021.04.25.Rebellion.720p.WEB.h264-HEEL.mp4,0
【高端泄密】胡子哥爆操极品蜂腰翘臀的健身教练，完整版视图 / 【高端泄密】胡子哥爆操极品蜂腰翘臀的健身教练，完整版视图.mp4,1
Della Cate - Tiny Submissive Teen Della Cate Gets Creampied (21.01.2025)_720p.mp4 / Della Cate - Tiny Submissive Teen Della Cate Gets Creampied (21.01.2025)_720p.mp4,1
madoubt.com 528829.xyz MIKR-032 / madoubt.com 528829.xyz MIKR-032.mp4,1
"[Brazzers] Kira Noir - Squeeze Me, Please Me Part 3 (19.05.2023) rq.mp4 / [Brazzers] Kira Noir - Squeeze Me, Please Me Part 3 (19.05.2023) rq.mp4",1
WildOnCam.21.10.13.April.Olsen.And.Jewelz.Blu.Lesbian.XXX.480p.MP4-XXX / woc.21.10.13.april.olsen.and.jewelz.blu.lesbian.mp4,1
Petes.Dragon.1977.BDRip.(720p)-MediaClub.mkv / Petes.Dragon.1977.BDRip.(720p)-MediaClub.mkv,0
82【sex8.cc孩子你要相信光】Kai Vi 7月新作：美杜莎Ver3 性感黑丝长腿女王群P淫乱性交 / Kai Vi 7月新作：美杜莎Ver3 性感黑丝长腿女王群P淫乱性交.mp4,1
Take.the.Lead.2006.1080p.WEB-DL.DD5.1.H.264-FGT / Take.the.Lead.2006.1080p.WEB-DL.DD5.1.H.264-FGT.mkv,0
Alice-Miller / Alice-Miller-HD.mp4,1
[www.domp4.cc]全城戒备.2010.BD1080p.国粤双语中字.mp4 / [www.domp4.cc]全城戒备.2010.BD1080p.国粤双语中字.mp4,1
Mukai Ai Uncensored Version Compilation.mp4 / Mukai Ai Uncensored Version Compilation.mp4,1
超淫乱人妻『深绿岸』换妻绿帽群P淫乱至极 前怼后操 群魔淫舞大乱操 淫乱篇 高清720P原版 / 超淫乱人妻『深绿岸』换妻绿帽群P淫乱至极 前怼后操 群魔淫舞大乱操 淫乱篇 高清720P原版.mp4,1
NubileFilms - Gianna Dior - Taste My Rainbow / NubileFilms - Gianna Dior - Taste My Rainbow.mp4,1
Scream VI [BluRay 1080p][EAC3 5.1-AC3 5.1 Castellano AC3 5.1-Ingles+Subs][ES-EN] / Scream VI BD1080.atomohd.cash.mkv,0
4[PoRO]鬼父 化ケーション 「小生意気タヌキぽんぽこぽん」 / [PoRO]鬼父 化ケーション 「小生意気タヌキぽんぽこぽん」.mp4,1
Blood.Drive.S01E02.BDRip.X264-DEFLATE[eztv].mkv / Blood.Drive.S01E02.BDRip.X264-DEFLATE[eztv].mkv,0
The.Man.with.the.Iron.Fists.2012.UNRATED.EXTENDED.CUT.1080p.10bit.BluRay.6CH.x265.HEVC-PSA / The.Man.with.the.Iron.Fists.2012.UNRATED.EXTENDED.CUT.1080p.10bit.BluRay.6CH.x265.HEVC-PSA.mkv,0
云盘高质露脸泄密！究极反差，金发舌钉卧蚕，火辣小母狗，舔脚足交，被金主各种调教啪啪 / 云盘高质露脸泄密！究极反差，金发舌钉卧蚕，火辣小母狗，舔脚足交，被金主各种调教啪啪.mp4,1
The Paper Chase S02E12 War of the Wonks - DVDRIP H.264 mp4 AAC.mp4 / The Paper Chase S02E12 War of the Wonks - DVDRIP H.264 mp4 AAC.mp4,0
The.Pitt.S01E06.1080p.AMZN.WEB-DL.DDP5.1.H.264.DUAL-SF.mkv / The.Pitt.S01E06.1080p.AMZN.WEB-DL.DDP5.1.H.264.DUAL-SF.mkv,0
Godzilla.VS.Biollante.1989.DUBBED.1080p.BluRay.H264.AAC-RARBG / Godzilla.VS.Biollante.1989.DUBBED.1080p.BluRay.H264.AAC-RARBG.mp4,0
5 / SKYHD-104.mp4,1
madoubt.com 228995.xyz fc2ppv-4680339 / madoubt.com 228995.xyz fc2ppv-4680339.mp4,1
House of the Dragon - Season 1 (2022) WEBRip-AVC [Ukr.Eng] [Цікава Ідея] / House of the Dragon - S01E08 (2022) WEBRip-AVC [Ukr.Eng] [Цікава Ідея].mkv,0
"에이리언 커버넌트 Alien Covenant,2017.1080p.KORSUB.WEBRip.H264.AAC / 에이리언 커버넌트 Alien Covenant,2017.1080p.KORSUB.WEBRip.H264.AAC.mp4",0
[WWW.BLUDV.TV] Anna - O Perigo Tem Nome 2019 (720p - BluRay) Acesse o ORIGINAL WWW.BLUDV.TV / Anna.O.Perigo.Tem.Nome.2019.720p.BluRay.6CH.x264.DUAL-WWW.BLUDV.TV.mkv,0
DVDMS-746 / hhd800.com@DVDMS-746.mp4,1
The.Island.2023.BDRemux.1080p.mkv / The.Island.2023.BDRemux.1080p.mkv,0
[Erai-raws] Wind Breaker - 07 [720p][Multiple Subtitle][76C53D72].mkv / [Erai-raws] Wind Breaker - 07 [720p][Multiple Subtitle][76C53D72].mkv,0
HotAndMean.24.04.04.Kira.Noir.And.Miss.B.Nasty.Domming.Her.Husbands.Side.Piece.XXX.1080p.MP4-WRB[XvX] / hotandmean.24.04.04.kira.noir.and.miss.b.nasty.domming.her.husbands.side.piece.mp4,1
halloween15.mp4 / halloween15.mp4,1
U21_1080_2023 / 02.mp4,1
极品尤物性感美女！胸前抹精油！白嫩皮肤无毛粉穴，黑丝美腿脱下丁字裤，搔首弄姿各种诱惑 / 极品尤物性感美女！胸前抹精油！白嫩皮肤无毛粉穴，黑丝美腿脱下丁字裤，搔首弄姿各种诱惑.mp4,1
The.Investigator.A.British.Crime.Story.S01.WEBRip.x264-ION10 / The.Investigator.A.British.Crime.Story.S01E02.WEBRip.x264-ION10.mp4,0
41757751 -       - Via Hub.mp4 / 41757751 -       - Via Hub.mp4,1
Jeux d'enfants (Love Me If You Dare)2003.SWESUB.Rittmeister.avi / Jeux d'enfants (Love Me If You Dare)2003.SWESUB.Rittmeister.mp4,1
TripTank.Season1 / Triptank.s01e04.The.Green.720p.hdtv.TomatStudio.mkv,0
[ Torrent911.ms ] Peacemaker.2022.S01.MULTi.1080p.WEB.x264-FW / Peacemaker.2022.S01E06.MULTi.1080p.WEB.x264-FW.mkv,0
JUR-446-uncensored-HD / JUR-446-uncensored-nyap2p.com.mp4,1
All Good Things (2010) [BluRay] [720p] [YTS.AM] / All.Good.Things.2010.720p.BluRay.x264-[YTS.AM].mp4,0
17 / 视图/V/床上大战.mp4,1
Fatal Attraction (1987) [2160p] [4K] [BluRay] [5.1] [YTS.MX] / Fatal.Attraction.1987.2160p.4K.BluRay.x265.10bit.AAC5.1-[YTS.MX].mkv,0
DayWithAPornstar.20.08.12.Sofia.Rose.En-Joi.Sofias.Perfect.Tits.XXX.1080p.MP4-KTR[rarbg] / dwp.20.08.12.sofia.rose.en-joi.sofias.perfect.tits.mp4,1
Machofucker - Young Daddy.mp4 / Machofucker - Young Daddy.mp4,1
Black Massive Cocks 13 - Mina Luxx rq.mp4 / Black Massive Cocks 13 - Mina Luxx rq.mp4,1
InTheCrack.E2000.Rachel.Rivers.St.Martin.XXX.1080p.HEVC.x265.PRT / InTheCrack.E2000.Rachel.Rivers.St.Martin.XXX.1080p.HEVC.x265.PRT.mp4,1
Hegre.24.12.24.Goro.And.Inga.Shower.And.Cock.Shave.XXX.2160p.MP4-WRB[XC] / hegre.24.12.24.goro.and.inga.shower.and.cock.shave.4k.mp4,1
[SakuraCircle] Tsundero Series - 01-02 (WEB 1280x720 HEVC AAC) / [SakuraCircle] Tsundero Series - 01 (WEB 1280x720 HEVC AAC) [C9860392].mkv,0
"Ladyboy xxx Gorgeous Leggy Toon (Feb 19, 2016) 720p rq.mp4 / Ladyboy xxx Gorgeous Leggy Toon (Feb 19, 2016) 720p rq.mp4",1
Widow.Clicquot.2023.720p.BluRay.DD.5.1.x264-MegaPeer.mkv / Widow.Clicquot.2023.720p.BluRay.DD.5.1.x264-MegaPeer.mkv,0
American Masters No Direction Home Bob Dylan (2005) [480p] [DVDRip] [YTS.MX] / American.Masters.No.Direction.Home.Bob.Dylan.2005.480p.DVDRip.x264.AAC-[YTS.MX].mp4,0
ThePOVGod.25.02.07.Melztube.More.Than.The.Tip.XXX.720p.HEVC.x265.PRT / ThePOVGod.25.02.07.Melztube.More.Than.The.Tip.XXX.720p.HEVC.x265.PRT.mp4,1
เมาไม่พอโดนแตกใส่หน้าด้วย / t6zkqzZy2qyVXv1l(1280p).mp4,1
Nautilus.S01E04.1080p.rus.LostFilm.TV.mkv / Nautilus.S01E04.1080p.rus.LostFilm.TV.mkv,0
DDFNetwork - Blanche Bradburry & Alexis Brill (ENG) / DDFNetwork - Blanche Bradburry & Alexis Brill.mp4,1
Jekzamen.2009.DOUBLE.BDRip.AVC.SUB.-HELLYWOOD.mkv / Jekzamen.2009.DOUBLE.BDRip.AVC.SUB.-HELLYWOOD.mkv,0
[69av][FC2PPV-1619668]FC2PPV1619668【顔出し】県立商業科③美術部。最後のハメ撮り--更多视频访问[69av.one] / [69av][FC2PPV-1619668]FC2PPV1619668【顔出し】県立商業科③美術部。最後のハメ撮り--更多视频访问[69av.one].mp4,1
MIDA-049 / hhd800.com@MIDA-049.mp4,1
ALSScan.18.04.18.Kenzie.Reeves.Slumbering.Squirter.XXX.1080p.MP4-KTR[N1C] / alsscan.18.04.18.kenzie.reeves.slumbering.squirter[N1C].mp4,1
Shin no Nakama - AniLibria.TV [WEBRip 1080p] / Shin_no_Nakama_[02]_[AniLibria_TV]_[WEBRip_1080p].mkv,0
Black.Coal.Thin.Ice.2014.DVDRip-AVC.mkv / Black.Coal.Thin.Ice.2014.DVDRip-AVC.mkv,0
1577-en-content-v01-20-minute-well-balanced-flow.mp4 / 1577-en-content-v01-20-minute-well-balanced-flow.mp4,1
Carnival.Row.S02.WEBDL.1080p.Rus.Eng / Carnival.Row.S02E06.WEBDL.1080p.RGzsRutracker.mkv,0
Monsters.University.2013.2160p.UHD.BluRay.x265.SHD13.mkv / Monsters.University.2013.2160p.UHD.BluRay.x265.SHD13.mkv,0
OhMyHoles - Karolina Geiman - Two dicks in a gentle cutie (03.01.2024) rq.mp4 / OhMyHoles - Karolina Geiman - Two dicks in a gentle cutie (03.01.2024) rq.mp4,1
Doctor.Strange.2016.BRRip.x265.AC3.BGAUDiO-REFLUX / rflx-docstrange-bg.mkv,0
[Initial D] HNB-100 / HNB-100.mp4,1
[MagicStar] Ultraman Decker EP21 [WEBDL] [1080p] [YOUTUBE] [ENG_CHS_SUB] / [MagicStar] Ultraman Decker EP21 [WEBDL] [1080p] [YOUTUBE].mkv,0
OnlyFans - Kovicki Hutao Fuck Machine.mp4 / OnlyFans - Kovicki Hutao Fuck Machine.mp4,1
Granny.Loves.Anal.XXX.720p.WEBRip.MP4-VSEX / granny-love-anal-720p.mp4,1
"Harlow Harrison - Inked Nation, Scene 4.mp4 / Harlow Harrison - Inked Nation, Scene 4.mp4",1
[SweetSinner] Brooklyn Gray - My Girlfriends Mother 14 (07.04.2020) rq.mp4 / [SweetSinner] Brooklyn Gray - My Girlfriends Mother 14 (07.04.2020) rq.mp4,1
American.Dad.S21E16.WEB.x264-TORRENTGALAXY[TGx] / American.Dad.S21E16.WEB.x264-TORRENTGALAXY.mkv,0
rtvraubreysinclair_180x180_3dh.mp4 / rtvraubreysinclair_180x180_3dh.mp4,1
[OPFansMaplesnow][One_Piece][928][MP4] / [OPFansMaplesnow][One_Piece][928][MP4].mp4,1
Coco Valentin with waltlovesyouxo.mp4 / Coco Valentin with waltlovesyouxo.mp4,0
Canción de juventud (1962) WEBDL 1080p [Kira].mkv / Canción de juventud (1962) WEBDL 1080p [Kira].mkv,0
[non-trusted] LisAni! LIVE 2021 DAY1 [1080p] [9525EF43].mkv / [non-trusted] LisAni! LIVE 2021 DAY1 [1080p] [9525EF43].mkv,0
STARS-261_CH_SD / STARS-261_CH_SD.mp4,1
Н- Strip Blackjack With Candle And Tori.mp4 / Н- Strip Blackjack With Candle And Tori.mp4,0
OnlyFans.2025.Kissa.Sins.Junglie.Creampie.XXX.1080p.MP4-P2P[XC] / onlyfans.2025.kissa.sins.junglie.creampie.xxx.mp4,1
Sweethearts (2024) [Bluray 1080p][Esp] / Sweethearts (2024) [Bluray 1080p][Esp](wolfmax4k.com).mkv,0
Natural.Born.Narco.S01.SPANISH.WEBRip.x265-ION265[eztv.re] / Natural.Born.Narco.S01E01.SPANISH.WEBRip.x265-ION265[eztv.re].mp4,0
"[BROMO] On The Other Side (Manuel Skye, Bo Sinn).mp4 / [BROMO] On The Other Side (Manuel Skye, Bo Sinn).mp4",0
PlayboyPlus.25.08.22.Lailah.Kahalida.Blue.Siren.XXX.1080p.MP4-WRB[XC] / playboyplus.25.08.22.lailah.kahalida.blue.siren.mp4,1
[Erai-raws] Mahouka Koukou no Rettousei S3 - 05 [1080p][HEVC][Multiple Subtitle][BD644E0F].mkv / [Erai-raws] Mahouka Koukou no Rettousei S3 - 05 [1080p][HEVC][Multiple Subtitle][BD644E0F].mkv,0
Bluey - Season 02 Complete / Bluey S02E21 - Escape.mp4,0
TVBOXNOW ViuTV 模範的士 / TVBOXNOW ViuTV 模範的士 EP18.mp4,1
Zvezda_2002.BDRip.(AVC).mkv / Zvezda_2002.BDRip.(AVC).mkv,0
b动w的n主j.EP13.HD1080p.mp4 / b动w的n主j.EP13.HD1080p.mp4,1
VRCONK_Jewelz Blu_dragon_ball_bulma_a_porn_parody_8K_FISHEYE190_alpha.mp4 / VRCONK_Jewelz Blu_dragon_ball_bulma_a_porn_parody_8K_FISHEYE190_alpha.mp4,1
Interracial.Internal.2.REPACK.XXX.DVDRip.x264-Jiggly / jiggly-ii2-repack-x264.mp4,1
The.Third.Man.Criterion.1949.BDRemux.1080p.-nmd.mkv / The.Third.Man.Criterion.1949.BDRemux.1080p.-nmd.mkv,0
Life Selector - A Day With Riley Reid 480p.mp4 / Life Selector - A Day With Riley Reid 480p.mp4,0
The Rundown (2003) [1080p] [BluRay] [5.1] [YTS.MX] / The.Rundown.2003.1080p.BluRay.x264.AAC5.1-[YTS.MX].mp4,0
The.Fosters.2013.S03E03.HDTV.x264-KILLERS[ettv] / The.Fosters.2013.S03E03.HDTV.x264-KILLERS.mp4,0
What a Girl Wants.2003.HDTV.1080i.mkv / What a Girl Wants.2003.HDTV.1080i.mkv,0
www.Torrenting.com - Cosmic.Disclosure.S23E03.720p.WEB.H264-SKYFiRE / cosmic.disclosure.s23e03.720p.web.h264-skyfire.mkv,0
Deepthroat Virgins 28.mp4 / Deepthroat Virgins 28.mp4,1
STP29122 國產AV 渡邊傳媒 DB013 我的操能力系列 高傲爆乳女上司也要乖乖低頭 莉娜 / STP29122 國產AV 渡邊傳媒 DB013 我的操能力系列 高傲爆乳女上司也要乖乖低頭 莉娜.mp4,1
[ Torrent911.io ] Gangs.of.London.S02E02.REPACK.FRENCH.WEBRip.x264.mp4 / [ Torrent911.io ] Gangs.of.London.S02E02.REPACK.FRENCH.WEBRip.x264.mp4,0
The Good Place. Season 1 (WEB-DL l 720p l Jaskier) / The.Good.Place.S01E12-13.720p.WEB-DL.DD2.0.H264-JASKiER.mkv,0
“用逼使劲夹我”对白超淫荡，最新推特博主【我的枪好长啊】肌肉体育生联合单男3P爆操羞辱极品身材人妻高潮颤抖尖叫内射 / “用逼使劲夹我”对白超淫荡，最新推特博主【我的枪好长啊】肌肉体育生联合单男3P爆操羞辱极品身材人妻高潮颤抖尖叫内射.mp4,1
South Park S11E05 Fantastic Easter Special 1080p HMAX WEB-DL DD5 1 H 264-CtrlHD[TGx] / South Park S11E05 Fantastic Easter Special 1080p HMAX WEB-DL DD5 1 H 264-CtrlHD.mkv,0
Shetland [HDTV 720p][Cap.403] / Shetland [HDTV 720p][Cap.403](wolfmax4k.com).mkv,0
Afghan Star (2009) + Extras (576p DVD x265 HEVC 10bit AAC 2.0 Silence) / Afghan Star (2009) (576p DVD x265 Silence).mkv,0
The.Bondsman.S01E06.480p.x264-mSD[EZTVx.to].mkv / The.Bondsman.S01E06.480p.x264-mSD[EZTVx.to].mkv,0
Fear.the.Walking.Dead.S08E06.1080p.HEVC.x265-MeGusta / Fear.the.Walking.Dead.S08E06.1080p.HEVC.x265-MeGusta.mkv,0
[44x.me]kawd-954 / [44x.me]kawd-954.mp4,1
Macbeth.2015.HUN.720p.mHD.x264-Gepont / Macbeth.2015.HUN.720p.mHD.x264-Gepont.mkv,0
www.UIndex.org    -    The Challenge All Stars S05E09 Star-Crossed Rivals 720p AMZN WEB-DL DDP5 1 H 264-NTb / The Challenge All Stars S05E09 Star-Crossed Rivals 720p AMZN WEB-DL DDP5 1 H 264-NTb.mkv,0
Despicable Me 4 (2024) TS 1080p Ukr.mkv / Despicable Me 4 (2024) TS 1080p Ukr.mkv,0
[44x.me]CMN-190 / [44x.me]CMN-190.mp4,1
Capote (2005) [1080p] [BluRay] [5.1] [YTS.MX] / Capote.2005.1080p.BluRay.x264.AAC5.1-[YTS.MX].mp4,0
#_IESP619 / IESP619.mp4,1
ExxxtraSmall.21.12.23.Aria.Valencia.Tiny.Naughty.Elf.XXX.720p.HEVC.x265.PRT[XvX] / ExxxtraSmall.21.12.23.Aria.Valencia.Tiny.Naughty.Elf.XXX.720p.HEVC.x265.PRT.mkv,1
基地.Foundation.2021.S03E05.6v电影 地址发布页 www.6v123.net 收藏不迷路 / 基地.Foundation.2021.S03E05.Where.Tyrants.Spend.Eternity.1080p.HD中英双字[最新电影www.5266ys.com].mp4,0
Hangyakusei Million Arthur II 21 [07A8A61B].mp4 / Hangyakusei Million Arthur II 21 [07A8A61B].mp4,1
41870091 - KINKY INLAWS - Hot Stepmom Eva Berger Needs A Big Dick In Her Great Ass - LETSDOEIT.mp4 / 41870091 - KINKY INLAWS - Hot Stepmom Eva Berger Needs A Big Dick In Her Great Ass - LETSDOEIT.mp4,1
ManoJob.12.06.15.Mali.Myers.XXX.1080p.x264-SEXORS / sexo-mj-mali-120615.mp4,1
[Anime Time] One Piece - 1099 [1080p][HEVC 10bit x265][AAC][Eng Sub].mkv / [Anime Time] One Piece - 1099 [1080p][HEVC 10bit x265][AAC][Eng Sub].mkv,0
Midsomer. Murders.S12.2009.1080.WEB.h264-MAGNET / Midsomer.Murders.S12.E06.mp4,1
HMN-688-AI / HMN-688-AI.mp4,1
【高清剧集网发布 www.BBEGGE.com】胆大党.第二季[第10集][中文字幕].DAN.DA.DAN.S02.2024.2160p.WEB-DL.H265.HDR.AAC-ColorTV / 胆大党.DAN.DA.DAN.S02E10.2024.2160p.WEB-DL.H265.HDR.AAC-ColorTV.mkv,1
madoubt.com 398528.xyz IPX-960 / madoubt.com 398528.xyz IPX-960.mp4,1
910_IH_Avril_Hall_.mp4 / 910_IH_Avril_Hall_.mp4,1
[xtorrenty.org] Wybór matki-Marked Sezon 1 / Wybór matki-Marked S01E03.mp4,1
Blindfolded_blowjob_creampie_orgasm / Blindfolded_blowjob_creampie_orgasm.mp4,1
Hagure Yuusha no Estetica [1920x1080] JAP / [ReinForce] Hagure Yuusha no Estetica - 12 (BDRip 1920x1080 x264 FLAC).mkv,0
South.of.Heaven.2021.BDRip.1080p.seleZen.mkv / South.of.Heaven.2021.BDRip.1080p.seleZen.mkv,0
MIAE-168 / MIAE-168.mp4,1
[Exiled-Destiny] Maria The Virgin Witch / [Exiled-Destiny]_Maria_The_Virgin_Witch_Ep07_(395922F8).mkv,0
黑丝露脸奶子翘挺的风骚人妻被小哥爆草蹂躏，淫声荡语浪叫不断表情好骚，站着爆草菊花塞跳蛋，激情上位刺激 / 黑丝露脸奶子翘挺的风骚人妻被小哥爆草蹂躏，淫声荡语浪叫不断表情好骚，站着爆草菊花塞跳蛋，激情上位刺激.mp4,1
Jewel_SexArt-360p.mp4 / Jewel_SexArt-360p.mp4,1
Viudas [MicroHD 1080p][AC3 5.1-DTS 5.1-Castellano-AC3 5.1 Ingles+Subs][ES-EN] / Viudas M1080.ww.pctnew.com.mkv,0
Cobra.Kai.S03.COMPLETE.720p.WEBRip.x264-GalaxyTV[TGx] / Cobra.Kai.S03E10.720p.WEBRip.x264-GalaxyTV.mkv,0
RoccoSiffredi.23.04.15.Eden.Ivy.And.St.Martha.XXX.1080p.HEVC.x265.PRT / RoccoSiffredi.23.04.15.Eden.Ivy.And.St.Martha.XXX.1080p.HEVC.x265.PRT.mp4,1
NylonFlix.25.02.19.Lucky.Bee.Pantyhose.Perfect.XXX.1080p.MP4-VSEX[XC] / NylonFlix.25.02.19.Lucky.Bee.Pantyhose.Perfect.XXX.1080p.mp4,1
"엘리오 Elio, 2025.1080p.KORSUB.WEBRip.H264.AAC / 엘리오 Elio, 2025.1080p.KORSUB.WEBRip.H264.AAC.mp4",0
The House Of Hanging (1979) [720p] [WEBRip] [YTS.MX] / The.House.Of.Hanging.1979.720p.WEBRip.x264.AAC-[YTS.MX].mp4,0
Alone.Season.1.Complete.incl.Extra.HDTV.x264 / Alone.S01E02.Of.Wolf.and.Man.HDTV.x264-FUM.mp4,0
kfa55.com@PPPE291 / kfa55.com@PPPE291.mp4,1
"4 Months, 3 Weeks and 2 Days (2007) BDRip 1080p H.265 [Hurtom].mkv / 4 Months, 3 Weeks and 2 Days (2007) BDRip 1080p H.265 [Hurtom].mkv",0
URE-063 / URE-063.mp4,1
[GeoSubs] Kamen Rider Gavv - 25 (Hardsub)[3BEB5DA8].mp4 / [GeoSubs] Kamen Rider Gavv - 25 (Hardsub)[3BEB5DA8].mp4,1
SPYxFAMILY.CÓDIGO.Branco.2024.1080p.BluRay.DUAL.2.0 / SPYxFAMILY.CÓDIGO.Branco.2024.1080p.BluRay.DUAL.2.0.mkv,0
HesGotRizz.24.11.06.Sami.Parker.Shoot.Yo.Shot.XXX.1080p.HEVC.x265.PRT / HesGotRizz.24.11.06.Sami.Parker.Shoot.Yo.Shot.XXX.1080p.HEVC.x265.PRT.mp4,1
极品泄密-广东潘晴晴从一开始的天真纯情害羞到后来楼梯自慰裸舞 / 极品泄密-广东潘晴晴从一开始的天真纯情害羞到后来楼梯自慰裸舞.mp4,1
[ExploitedCollegeGirls] Aarin and Natalia (Threeway - 10.11.2016) rq (270p).mp4 / [ExploitedCollegeGirls] Aarin and Natalia (Threeway - 10.11.2016) rq (270p).mp4,0
HussiePass.22.08.26.Sadie.Pop.5-Foot.Nothing.Vs.13.Inches.XXX.720p.HEVC.x265.PRT / HussiePass.22.08.26.Sadie.Pop.5-Foot.Nothing.Vs.13.Inches.XXX.720p.HEVC.x265.PRT.mp4,1
Nekane (Cumshot Compilation) .mp4 / Nekane (Cumshot Compilation) .mp4,1
又美又骚活儿又好，极品骚浪贱小母狗各种性爱，跳跳糖口活口爆啪啪，得此女性福一生 / 又美又骚活儿又好，极品骚浪贱小母狗各种性爱，跳跳糖口活口爆啪啪，得此女性福一生.mp4,1
Damsel.2024.P2.WEB-DLRip.720p.x264.seleZen.mkv / Damsel.2024.P2.WEB-DLRip.720p.x264.seleZen.mkv,0
MADV-593 / MADV-593.mp4,1
Modern.Family.S10E20.HDTV.x264-SVA / Modern.Family.S10E20.HDTV.x264-SVA.mkv,1
DASS-583-uncensored-HD / DASS-583-uncensored-nyap2p.com.mp4,1
Azbuka Na Nadejdata (2003) / Azbuka Na Nadejdata (2003).mkv,1
HMIX-036 / hhd800.com@HMIX-036.mp4,1
初代网红绿茶婊，极品平模，三线女演员【王瑞儿】不雅私拍全集，紫薇滴蜡喷水，各种骚话M腿挑逗，脸逼同框 / 初代网红绿茶婊，极品平模，三线女演员【王瑞儿】不雅私拍全集，紫薇滴蜡喷水，各种骚话M腿挑逗，脸逼同框.mp4,1
[SubsPlease] Ameku Takao no Suiri Karte - 11 (720p) [4B4E718F].mkv / [SubsPlease] Ameku Takao no Suiri Karte - 11 (720p) [4B4E718F].mkv,0
TE3N / TE3N.mkv,0
Cutthroat.Island.1995.1080p.BluRay.x265-RARBG / Cutthroat.Island.1995.1080p.BluRay.x265-RARBG.mp4,0
The.Imitation.Game.2014.1080p.BluRay.x265-DiN / The.Imitation.Game.2014.1080p.BluRay.x265-DiN.mkv,0
An Archdemon's Dilemma - How to Love Your Elf Bride S01E07 VOSTFR 1080p WEB x264 AAC -Tsundere-Raws (CR).mkv / An Archdemon's Dilemma - How to Love Your Elf Bride S01E07 VOSTFR 1080p WEB x264 AAC -Tsundere-Raws (CR).mkv,0
meyd00023 親族一同に輪姦された美人妻 香山美桜 / meyd00023 親族一同に輪姦された美人妻 香山美桜.mp4,1
[ANi] Silent Witch 沉默魔女的祕密 - 04 [1080P][Baha][WEB-DL][AAC AVC][CHT].mp4 / [ANi] Silent Witch 沉默魔女的祕密 - 04 [1080P][Baha][WEB-DL][AAC AVC][CHT].mp4,0
[190531][あんてきぬすっ]OVA妻が綺麗になったワケ ＃2(No Watermark).mp4 / [190531][あんてきぬすっ]OVA妻が綺麗になったワケ ＃2(No Watermark).mp4,1
Football.Parents.S01E04.1080p.WEB.h264-EDITH[EZTVx.to].mkv / Football.Parents.S01E04.1080p.WEB.h264-EDITH[EZTVx.to].mkv,0
DadsLovePorn.24.11.07.Nia.Bleu.XXX.480p.MP4-XXX[XC] / dadsloveporn.24.11.07.nia.bleu.480p.mp4,1
EBOD-946.mp4 / EBOD-946.mp4,1
pred-722 / 4k2.com@pred-722.mp4,1
[ CourseWikia.com ] Udemy - Career Goals Accelerator - Fast Track Your Career Success / ~Get Your Files Here !/4 - Plan Your Work Map Out Your Goal/9 - There are only 3 steps you need in your plan.mp4,0
漂亮学生妹私下极度反差是个露出癖性瘾小母狗对主人忠贞不二喝尿野战露出各种刺激玩法 / 漂亮学生妹私下极度反差是个露出癖性瘾小母狗对主人忠贞不二喝尿野战露出各种刺激玩法.mp4,1
www.UIndex.org    -    The Bear S04E08 REPACK 2160p DSNP WEB-DL DDP5 1 H 265-FLUX / The Bear S04E08 REPACK 2160p DSNP WEB-DL DDP5 1 H 265-FLUX.mkv,0
疯狂小骚牌~【蜜蜜蜜蜜】网吧裸露~足浴跳蛋闺蜜双秀+无套~！ / 蜜蜜蜜蜜/gc2048.com-蜜蜜蜜蜜_20230302-232229-183_20230303-021946-614.mp4,1
The.Equalizer.3.2023.x264.seleZen.mkv / The.Equalizer.3.2023.x264.seleZen.mkv,0
Passion-HD: Elsa Jean - More Than A Massage XXX [264] / Elsa Jean - More Than A Massage.mp4,1
顶级身材反差露脸！卖原味又好色高颜大奶推特女神【困困狗】私拍，各种不雅淫态紫薇露出啪啪被健身男友无套内射 / 顶级身材反差露脸！卖原味又好色高颜大奶推特女神【困困狗】私拍，各种不雅淫态紫薇露出啪啪被健身男友无套内射.mp4,1
Arnold.S01E01.WEBRip.x264-XEN0N / Arnold.S01E01.WEBRip.x264-XEN0N.mkv,0
【高清影视之家发布 www.WHATMV.com】本能[简繁英字幕].Basic.Instinct.1992.1080p.BluRay.x265.10bit.DTS-QuickIO / Basic.Instinct.1992.1080p.BluRay.x265.10bit.DTS-QuickIO.mkv,0
[ Torrent911.org ] FBI.S04E02.FRENCH.WEB.x264-EXTREME.mkv / [ Torrent911.org ] FBI.S04E02.FRENCH.WEB.x264-EXTREME.mkv,0
DirtyAuditions.24.06.01.Willow.Ryder.And.Frecklemonade.XXX.480p.MP4-XXX[XC] / dirtyauditions.24.06.01.willow.ryder.and.frecklemonade.480p.mp4,1
midv-015-C / midv-015-C.mp4,1
Underworld Blood Wars (2016) [YTS.AG] / Underworld.Blood.Wars.2016.720p.BluRay.x264-[YTS.AG].mp4,0
Native American Girl Fights back Tears while getting Roughly Face Fucked [KTR].ss / Native American Girl Fights back Tears while getting Roughly Face Fucked [KTR].ss.mp4,1
www.UIndex.org    -    Sinners.2025.1080p.TeleSync.X264.COLLECTiVE / Sinners.2025.1080p.TeleSync.X264.COLLECTiVE.mp4,0
HMN-625.[4K]@R / [0222223.com]@HMN-625_[4K]@R.mkv,1
[1992] Noroi no Onepiece_詛咒的連身裙(呪いのワンピース)_TVSP / SourceUnknown.MKV.1080P.pol-enSub/[OldCastle] Noroi no One Piece - 03 [30991003].mkv,0
[BrazzersExxtra] Lacy Lennon - Steve Holmes Sneaks Pussy (25.09.2020) rq.mp4 / [BrazzersExxtra] Lacy Lennon - Steve Holmes Sneaks Pussy (25.09.2020) rq.mp4,1
True.Detective.S02.1080p.HDTV.Rus.Eng.HDCLUB / True.Detective.S02E08.1080p.HDTV.Rus.Eng.HDCLUB.mkv,0
Pärchentausch - unter deutschen Dächern / Pärchentausch - unter deutschen Dächern.mp4,1
madoubt.com 596892.xyz HSM-074 / madoubt.com 596892.xyz HSM-074.mp4,1
mic_alex_katie_tt100615_720p_8000.mp4 / mic_alex_katie_tt100615_720p_8000.mp4,1
【贴心话】SDMT-016 jueshimeir / 【贴心话】SDMT-016 jueshimeir.mp4,1
OldHans.24.08.11.Anie.Darling.XXX.1080p.MP4-WRB[XC] / oldhans.24.08.11.anie.darling.mp4,1
Master and Commander(2003)BDRip-F.HD.mkv / Master and Commander(2003)BDRip-F.HD.mkv,0
PlumperPass - Lila Lovely Puttin In Work / PlumperPass.17.09.18.Lila.Lovely.Puttin.In.Work.XXX.SD.MP4-KLEENEX.mp4,1
"The Equalizer (1985) / The Equalizer - Season 3/The Equalizer S03E02 - Blood And Wine, Part 2.mp4",0
"보안관 (초고화질) The Sheriff in Town,2016.1080p.FHDRip.H264.AAC.mp4 / 보안관 (초고화질) The Sheriff in Town,2016.1080p.FHDRip.H264.AAC.mp4",0
FC2-PPV-4745637 / FC2-PPV-4745637.mp4,1
"[Judas] Demon Lord, Retry! - S02E07.mkv / [Judas] Demon Lord, Retry! - S02E07.mkv",1
New.Ana.Lingus.05.02.2025.Anal.Hardcore.Pov.BBC.ILUVY.mp4 / New.Ana.Lingus.05.02.2025.Anal.Hardcore.Pov.BBC.ILUVY.mp4,1
The.Story.of.Europe.with.Historian.Dr.Christopher.Clark.Series.1.2of6.Beliefs.and.Ideas.1080p.HDTV.x264.AAC.MVGroup.org.mp4 / The.Story.of.Europe.with.Historian.Dr.Christopher.Clark.Series.1.2of6.Beliefs.and.Ideas.1080p.HDTV.x264.AAC.MVGroup.org.mp4,0
20250829_2.BL_25.26_R.04_BSC_vs_ELV_[rgfootball.net]_720p.50.mkv / 20250829_2.BL_25.26_R.04_BSC_vs_ELV_[rgfootball.net]_720p.50.mkv,0
The.Hunger.Games.The.Ballad.of.Songbirds.And.Snakes.2023.HDRip.c1nem4.x264-SUNSCREEN[TGx] / The.Hunger.Games.The.Ballad.of.Songbirds.And.Snakes.2023.HDRip.c1nem4.x264-SUNSCREEN.mkv,0
Dovbush (2023) [1080p] [BluRay] [5.1] [YTS.MX] / Dovbush.2023.1080p.BluRay.x264.AAC5.1-[YTS.MX].mp4,0
[POLSKIE-TORRENTY.EU] Silo 2024 S02E07 PL Ai 720p ATVP WEB-DL H264 DD5.1-S56 / Silo.S02E07.PL.AI.720p.ATVP.WEB-DL.H264.DD5.1-S56.mkv,0
OnlyFans - Alinity Post Stream Outfit [23.02.13][XLeech].mp4 / OnlyFans - Alinity Post Stream Outfit [23.02.13][XLeech].mp4,1
Adobe Lightroom Classic 2025 v14.2 (x64) / Setup/resources/carousel/images/01_creativity_for_all_445x239.mp4,1
[Tiny4K.com] Natalia Queen - Splash Fight (12.10.2023) [2160p].mp4 / [Tiny4K.com] Natalia Queen - Splash Fight (12.10.2023) [2160p].mp4,0
Empire.of.Lust.2015.KOREAN.1080p.AMZN.WEBRip.DDP5.1.x264-tG1R0 / Empire.of.Lust.2015.KOREAN.1080p.AMZN.WEBRip.DDP5.1.x264-tG1R0.mkv,0
推特新晋长腿嫩妻、极品舞蹈生「跳跳羊」《骚货人妻～上集》油亮无内咖色丝袜搭配上棕色性感高跟，母狗专属交配姿势，超清特写喷水 / 推特新晋长腿嫩妻、极品舞蹈生「跳跳羊」《骚货人妻～上集》油亮无内咖色丝袜搭配上棕色性感高跟，母狗专属交配姿势，超清特写喷水.mp4,1
www.UIndex.org    -    The Thursday Murder Club (2025) 1080p WEBRip x265 10bit 5.1-LAMA / The.Thursday.Murder.Club.2025.1080p.WEBRip.x265.10bit.AAC5.1-LAMA.mp4,0
SONE-258_CH.HD / SONE-258_CH-nyap2p.com.mp4,1
052_3xplanet_VDD-093.mp4 / 052_3xplanet_VDD-093.mp4,1
TVBOXNOW 蜘蛛俠_驚世現新 / TVBOXNOW 蜘蛛俠_驚世現新.mp4,1
Line Of Duty - Temporada 1 [HDTH 720p][Cap.101][AC3 5.1 Español Castellano] / LODuty720p1x01_[www.newpct1.com].mkv,0
Home Alone 2 Lost In New York-BDRip-AVC-1992-Rus(MVO-OPT)-4I70K.mkv / Home Alone 2 Lost In New York-BDRip-AVC-1992-Rus(MVO-OPT)-4I70K.mkv,1
SweetSinner.19.12.10.Scarlit.Scandal.Family.Holiday..480p.MP4-XXX / sweetsinner.19.12.10.scarlit.scandal.family.holiday.mp4,1
madoubt.com 832263.xyz KSBJ-166 / madoubt.com 832263.xyz KSBJ-166.mp4,1
x-pornhub-outfit.mp4 / x-pornhub-outfit.mp4,1
Denver Nuggets at Atlanta Hawks 08.12.2024.mkv / Denver Nuggets at Atlanta Hawks 08.12.2024.mkv,1
Shoplyfter.25.03.15.Hazel.Moore.Take.My.Pussy.Officer.XXX.1080p.HEVC.x265.PRT / Shoplyfter.25.03.15.Hazel.Moore.Take.My.Pussy.Officer.XXX.1080p.HEVC.x265.PRT.mp4,1
madoubt.com 289566.xyz caribbeancom-011223_001 / madoubt.com 289566.xyz caribbeancom-011223_001.mp4,1
[Anistar.org] Isekai Nonbiri Nouka [TV-1] - 10 [1080p].mkv / [Anistar.org] Isekai Nonbiri Nouka [TV-1] - 10 [1080p].mkv,0
ATKHairy.24.08.23.Dria.Submits.XXX.720p.HEVC.x265.PRT / ATKHairy.24.08.23.Dria.Submits.XXX.720p.HEVC.x265.PRT.mp4,1
TVBOXNOW 暗行御史_朝鮮秘密搜查團 / TVBOXNOW 暗行御史_朝鮮秘密搜查團 EP07.mp4,1
MasterShef.s13 / MasterShef.s13e02.mp4,1
26.ˮӡ Blacked-Farrah Flower-RedHead Teen Enjoys Interracial Sex ŮܺڌŸ߳ / 26.ˮӡ Blacked-Farrah Flower-RedHead Teen Enjoys Interracial Sex ŮܺڌŸ߳.mp4,1
2025 AMA Supercross Rd 8 Daytona 1080p60 x265 / 2025 AMA Supercross Rd 8 Daytona 1080p60 x265.mkv,0
HowItConqueredTheWorld / IT_Conquered_The_World_1956.mp4,1
"My First DP, May Fiesta 2on1 Balls Deep Anal, DP, Manhandle, Gapes and Facial GL176.mp4 / My First DP, May Fiesta 2on1 Balls Deep Anal, DP, Manhandle, Gapes and Facial GL176.mp4",1
Love.Lies.Bleeding.2024.1080p.BluRay.DDP5.1.Atmos.H.265-WAR / Love.Lies.Bleeding.2024.1080p.BluRay.DDP5.1.Atmos.H.265-WAR.mkv,0
[RealWifeStories] Emily Blake - Bump In The Night (17.09.2020) rq.mp4 / [RealWifeStories] Emily Blake - Bump In The Night (17.09.2020) rq.mp4,0
Neighborhood Swingers #16 720p / 2.mp4,1
lady_lust_big-1080.mp4 / lady_lust_big-1080.mp4,1
Nicht.ganz.koscher.2023.WEB-DL.1080p.seleZen.mkv / Nicht.ganz.koscher.2023.WEB-DL.1080p.seleZen.mkv,0
Moja.sobachja.gizn.1985.x264.BDRip.720p.mkv / Moja.sobachja.gizn.1985.x264.BDRip.720p.mkv,0
UEFA_Europa_League_2021_2022_Group_C_Leicester_City_Spartak_Moscow_720_dfkthbq1968 / time_1.mkv,1
【高清剧集网发布 www.DDHDTV.com】薛仁贵征东[全20集][无字片源].1985.720p.MyTVSuper.WEB-DL.H264.AAC-LelveTV / The.Legend.Of.The.General.Who.Never.Was.S01E02.1985.720p.MyTVSuper.WEB-DL.H264.AAC-LelveTV.mkv,0
[ CourseWikia.com ] Udemy - Conquer Your Anxiety - 30 Strategies For Anxiety Management / ~Get Your Files Here !/14 - Anxiety Strategy 13 Be Mindful of Anxious Thoughts/14 - Anxiety Strategy 13 Be Mindful of Anxious Thoughts.mp4,0
新加坡知名网红 Christabel Chua (@BellyWellyJelly)- 49部高清原档单片流出 / 新加坡知名网红 Christabel Chua (@BellyWellyJelly)- 49部高清原档单片流出.mp4,1
【SEX8.CC】ABS-086 / 【SEX8.CC】ABS-086.mp4,1
madoubt.com 692523.xyz caribbeancom-011325_001 / madoubt.com 692523.xyz caribbeancom-011325_001.mp4,1
Furia (Proper) - Temporada 1 [HDTV 720p][Cap.104_106][AC3 5.1 Castellano][www.atomixHQ.ART] / Furia (Proper) - Temporada 1 [HDTV 720p][Cap.105][AC3 5.1 Castellano][www.atomixHQ.ART].mkv,0
唯美人妻原创首发之穿旗袍沙发做爱 激烈刺激3P齐操 爆操抽插内射流精偷情好刺激 高清720P原版无水印 / 唯美人妻原创首发之穿旗袍沙发做爱 激烈刺激3P齐操 爆操抽插内射流精偷情好刺激 高清720P原版无水印.mp4,1
STP29132 ✿双模出击✿ 极品JVID唯美情色艺术尤物▌妍妍x果宝宝▌万圣节典辑 不给阳具就捣蛋 互舔揉乳引爆荷尔蒙 / STP29132 ✿双模出击✿ 极品JVID唯美情色艺术尤物▌妍妍x果宝宝▌万圣节典辑 不给阳具就捣蛋 互舔揉乳引爆荷尔蒙.mp4,1
The.Beast.Within.2024.1080p.AMZN.WEB-DL.DDP5.1.H.264-BYNDR[TGx] / The.Beast.Within.2024.1080p.AMZN.WEB-DL.DDP5.1.H.264-BYNDR.mkv,0
RDT-280 / RDT-280.mp4,1
暴君的厨师.2025.S01E03.HD1080P.AAC.H264.CHS.BTSJ6 / 暴君的厨师.2025.S01E03.HD1080P.AAC.H264.CHS.BT世界网.[www.btsj6.com].mp4,0
Superman (2025) WEB-DL 2160p HDR 2xUkr Eng [Hurtom].mkv / Superman (2025) WEB-DL 2160p HDR 2xUkr Eng [Hurtom].mkv,0
Busty Stepmom Seductions / Busty Stepmom Seductions.mp4,1
mamiyasaki_pregra.mp4 / mamiyasaki_pregra.mp4,1
The.Curse.of.Oak.Island.S12E04.WEB.x264-TORRENTGALAXY[TGx] / The.Curse.of.Oak.Island.S12E04.WEB.x264-TORRENTGALAXY.mkv,0
深喉女神，亚裔母狗【李露丝】露脸私拍，深喉口爆肛交啪啪野战，各式各样性爱自拍 / 深喉女神，亚裔母狗【李露丝】露脸私拍，深喉口爆肛交啪啪野战，各式各样性爱自拍.mp4,1
Drive My Car (2021) BDRip.mkv / Drive My Car (2021) BDRip.mkv,1
State.Of.The.Union.S01E03.HDTV.x264-LiNKLE[eztv].mkv / State.Of.The.Union.S01E03.HDTV.x264-LiNKLE[eztv].mkv,0
[Erai-raws] Rock wa Lady no Tashinami deshite - 03 [1080p AMZN WEBRip HEVC EAC3][MultiSub][23707884].mkv / [Erai-raws] Rock wa Lady no Tashinami deshite - 03 [1080p AMZN WEBRip HEVC EAC3][MultiSub][23707884].mkv,0
Until.Dawn.2025.UHD.BluRay.2160p.TrueHD.Atmos.7.1.DV.HDR10P.HEVC.HYBRID.REMUX-FraMeSToR / Until.Dawn.2025.UHD.BluRay.2160p.TrueHD.Atmos.7.1.DV.HDR10P.HEVC.HYBRID.REMUX-FraMeSToR.mkv,0
DVAJ-566 / hhd800.com@DVAJ-566-A.mp4,1
【小辉寻花】，20岁兼职学生妹，大奶子，不太敬业被干还看手机，大屌插入干得哇哇叫真是紧 / 【小辉寻花】，20岁兼职学生妹，大奶子，不太敬业被干还看手机，大屌插入干得哇哇叫真是紧.mp4,1
Kabhi Alvida Naa Kehna (2006) Hindi 720p BRRip x264 AAC ESub.mkv / Kabhi Alvida Naa Kehna (2006) Hindi 720p BRRip x264 AAC ESub.mkv,0
OnlyTaboo.com Layla Tockneel (Kaylea) / OnlyTaboo.com 21.11.11 Layla Tockneel - Preggo Stepmom Fucked.mp4,1
Blue-Eyed Butcher (2012) [720p] [WEBRip] [YTS.MX] / Blue-Eyed.Butcher.2012.720p.WEBRip.x264.AAC-[YTS.MX].mp4,0
madoubt.com 563353.xyz caribbeancom-022421_001 / madoubt.com 563353.xyz caribbeancom-022421_001.mp4,1
madoubt.com 632889.xyz heyzo-1544 / madoubt.com 632889.xyz heyzo-1544.mp4,1
BlackedRaw - Rae Lil Black - BBC-Addicted Rae Lil Black In First Blacked Raw Appearance (25.11.2024) rq.mp4 / BlackedRaw - Rae Lil Black - BBC-Addicted Rae Lil Black In First Blacked Raw Appearance (25.11.2024) rq.mp4,1
HouseHumpers.25.08.22.Bianca.Bangs.And.Molly.Little.Caught.Recording.XXX.720p.MP4-XXX[XC] / househumpers.25.08.22.bianca.bangs.and.molly.little.caught.recording.720p.mp4,1
www.lyrics.lol    -    The Investigation DK Part 3 SUBBED 720p HEVC x265-MeGusta / The.Investigation.DK.Part.3.SUBBED.720p.HEVC.x265-MeGusta.mkv,0
madoubt.com 238883.xyz 10musume-122423_01 / madoubt.com 238883.xyz 10musume-122423_01.mp4,1
贵在真实，电报群土豪重金定制，高颜露脸大四妹子宿舍没人后，脱光各种展示小母狗形态，销魂紫薇各种淫语，很反差 / 贵在真实，电报群土豪重金定制，高颜露脸大四妹子宿舍没人后，脱光各种展示小母狗形态，销魂紫薇各种淫语，很反差.mp4,1
BOKD-255 / BOKD-255.mp4,1
Invasion.2021.S02E03.480p.x264-mSD[eztv.re].mkv / Invasion.2021.S02E03.480p.x264-mSD[eztv.re].mkv,0
MomIsHorny.24.08.09.Savanah.Storm.XXX.1080p.HEVC.x265.PRT / MomIsHorny.24.08.09.Savanah.Storm.XXX.1080p.HEVC.x265.PRT.mp4,1
madoubt.com 966269.xyz fc2ppv-4689786 / madoubt.com 966269.xyz fc2ppv-4689786.mp4,1
madoubt.com 822526.xyz heyzo-2792 / madoubt.com 822526.xyz heyzo-2792.mp4,1
Unnamed Memory [1080 x265] / Unnamed Memory - 11 [1080p x265 10bit].mkv,0
madoubt.com 323683.xyz heyzo-2072 / madoubt.com 323683.xyz heyzo-2072.mp4,1
"Mature.nl Nympha (41), Nicol V. (41) & Bruno Baxter (22) - These Nympho Milfs love to grind their pussies on a young man's face!.mp4 / Mature.nl Nympha (41), Nicol V. (41) & Bruno Baxter (22) - These Nympho Milfs love to grind their pussies on a young man's face!.mp4",1
辐射 Irradiés.2020.HD1080P.人工法语中字 / 辐射 Irradiés.2020.HD1080P.人工法语中字.mp4,0
Vsadnik po imeni Smert (2004).BDRip.1080p.AV1.PlamenNik / Vsadnik po imeni Smert (2004).BDRip.1080p.AV1.PlamenNik.mkv,0
InterracialVision.24.04.06.Carmen.Sweet.XXX.480p.MP4-XXX[XC] / InterracialVision.24.04.06.Carmen.Sweet.XXX.480p.mp4,1
www.5MovieRulz.frl - Devil_s Double Next Level (2025) Proper HQ HDRip - x264 - [Mal + Kan] - AAC - 750MB - ESub.mkv / www.5MovieRulz.frl - Devil_s Double Next Level (2025) Proper HQ HDRip - x264 - [Mal + Kan] - AAC - 750MB - ESub.mkv,0
【新片】两个长途司机嫖做兼职的眼镜老师 这个床被操完去那个床再操 / 【新片】两个长途司机嫖做兼职的眼镜老师 这个床被操完去那个床再操.mp4,1
Assassins.1995.1080p.BluRay.AV1-DiN / Assassins.1995.1080p.BluRay.AV1-DiN.mkv,0
Are.You.My.First.S01E07.1080p.WEB.h264-EDITH[EZTVx.to].mkv / Are.You.My.First.S01E07.1080p.WEB.h264-EDITH[EZTVx.to].mkv,0
The.Lord.of.the.Rings.The.Rings.of.Power.S01E06.Udun.1080p.AMZN.WEB-DL.DDP5.1.Atmos.H.264-CMRG[TGx] / The.Lord.of.the.Rings.The.Rings.of.Power.S01E06.Udun.1080p.AMZN.WEB-DL.DDP5.1.Atmos.H.264-CMRG.mkv,0
A Single Girl (1995) [BluRay] [720p] [YTS.LT] / A.Single.Girl.1995.720p.BluRay.x264-[YTS.LT].mp4,0
madoubt.com 225529.xyz HIKR-227 / madoubt.com 225529.xyz HIKR-227.mp4,1
PPPE-299.mp4 / PPPE-299.mp4,1
Inspector.Sun.y.la.maldición.de.la.viuda.negra.2022.WEB-DLRip.x264.seleZen.mkv / Inspector.Sun.y.la.maldición.de.la.viuda.negra.2022.WEB-DLRip.x264.seleZen.mkv,0
1 season / 14. Joint Point.mkv,0
Family Guy Season 11 (2012) [HDTV 720p] [Filiza Studio] / Family.Guy.S11E01.720p.HDTV.X264.Filiza Studio.mkv,0
"Snoopy & Charlie Brown - Peanuts, o Filme (2016) 5.1 CH Dublado 1080p (By-LuanHarper) / Snoopy & Charlie Brown - Peanuts, o Filme (2016) 5.1 CH Dublado 1080p (By-LuanHarper).mp4",0
Muzhchina.i.zhenshchina.2024.WEB-DL.1080p.ExKinoRay.mkv / Muzhchina.i.zhenshchina.2024.WEB-DL.1080p.ExKinoRay.mkv,0
Diana - Episode 14 / Diana - Episode 14.mp4,1
国产经典作品-肥猪男和穿着蓝色情趣网袜的苗条老婆在沙发上口交做爱 720P高清原版 / 国产经典作品-肥猪男和穿着蓝色情趣网袜的苗条老婆在沙发上口交做爱 720P高清原版.mp4,1
FC2-PPV-4282102 / hhd800.com@FC2-PPV-4282102.mp4,1
"Sexy Blonde Odette Delacroix Gets Brutal Live Stream BaRS Fuck of a Lifetime  Odette Delacroix / SB - May 23, 2016 - Odette Delacroix high.mp4",0
Nikt - Nobody 2021 [10Bit SDR] [2160p.WEB-DL.H265.AC3.5.1-AS76-FT] [ENG-Lektor PL] [Alusia] / Nikt - Nobody 2021 [10Bit SDR] [2160p.WEB-DL.H265.AC3.5.1-AS76-FT] [ENG-Lektor PL] [Alusia].mkv,0
AP-706 / AP-706.mp4,1
madoubt.com 632889.xyz heyzo-2004 / madoubt.com 632889.xyz heyzo-2004.mp4,1
御姐女神 超新星 新晋极品妙龄少女 小敏儿 勾魂眉眼摄魂心魄 情趣 秘书 女仆 JK学妹白虎尤物 劲爆登场 / 御姐女神 超新星 新晋极品妙龄少女 小敏儿 勾魂眉眼摄魂心魄 情趣 秘书 女仆 JK学妹白虎尤物 劲爆登场.mp4,1
私房最新流出【乐橙酒店摄像头】3对学生情侣开房 长相姣好制服妹 / 私房最新流出【乐橙酒店摄像头】3对学生情侣开房 长相姣好制服妹.mp4,1
Trans-Bailee-4on1-Toys-BTG019-1-480p.mp4 / Trans-Bailee-4on1-Toys-BTG019-1-480p.mp4,1
fsdss-712 / fsdss-712.mp4,1
JFB-179 / JFB-179-2.mp4,1
madoubt.com 369262.xyz fc2ppv-2524664 / madoubt.com 369262.xyz fc2ppv-2524664.mp4,1
Besprincypnie.v.Pitere.S01.2025.WEB-DLRip.(AVC).ExKinoRay / Besprincypnie.v.Pitere.S01.E01.WEB-DLRip.(AVC).ExKinoRay.mkv,0
madoubt.com 696586.xyz fc2ppv-4699681 / madoubt.com 696586.xyz fc2ppv-4699681.mp4,1
Arcane.S02E05.1080p.rus.LostFilm.TV.mkv / Arcane.S02E05.1080p.rus.LostFilm.TV.mkv,0
The.Dressmaker.2015.720p.BRRip.x264.AAC-ETRG / The.Dressmaker.2015.720p.BRRip.x264.AAC-ETRG.mp4,0
Long.Lost.Family.S11E06.720p.HDTV.x264-DARKFLiX[eztv.re].mkv / Long.Lost.Family.S11E06.720p.HDTV.x264-DARKFLiX[eztv.re].mkv,0
[SubsPlease] Tougen Anki - 04 (480p) [90EC5284].mkv / [SubsPlease] Tougen Anki - 04 (480p) [90EC5284].mkv,1
Gardening.with.Carol.Klein.S05E06.1080p.HDTV.H264-DARKFLiX[eztv.re].mkv / Gardening.with.Carol.Klein.S05E06.1080p.HDTV.H264-DARKFLiX[eztv.re].mkv,0
madoubt.com 356695.xyz AUKG-609 / madoubt.com 356695.xyz AUKG-609.mp4,1
SexWithMuslims.25.02.21.Riddy.CZECH.XXX.1080p.MP4-WRB[XC] / swm.25.02.21.riddy.cz.mp4,1
Fire Force S03E10 VOSTFR 1080p WEB x264 AAC -Tsundere-Raws (CR).mkv / Fire Force S03E10 VOSTFR 1080p WEB x264 AAC -Tsundere-Raws (CR).mkv,0
FC2-PPV-4600657 / hhd800.com@FC2-PPV-4600657.mp4,1
40464581 - Close Up Blowjob With Huge Cumshot.mp4 / 40464581 - Close Up Blowjob With Huge Cumshot.mp4,1
专约良家大神『jaacckk999』最新流出 ️白富美留学生 性感模特 语文教师 众多骚婊 羡慕大神的钞能力 夜夜做新郎 / 专约良家大神『jaacckk999』最新流出 ️白富美留学生 性感模特 语文教师 众多骚婊 羡慕大神的钞能力 夜夜做新郎.mp4,1
PublicDisgrace.13.03.15.Lorelei.Lee.And.Claire.Robbins.XXX.720p.MP4-KTR[rarbg] / pud.13.03.15.lorelei.lee.and.claire.robbins.mp4,1
The Shooter.mkv / The Shooter.mkv,0
FemJoy.25.09.06.Elli.Milli.Soft.Touches.XXX.1080p.MP4-WRB[XC] / femjoy.25.09.06.elli.milli.soft.touches.mp4,1
lta_harley_dean_lc091514_480p_1000.mp4 / lta_harley_dean_lc091514_480p_1000.mp4,1
Day Of Reckoning (2025) [720p] [WEBRip] [YTS.MX] / Day.Of.Reckoning.2025.720p.WEBRip.x264.AAC-[YTS.MX].mp4,0
[New-raws] Kuroiwa Medaka ni Watashi no Kawaii ga Tsuujinai - 01 [1080p] [AMZN].mkv / [New-raws] Kuroiwa Medaka ni Watashi no Kawaii ga Tsuujinai - 01 [1080p] [AMZN].mkv,0
Daddys.Home.2015.1080p.BluRay.Rus.Eng.HDCLUB.mkv / Daddys.Home.2015.1080p.BluRay.Rus.Eng.HDCLUB.mkv,0
唯美人妻原创首发之穿旗袍沙发做爱 激烈刺激3P齐操 爆操抽插内射流精偷情好刺激 高清720P原版无水印 / 唯美人妻原创首发之穿旗袍沙发做爱 激烈刺激3P齐操 爆操抽插内射流精偷情好刺激 高清720P原版无水印.mp4,1
白皙皮肤美乳肉肉妹子自慰秀 脱掉内衣道具抽插自摸毛毛比较浓密诱人 很是诱惑不要错过 / 白皙皮肤美乳肉肉妹子自慰秀 脱掉内衣道具抽插自摸毛毛比较浓密诱人 很是诱惑不要错过.mp4,1
Con el agua al cuello (Goodrich) (2024) [Bluray 720p][Esp] / Con el agua al cuello (Goodrich) (2024) [Bluray 720p][Esp].mkv,0
Musaranas_rus.mkv / Musaranas_rus.mkv,0
Missing in Action 2 The Beginning (1985) [1080p] / Missing.in.Action.2.The.Beginning.1985.1080p.BluRay.x264.YIFY.mp4,0
Silva.DP.Gape.Deep.Ass.blowjob.Anal.HighQuality.Blonde.Bigass.Bigtits.Threesome.r.nThe.scene.was.edited.due.to.copyright.but.in.the.link.the.scene.is.still.complete.r.nCompressed.4K.2160p.https.bigwarp.io.w3oinx4fn9a3.mp4 / Silva.DP.Gape.Deep.Ass.blowjob.Anal.HighQuality.Blonde.Bigass.Bigtits.Threesome.r.nThe.scene.was.edited.due.to.copyright.but.in.the.link.the.scene.is.still.complete.r.nCompressed.4K.2160p.https.bigwarp.io.w3oinx4fn9a3.mp4,1
原版高清 推特顶级舞姬 土豆喵 原版裸舞合集 / 原版高清 推特顶级舞姬 土豆喵 原版裸舞合集.mp4,1
Julia.Robbie.26.08.23.milf.bigtits.roleplay.pov.hardcore.mp4 / Julia.Robbie.26.08.23.milf.bigtits.roleplay.pov.hardcore.mp4,1
【推特网黄】湾湾萝莉甜妹【142小只马妮娜】脸穴同框自慰，嗲嗲的娃娃音，听了人都麻了，超赞！ / 【推特网黄】湾湾萝莉甜妹【142小只马妮娜】脸穴同框自慰，嗲嗲的娃娃音，听了人都麻了，超赞！.mp4,1
Pokemon S22 Sun & Moon Ultra Legends (360p re-tvrip) / Pokemon S22M01 Mewtwo Strikes Back Evolution (2019 360p re-webrip).mp4,0
www.Torrenting.com   -    71 Fragments Of A Chronology Of Chance (1994) 1080p BluRa / 71.Fragments.Of.A.Chronology.Of.Chance.1994.1080p.BluRay.x264.AAC-WORLD.mp4,0
"ShareMyBF - Alex Blake, Sloan Harper - Public Hammock Threesome / ShareMyBF - Alex Blake, Sloan Harper - Public Hammock Threesome.mp4",1
madoubt.com 523966.xyz CLUB-634 / madoubt.com 523966.xyz CLUB-634.mp4,1
Corra que a Polícia Vem Aí 3 - O Insulto Final (1994) BDrip 720p Dublado dat2014 / Corra que a Polícia Vem Aí 3 (1994) BDrip 720p Dublado dat2014.mkv,0
madoubt.com 665263.xyz ACZD-016 / madoubt.com 665263.xyz ACZD-016.mp4,1
Pompeii.2014.bdrip-avc.dexter_lex.mkv / Pompeii.2014.bdrip-avc.dexter_lex.mkv,0
The.Popes.Exorcist.2023.BDRip.720p.mkv / The.Popes.Exorcist.2023.BDRip.720p.mkv,0
SDDE-734 / hhd800.com@SDDE-734.mp4,1
www.UIndex.org    -    The.Last.of.Us.S02E05.1080p.AV1.10bit-MeGusta / The.Last.of.Us.S02E05.1080p.AV1.10bit-MeGusta.mkv,0
Stick.S01.2025.WEB-DLRip-AVC.seleZen / Stick.S01E01.WEB-DLRip-AVC.seleZen.mkv,0
Fast.X.2023.1080p.10bit.WEBRip.6CH.x265.HEVC-PSA / Fast.X.2023.1080p.10bit.WEBRip.6CH.x265.HEVC-PSA.mkv,0
gotmylf_aila_donovan_full_hi_720hd.mp4 / gotmylf_aila_donovan_full_hi_720hd.mp4,1
Hegre.20.01.07.Jessa.Shaved.Pussy.XXX.1080p.MP4-KTR[XvX] / hegre.20.01.07.jessa.shaved.pussy.mp4,1
madoubt.com 852968.xyz fc2ppv-4744026 / madoubt.com 852968.xyz fc2ppv-4744026.mp4,1
NACX-125 / hhd800.com@NACX-125.mp4,1
BrazzersExxtra.25.01.27.Lila.Lovely.Body.Sliding.The.Curvy.Cheater.XXX.1080p.HEVC.x265.PRT / BrazzersExxtra.25.01.27.Lila.Lovely.Body.Sliding.The.Curvy.Cheater.XXX.1080p.HEVC.x265.PRT.mp4,1
[Plab] Tsurupeta Shugo Kishi Elfina Ochiru [WEB-DL 1080p] (EngSubs) {2023} / [DiabloTripleA] Tsurupeta Shugo Kishi Elfina Ochiru - E02 [WEB-DL AVC 1080p AAC] [EngSub] [ED65A33B].mkv,0
The.Flash.COMPLETE.Season.5.S05.720p.WEB-DL.x265-HETeam / The.Flash.2014.S05E17.720p.WEB-DL.x265-HETeam.mkv,0
Tiny Toon Adventures How I Spent My Vacation (1992) [480p] [DVDRip] [YTS.MX] / Tiny.Toon.Adventures.How.I.Spent.My.Vacation.1992.480p.DVDRip.x264.AAC-[YTS.MX].mp4,0
madoubt.com 259528.xyz heyzo-3321 / madoubt.com 259528.xyz heyzo-3321.mp4,1
Superintelligence.2020.720p.WEBRip.800MB.x264-GalaxyRG[TGx] / Superintelligence.2020.720p.WEBRip.800MB.x264-GalaxyRG.mkv,0
"Ako mozhesh, zabravi.(1988).720p.DVDRip.H265-JVC / Ako mozhesh, zabravi.(1988).720p.DVDRip.H265-JVC.mkv",0
KSAT-073 / hhd800.com@KSAT-073-A.mp4,1
Delirium2018BDRipAVC.mkv / Delirium2018BDRipAVC.mkv,0
Gladiator.II.2024.Hybrid.2160p.WEB-DL.DV.HDR.DDP5.1.Atmos.H265-AOC / Gladiator.II.2024.Hybrid.2160p.WEB-DL.DV.HDR.DDP5.1.Atmos.H265-AOC.mkv,0
Sunny.Beach.S03E11.HDTV.x264.AAC-SiSO.mkv / Sunny.Beach.S03E11.HDTV.x264.AAC-SiSO.mkv,0
madoubt.com 895632.xyz fc2ppv-4754052 / madoubt.com 895632.xyz fc2ppv-4754052.mp4,1
Things.to.Do.in.Denver.When.Youre.Dead.1995.1080p.BluRay.x265-RARBG / Things.to.Do.in.Denver.When.Youre.Dead.1995.1080p.BluRay.x265-RARBG.mp4,0
Another.Round.2020.WEBRip.x264.AAC-HUD / Another.Round.2020.WEBRip.x264.AAC-HUD.mkv,0
超嫩无毛白虎粉穴00后嫩妹激情啪啪，开档鱼网袜足交调情，翘起蜜桃美臀手指猛插，拔屌磨蹭屁股抽插内射 / 超嫩无毛白虎粉穴00后嫩妹激情啪啪，开档鱼网袜足交调情，翘起蜜桃美臀手指猛插，拔屌磨蹭屁股抽插内射.mp4,1
Animaniacs.2020.S03.1080p.WEBRip.x265[eztv.re] / Animaniacs.2020.S03E08.1080p.WEBRip.x265-RARBG[eztv.re].mp4,0
[Yaoi801 Fansub] Free! Movie 1 Timeless Medley - Kizuna [Sub Ita] [720p x264 AAC].mp4 / [Yaoi801 Fansub] Free! Movie 1 Timeless Medley - Kizuna [Sub Ita] [720p x264 AAC].mp4,0
"The Mask of Zorro  (Action 1998)  A. Banderas  720p  BrRip / The Mask of Zorro  (Action 1998)  Antonio Banderas, Anthony Hopkins & Catherine Zeta-Jones  (BR).mp4",0
The.Hunt.For.Red.October.1990.1080p.BDRip.DTS.x264.Rus.Eng-CtrlHD.mkv / The.Hunt.For.Red.October.1990.1080p.BDRip.DTS.x264.Rus.Eng-CtrlHD.mkv,0
高门槛梦幻联动，顶级绿帽网红大咖联手【绿帽女友 你的大婊姐】，当着男友的面给戴绿帽子 / 高门槛梦幻联动，顶级绿帽网红大咖联手【绿帽女友 你的大婊姐】，当着男友的面给戴绿帽子.mp4,1
madoubt.com 696553.xyz caribbeancom-120420_001 / madoubt.com 696553.xyz caribbeancom-120420_001.mp4,1
Casino.1995.REMASTERED.PROPER.1080p.BluRay.x265.AAC5.1 / Casino.1995.REMASTERED.PROPER.1080p.BluRay.x265.AC5.1-RARBG.mp4,0
MatureNL.19.04.12.Josephine.James.Hardcore.XXX.1080p.MP4-KTR / maturenl.19.04.12.josephine.james.hardcore.mp4,1
madoubt.com 356695.xyz NIMA-047 / madoubt.com 356695.xyz NIMA-047.mp4,1
-推特颜值福利姬嫩妹【埋导演 Aisakayukiko】系列合集，炮机自慰，大尺度宅舞 / 2048.vip-推特颜值福利姬嫩妹【埋导演 Aisakayukiko】系列合集，炮机自慰，大尺度宅舞.mp4,1
fc2ppv-1152313 / fc2ppv-1152313.mp4,1
madoubt.com 866328.xyz caribbeancom-031020_001 / madoubt.com 866328.xyz caribbeancom-031020_001.mp4,1
"MomsInControl - Monique Alexander, Blair Summers (Let's Spy On My Stepdaughter).mp4 / MomsInControl - Monique Alexander, Blair Summers (Let's Spy On My Stepdaughter).mp4",1
The.Lord.of.the.Rings.The.Rings.of.Power.S01E08.2160p.HDR10Plus.DV.WEBRip.6CH.x265.HEVC-PSA.mkv / The.Lord.of.the.Rings.The.Rings.of.Power.S01E08.2160p.HDR10Plus.DV.WEBRip.6CH.x265.HEVC-PSA.mkv,0
Bugsy.1991.1080p.WEBRip.x264 / Bugsy.1991.1080p.WEBRip.x264-RARBG.mp4,0
The.Pitt.S01E08.1080p.rus.LostFilm.TV.mkv / The.Pitt.S01E08.1080p.rus.LostFilm.TV.mkv,0
madoubt.com 598993.xyz 1pondo-091724_001 / madoubt.com 598993.xyz 1pondo-091724_001.mp4,1
KarrotTopxx.CoraliaSuicide.Tattoo.Redhead.lesbian.mp4 / KarrotTopxx.CoraliaSuicide.Tattoo.Redhead.lesbian.mp4,1
adn-473 / adn-473.mp4,1
www.Torrenting.com   -    Caravaggios Shadow (2022) 720p BluRay-WORLD / Caravaggios.Shadow.2022.720p.BluRay.x264.AAC-WORLD.mp4,0
madoubt.com 699635.xyz fc2ppv-3418252 / madoubt.com 699635.xyz fc2ppv-3418252.mp4,1
madoubt.com 398853.xyz fc2ppv-1646108 / madoubt.com 398853.xyz fc2ppv-1646108.mp4,1
Mars Express (2023) [720p] [BluRay] [YTS.MX] / Mars.Express.2023.720p.BluRay.x264.AAC-[YTS.MX].mp4,0
Kichiku (2017) - RAW [1080p][ATTKC][8A48F720].mkv / Kichiku (2017) - RAW [1080p][ATTKC][8A48F720].mkv,0
[SubsPlease] One Piece - 1141 (1080p) [6B935659].mkv / [SubsPlease] One Piece - 1141 (1080p) [6B935659].mkv,0
The Avengers.2012.720p.BluRay.x264-LEONARDO_[scarabey.org].mkv / The Avengers.2012.720p.BluRay.x264-LEONARDO_[scarabey.org].mkv,0
First.Love.S01E02.1080p.H264.AAC.KCW.WEB-DL-LoveBug.mkv / First.Love.S01E02.1080p.H264.AAC.KCW.WEB-DL-LoveBug.mkv,0
Queenpins (2021) [1080p] [WEBRip] [5.1] [YTS.MX] / Queenpins.2021.1080p.WEBRip.x264.AAC5.1-[YTS.MX].mp4,0
perverse-family-family-anal-fest-1920x1080.mp4 / perverse-family-family-anal-fest-1920x1080.mp4,1
The First Great Train Robbery (1978)-Sean Connery-1080p-H264-AC 3 (DolbyDigital-5.1) & nickarad / The First Great Train Robbery (1978) 1080p-H264-AC 3 (DolbyDigital-5.1) & nickarad.mp4,0
【高端泄密】胡子哥爆操极品蜂腰翘臀的健身教练，完整版视图 / 【高端泄密】胡子哥爆操极品蜂腰翘臀的健身教练，完整版视图.mp4,1
外围约啪大神，【空虚猫】SVIP群门槛收费￥1618，上下皆粉的美女，乖巧配合 / 外围约啪大神，【空虚猫】SVIP群门槛收费￥1618，上下皆粉的美女，乖巧配合.mp4,1
ThunderCock.22.05.11.Ryan.Reid.XXX.2160p.MP4-WRB[XC] / thundercock.22.05.11.ryan.reid.xxx.mp4,1
GIGL-741 / hhd800.com@GIGL-741.mp4,1
madoubt.com 956892.xyz heyzo-3605 / madoubt.com 956892.xyz heyzo-3605.mp4,1
SONE-563 / hhd800.com@SONE-563.mp4,1
Вчера.2019.UHD.Blu-Ray.Remux.2160p.mkv / Вчера.2019.UHD.Blu-Ray.Remux.2160p.mkv,0
madoubt.com 255935.xyz heyzo-3242 / madoubt.com 255935.xyz heyzo-3242.mp4,1
heyzo_hd_2716 / heyzo_hd_2716.mp4,1
Sardaar ji (2015) NF WEB-DL 1080p DDP5.1 x264-ZeeBKinzaT.mp4 / Sardaar ji (2015) NF WEB-DL 1080p DDP5.1 x264-ZeeBKinzaT.mp4,0
START-273-AI / START-273-AI.mp4,1
【家庭偷窥第二季】最新破解家庭摄像头 偷窥啪啪啪（第二十九部） / 【家庭偷窥第二季】最新破解家庭摄像头 偷窥啪啪啪（第二十九部）.mp4,1
Jamiroquai - Live In Verona 2002 RESTORED.mkv / Jamiroquai - Live In Verona 2002 RESTORED.mkv,1
madoubt.com 963335.xyz fc2ppv-4558413 / madoubt.com 963335.xyz fc2ppv-4558413.mp4,1
madoubt.com 258655.xyz HIKR-202 / madoubt.com 258655.xyz HIKR-202.mp4,1
粉嫩系美少女菲儿被绑在树上大声唿救引来两个色狼玩弄一番 从地上玩到水中 / 粉嫩系美少女菲儿被绑在树上大声唿救引来两个色狼玩弄一番 从地上玩到水中.mp4,1
FC2-PPV-4743460 / FC2-PPV-4743460.mp4,1
adn-026-uncensored / adn-026-uncensored.mp4,1
thbt6.com 童颜大奶肥美鲍鱼全程露脸激情大秀直播，互动撩骚揉奶玩逼，道具爆菊花淫声荡语，抠的骚穴高潮迭起呻吟可射 / thbt6.com 童颜大奶肥美鲍鱼全程露脸激情大秀直播，互动撩骚揉奶玩逼，道具爆菊花淫声荡语，抠的骚穴高潮迭起呻吟可射.mp4,1
Fansly.24.05.02.Thedongkinger.And.Alexis.Auclair.Teen.Sissy.Stretched.Out.By.BBC.Daddy.Receives.Facial.TS.XXX.1080p.MP4-P2P[XC] / fansly.24.05.02.thedongkinger.and.alexis.auclair.teen.sissy.stretched.out.by.bbc.daddy.receives.facial.ts.xxx.mp4,1
【高清剧集网发布 www.DDHDTV.com】假如…？ 第一季[全9集][简繁英字幕].What.If.S01.2021.1080p.DSNP.WEB-DL.H264.DDP5.1.Atmos-ZeroTV / What.If.S01E09.2021.1080p.DSNP.WEB-DL.H264.DDP5.1.Atmos-ZeroTV.mkv,0
BlackBullChallenge.24.12.27.Candee.Licious.XXX.1080p.MP4-NBQ[XC] / blackbullchallenge.24.12.27.candee.licious.mp4,1
夜色暗涌时11.mp4 / 夜色暗涌时11.mp4,1
The.Weirdo.1989.1080p.BluRay.H264.AAC-RARBG / The.Weirdo.1989.1080p.BluRay.H264.AAC-RARBG.mp4,0
深喉女神，亚裔母狗【李露丝】露脸私拍，深喉口爆肛交啪啪野战，各式各样性爱自拍 / 深喉女神，亚裔母狗【李露丝】露脸私拍，深喉口爆肛交啪啪野战，各式各样性爱自拍.mp4,1
HotMILFsFuck.21.05.23.Karla.XXX.480p.MP4-XXX / hotmilfsfuck.21.05.23.karla.mp4,1
SisLovesMe - Lana Rhoades - Sisters Lucky Day.mp4 / SisLovesMe - Lana Rhoades - Sisters Lucky Day.mp4,1
PornPlus.24.06.30.Coco.Lovelock.Professor.Seduction.XXX.1080p.MP4-WRB[XvX] / pornplus.24.06.30.coco.lovelock.professor.seduction.mp4,1
Long.Lost.Family.S13E07.False.Identities.Special.1080p.HDTV.H264-DARKFLiX[EZTVx.to].mkv / Long.Lost.Family.S13E07.False.Identities.Special.1080p.HDTV.H264-DARKFLiX[EZTVx.to].mkv,0
FreakMobMedia.25.08.22.Vivian.Taylor.Got.A.Huge.Butt.XXX.1080p.MP4-WRB[XC] / fmm.25.08.22.vivian.taylor.got.a.huge.butt.mp4,1
madoubt.com 369262.xyz 1pondo-022721_001 / madoubt.com 369262.xyz 1pondo-022721_001.mp4,1
Hightown S02E08 1080p AMZN WEB-DL DDP5 1 H 264-NTb[TGx] / Hightown S02E08 1080p AMZN WEB-DL DDP5 1 H 264-NTb.mkv,0
[WWW.MAXI-TORRENTS.PL] Bibi Noel - Bibi sandwich - [BreakingAssesCumlouder] (2013) [.mp4] / Bibi Noel - Bibi sandwich - [BreakingAssesCumlouder] (2013).mp4,0
HD_MTALL-056 / freedl.org@MTALL-056.mp4,1
Star.Trek.Section.31.AMZN.WEB-DL.720p.x264.seleZen.mkv / Star.Trek.Section.31.AMZN.WEB-DL.720p.x264.seleZen.mkv,0
PGD-707.HD / PGD-707~xiapian.xyz.mp4,1
Chicago.Fire.S13E04.720p.HDTV.Subtitulado.Esp.SC.mp4 / Chicago.Fire.S13E04.720p.HDTV.Subtitulado.Esp.SC.mp4,1
Les.Miserables.in.Concert.The.25th.Anniversary.2010.1080p.BluRay.H264.AAC-RARBG / Les.Miserables.in.Concert.The.25th.Anniversary.2010.1080p.BluRay.H264.AAC-RARBG.mp4,0
[LegalPorno] Sofy Lucky GL386 (18.01.2021) rq.mp4 / [LegalPorno] Sofy Lucky GL386 (18.01.2021) rq.mp4,1
Gold.Rush.S15E21.1080p.HEVC.x265-MeGusta / Gold.Rush.S15E21.1080p.HEVC.x265-MeGusta.mkv,0
[SubsPlease] Mobile Suit Gundam - The Witch from Mercury - 13 (1080p) [F8A06ABD].mkv / [SubsPlease] Mobile Suit Gundam - The Witch from Mercury - 13 (1080p) [F8A06ABD].mkv,0
[Beauty4K] Lenna Ross - Suck my dick and let me cum (01.01.2022).mp4 / [Beauty4K] Lenna Ross - Suck my dick and let me cum (01.01.2022).mp4,0
Norm.of.the.North.2016.720p.WEBRip.x264.BGAUDIO-L7 / Norm.of.the.North.2016.720p.WEBRip.x264.BGAUDIO-L7.mp4,0
How.To.Kill.Your.Sister.s01.HD720p.WEBRip.Rus.RuDub.tv / How.To.Kill.Your.Sister.s01e01.HD720p.WEBRip.Rus.RuDub.tv.mkv,0
The Treasure of Abbot Thomas (1974).mkv / The Treasure of Abbot Thomas (1974).mkv,0
House of Cards 2013 Season 3 Complete 720p BluRay x264 [i_c] / House of Cards (US) - S03E03 - Chapter 29.mkv,0
cawd-054 / cawd-054.mp4,1
madoubt.com 659328.xyz SKY-203 / madoubt.com 659328.xyz SKY-203.mp4,1
SIRO-4262.mp4 / SIRO-4262.mp4,1
Borat Subsequent Moviefilm (2020) UHDR cz en.mkv / Borat Subsequent Moviefilm (2020) UHDR cz en.mkv,0
japan sunny.2018.KOR.720p.H264.AAC-WHD.mp4 / japan sunny.2018.KOR.720p.H264.AAC-WHD.mp4,0
The.Last.Duel.2021.MVO.BDRip.x264.mkv / The.Last.Duel.2021.MVO.BDRip.x264.mkv,0
Anacondas.The.Hunt.For.The.Blood.Orchid.2004.1080p.WEB-DL.DD5.1.H264-LCDS / Anacondas.The.Hunt.For.The.Blood.Orchid.2004.1080p.WEB-DL.DD5.1.H264-LCDS.mkv,0
Andor.S02E12.2025.WEB-DL.1080p-Dual-Lat / Andor.S02E12.2025.WEB-DL.1080p-Dual-Lat.mkv,0
[EMBER] Sakamoto Days - 09.mkv / [EMBER] Sakamoto Days - 09.mkv,1
ImmoralLive.23.11.22.Lolly.Dames.And.Armani.Black.XXX.720p.HEVC.x265.PRT[XvX] / ImmoralLive.23.11.22.Lolly.Dames.And.Armani.Black.XXX.720p.HEVC.x265.PRT.mkv,1
fc2-ppv-802311-HD / fc2-ppv-802311-nyap2p.com.mp4,1
反差白富美御姐女神【小水水】 情趣小护士被大屌操喷，扛操顶级黑丝大长腿 猛烈抽插，顶宫灌精 呻吟勾魂 / 反差白富美御姐女神【小水水】 情趣小护士被大屌操喷，扛操顶级黑丝大长腿 猛烈抽插，顶宫灌精 呻吟勾魂.mp4,1
MIAA-939-U / MIAA-939-U.mp4,1
Without.Remorse.2021.1080p.WEBRip.x265-DiN / Without.Remorse.2021.1080p.WEBRip.x265-DiN.mkv,0
07.juy036-1080p / juy036-1080p.mp4,1
The.Curious.Case.of.Natalia.Grace.S01E01.1080p.HEVC.x265-MeGusta[eztv.re].mkv / The.Curious.Case.of.Natalia.Grace.S01E01.1080p.HEVC.x265-MeGusta[eztv.re].mkv,0
PropertySex.24.01.05.Xxlayna.Marie.Left.Unsatisfied.XXX.720p.HEVC.x265.PRT / PropertySex.24.01.05.Xxlayna.Marie.Left.Unsatisfied.XXX.720p.HEVC.x265.PRT.mp4,1
1.2 기동전사 건담 제08MS소대 SHEVC(CPU) 10bit + F / [NAOKI-Raws] 機動戦士ガンダム 第08MS小隊 ミラーズ・リポート (BDrip x264-Trellis2 DTS-HDMA Sup Chap) 6000/[NAOKI-Raws] 機動戦士ガンダム 第08MS小隊 ミラーズ・リポート (BDrip x265-Trellis2 10bit AAC2ch Chap).mkv,0
Lilo.and.Stitch.2025.1080p.ITA-ENG.MULTI.WEBRip.x265.AAC-V3SP4EV3R.mkv / Lilo.and.Stitch.2025.1080p.ITA-ENG.MULTI.WEBRip.x265.AAC-V3SP4EV3R.mkv,0
Jitensha.Toiki.1991.JAP.DVDRip.x264.AC3-ADiOS / Jitensha.Toiki.1991.JAP.DVDRip.x264.AC3-ADiOS.mkv,0
Scandal - Temporada 5 [HDTV 720p][Cap.516][AC3 5.1 Español Castellano] / Scndl720p5x16 [www.newpct1.com].mkv,0
"Francesca Palma - Francesca Palma, Anal Debut (23.06.2023).mp4 / Francesca Palma - Francesca Palma, Anal Debut (23.06.2023).mp4",1
推特网红露出紫薇反差婊『橙子橙子』TG会员群福利，高挑身材丝袜大长腿 戴上肛塞自慰棒 边走边尿 / 推特网红露出紫薇反差婊『橙子橙子』TG会员群福利，高挑身材丝袜大长腿 戴上肛塞自慰棒 边走边尿.mp4,1
A.Case.Of.You.2013.1080p.BDRip.AV1-DiN / A.Case.Of.You.2013.1080p.BDRip.AV1-DiN.mkv,0
love-98 -娃娃土屋麻美很下流。该土屋 / love-98 -娃娃土屋麻美很下流。该土屋.mp4,1
Megan Leavey (2017) [1080p] [YTS.AG] / Megan.Leavey.2017.1080p.BluRay.x264-[YTS.AG].mp4,0
Angelina Ashe - Sex Secrets Of A Dirty Blonde 1 (01.04.2021)_558p.mp4 / Angelina Ashe - Sex Secrets Of A Dirty Blonde 1 (01.04.2021)_558p.mp4,0
Betrothed to My Sister's Ex S01E10 VOSTFR 720p WEB x264 AAC -Tsundere-Raws (CR).mkv / Betrothed to My Sister's Ex S01E10 VOSTFR 720p WEB x264 AAC -Tsundere-Raws (CR).mkv,0
VGD-134 (FHD) / VGD-134 D (FHD).mp4,1
MommysBoy.24.01.10.Pristine.Edge.Charlotte.Sins.The.Consequences.Of.Your.Actions.XXX.720p.HEVC.x265.PRT / MommysBoy.24.01.10.Pristine.Edge.Charlotte.Sins.The.Consequences.Of.Your.Actions.XXX.720p.HEVC.x265.PRT.mp4,1
Lesbea.13.07.10.Rene.And.Zuzana.Saturday.XXX.1080p.MP4-KTR[rarbg] / lesbea.13.07.10.rene.and.zuzana.saturday.mp4,1
Jupiters.Legacy.S01E04.1080p.rus.LostFilm.TV.mkv / Jupiters.Legacy.S01E04.1080p.rus.LostFilm.TV.mkv,0
Star.Trek.Lower.Decks.S04E02.I.Have.No.Bones.Yet.I.Must.Flee.1080p.AMZN.WEB-DL.DDP5.1.H.264-NTb[TGx] / Star.Trek.Lower.Decks.S04E02.I.Have.No.Bones.Yet.I.Must.Flee.1080p.AMZN.WEB-DL.DDP5.1.H.264-NTb.mkv,0
madoubt.com 989569.xyz caribbeancom-092522_001 / madoubt.com 989569.xyz caribbeancom-092522_001.mp4,1
Collateral.2004.HDRip.AVC.mkv / Collateral.2004.HDRip.AVC.mkv,0
Filthy.50s.6.XXX.720p.WEBRip.x264-GalaXXXy[XvX] / Filthy.50s.6.XXX.720p.WEBRip.x264-GalaXXXy.mkv,1
Kolekcja Koszmar minionego lata 1997-1998 [10Bit SDR] [2160p.BluRay.H265.AC3-AS76-FT] [Lektor PL] [Alusia] / Koszmar minionego lata - I Know What You Did Last Summer 1997 [10Bit SDR] [2160p.BluRay.H265.AC3-AS76-FT] [Lektor PL] [Alusia].mkv,0
zzpp08.com@cmf069 / zzpp08.com@cmf069.mp4,1
Lena Love & Uma Zex  Hot News! / Sty_len 2610.mp4,1
贵阳夫妻找单男酒后3P肉丝高跟制服男的鸡巴粗又大 / 贵阳夫妻找单男酒后3P肉丝高跟制服男的鸡巴粗又大.mp4,1
[X-Angels] Nessie Blue - Brunette kneels to drink sperm (23.05.2021).mp4 / [X-Angels] Nessie Blue - Brunette kneels to drink sperm (23.05.2021).mp4,1
Amanda Knox [HDTV 720p][Cap.103] / Amanda Knox [HDTV 720p][Cap.103].mkv,0
【蜜蜜蜜蜜】正规按摩店~塞跳蛋自慰~全裸拔罐~口鸡~精油SPA~真实刺激，暧昧氛围拉满，对白挑逗有趣！ / 【蜜蜜蜜蜜】正规按摩店~塞跳蛋自慰~全裸拔罐~口鸡~精油SPA~真实刺激，暧昧氛围拉满，对白挑逗有趣！.mp4,1
www.lyrics.lol    -    Bulletproof S03E01 INTERNAL 480p x264-mSD / Bulletproof.S03E01.INTERNAL.480p.x264-mSD.mkv,0
Marc Dorcel-Manon.Secretaire.Debutante.mp4 / Marc Dorcel-Manon.Secretaire.Debutante.mp4,1
A Thousand Blows (Season 1) (2025) WEB-DL 1080p [Ukr_Eng] [Hurtom] / A Thousand Blows S01E03 (2025) WEB-DL 1080p [Ukr_Eng] [Hurtom].mkv,0
The.Peripheral.S01E01.1080p.rus.LostFilm.TV.mkv / The.Peripheral.S01E01.1080p.rus.LostFilm.TV.mkv,0
madoubt.com 232265.xyz SSNI-969 / madoubt.com 232265.xyz SSNI-969.mp4,1
Devil in Ohio 2022 S01 Complete Hindi Dual Audio www.DownloadHub.us 720p WEB-DL MSubs / Devil.in.ohio.s01e08.the.dawning.720p.nf.web-dl.ddp5.1.atmos.x264-DownloadHub.us.mkv,0
Firm Offer.mp4 / Firm Offer.mp4,1
SZAMANKA_(Andrzej Zulawski)_1996_DVDRip_1080p.mkv / SZAMANKA_(Andrzej Zulawski)_1996_DVDRip_1080p.mkv,0
"AdultTime - Sophia Locke, Casey Calvert, Alison Rey, Aiden Starr, Codi Vore, Little Puck - The Bottom Floor Second Coming (30.06.2025) rq.mp4 / AdultTime - Sophia Locke, Casey Calvert, Alison Rey, Aiden Starr, Codi Vore, Little Puck - The Bottom Floor Second Coming (30.06.2025) rq.mp4",1
KUSE-033 / hhd800.com@KUSE-033.mp4,1
24.11.2023_young-sluts-with-big-tits-720р.mp4 / 24.11.2023_young-sluts-with-big-tits-720р.mp4,1
Liza Rowe - Busted By My Step-Brother rq.mp4 / Liza Rowe - Busted By My Step-Brother rq.mp4,0
[WoodmancastingX] Olivia Del Rio - BTS - Hot DP with 3 men.mp4 / [WoodmancastingX] Olivia Del Rio - BTS - Hot DP with 3 men.mp4,0
The Originals 2015 Season 3 Complete 720p WEB-DL x264 [i_c] / The Originals S03E09 Savior.mkv,0
[ASW] Jidou Hanbaiki ni Umarekawatta Ore wa Meikyuu wo Samayou S2 - 01 [1080p HEVC][B20A475F].mkv / [ASW] Jidou Hanbaiki ni Umarekawatta Ore wa Meikyuu wo Samayou S2 - 01 [1080p HEVC][B20A475F].mkv,0
TushyRaw_Casey_Calvert_Dont_Stop_720p.mp4 / TushyRaw_Casey_Calvert_Dont_Stop_720p.mp4,1
The_Grand_Tour_(s05)_AlexFilm_1080p / The.Grand.Tour.2024.S05E03.Sand.Job.1080p.AMZN.WEB-DL.DDP5.1.x264-FLUX_EniaHD.mkv,0
The Phantom Of The Opera At The Royal Albert Hall (2011) [YTS.AG] / The.Phantom.Of.The.Opera.At.The.Royal.Albert.Hall.2011.720p.BluRay.x264-[YTS.AG].mp4,0
011620-001-carib / 011620-001-carib.mp4,1
Tom.and.Jerry.The.Lost.Dragon.2014.BDRip.x264.AAC.BGAUDiO-HUD / Tom.and.Jerry.The.Lost.Dragon.2014.BDRip.x264.AAC.BGAUDiO-HUD.mkv,0
The.Crown.S06.COMPLETE.720p.NF.WEBRip.x264[EZTVx.to] / The.Crown.S06E10.720p.NF.WEBRip.x264[EZTVx.to].mkv,0
酒店安装摄像头偷拍顾客啪啪 / 酒店安装摄像头偷拍顾客啪啪.mp4,1
Extraordinary.2023.S01.COMPLETE.720p.DSNP.WEBRip.x264-GalaxyTV[TGx] / Extraordinary.2023.S01E01.720p.DSNP.WEBRip.x264-GalaxyTV.mkv,0
Family Lockup S01E03 720p WEB H264-JFF[EZTVx.to].mkv / Family Lockup S01E03 720p WEB H264-JFF[EZTVx.to].mkv,0
[Anistar.org] Kanchigai no Atelier Meister [TV-1] - 11 [1080p].mkv / [Anistar.org] Kanchigai no Atelier Meister [TV-1] - 11 [1080p].mkv,0
漂亮大奶淫妻 还没硬 你给力一点 射就射呗 戴套就行 摸着老公的鸡吧 被单男亲嘴亲奶 / 漂亮大奶淫妻 还没硬 你给力一点 射就射呗 戴套就行 摸着老公的鸡吧 被单男亲嘴亲奶.mp4,1
mlib_ryan_conner_tt072615_1080p_12000.mp4 / mlib_ryan_conner_tt072615_1080p_12000.mp4,1
MDBK-293 / hhd800.com@MDBK-293.mp4,1
[NanakoRaws] Kawaisugi Crisis - 10 (1080p).mp4 / [NanakoRaws] Kawaisugi Crisis - 10 (1080p).mp4,0
"[AniDub]_Slime_Taoshite_300-nen,_Shiranai_Uchi_ni_Level_Max_ni_Nattemashita / [AniDub]_Slime_Taoshite_300-nen,_Shiranai_Uchi_ni_Level_Max_ni_Nattemashita_[09].mp4",1
madoubt.com 686662.xyz 1pondo-122922_001 / madoubt.com 686662.xyz 1pondo-122922_001.mp4,1
9-1-1.S08E15.1080p.x265-ELiTE / 9-1-1.S08E15.1080p.x265-ELiTE.mkv,0
2020 BBC. Penguins - Meet the Family КП Web-DL 1080p [Dub СВ-Дубль] [VO SDI Media] [VO The Kitchen Russia] [ENG] {RUS}.mkv / 2020 BBC. Penguins - Meet the Family КП Web-DL 1080p [Dub СВ-Дубль] [VO SDI Media] [VO The Kitchen Russia] [ENG] {RUS}.mkv,0
The.Man.Who.Knew.Infinity.2015.1080p.BDRip.AV1-DiN / The.Man.Who.Knew.Infinity.2015.1080p.BDRip.AV1-DiN.mkv,0
where.is.baby.gabriel.s01e03.1080p.web.h264-cbfm[EZTVx.to].mkv / where.is.baby.gabriel.s01e03.1080p.web.h264-cbfm[EZTVx.to].mkv,0
[Leopard-Raws] Uchouten Kazoku 2 / [Leopard-Raws] Uchouten Kazoku 2 - 05 RAW (MX 1280x720 x264 AAC).mp4,0
Double Addicted 6on2 with Sasha Zima & Rebecca Sharon GIO.mp4 / Double Addicted 6on2 with Sasha Zima & Rebecca Sharon GIO.mp4,0
Monster High 13 Wishes (2013) [BluRay] [720p] [YTS.AM] / Monster.High.13.Wishes.2013.720p.BluRay.x264-[YTS.AM].mp4,0
madoubt.com 966269.xyz OAE-272 / madoubt.com 966269.xyz OAE-272.mp4,1
TVBOXNOW 美食新聞報道 / TVBOXNOW 美食新聞報道 EP46.mp4,1
Superhero.Cartoons.XXX.Videos.Part.1.[marvel.2014].RAiZEN / SuperGirl and Lois Lane in #PUPPET MISTRESS/SuperGirl and Lois Lane in #PUPPET MISTRESS.mp4,1
madoubt.com 252635.xyz heyzo-1166 / madoubt.com 252635.xyz heyzo-1166.mp4,1
Van.Helsing.S05E13.1080p.WEB.H264-GGEZ[rarbg] / van.helsing.s05e13.1080p.web.h264-ggez.mkv,0
Bukkake_Anal_1_with_Silvia_Dellai_HD.mp4.mp4 / Bukkake_Anal_1_with_Silvia_Dellai_HD.mp4.mp4,1
YAIBA.Samurai.Legend.S01E03.Another.Maken.REPACK.1080p.NF.WEB-DL.AAC2.0.H.264-VARYG.mkv / YAIBA.Samurai.Legend.S01E03.Another.Maken.REPACK.1080p.NF.WEB-DL.AAC2.0.H.264-VARYG.mkv,0
Rain Degrey 2 HaTi 720.mp4 / Rain Degrey 2 HaTi 720.mp4,1
as1one.The.Israeli-Palestinian.Pop.Music.Journey.S01.COMPLETE.720p.WEBRip.x264-GalaxyTV[TGx] / as1one.The.Israeli-Palestinian.Pop.Music.Journey.S01E02.720p.WEBRip.x264-GalaxyTV.mkv,0
Milfy.25.05.14.Brandy.Salazar.Anal.Loving.MILF.Gets.Her.Ass.Filled.XXX.1080p.MP4-P2P[XC] / milfy.25.05.14.brandy.salazar.anal.loving.milf.gets.her.ass.filled.xxx.mp4,1
Rikolo / 2019-2020/Diner for Three/4k/Diner for Three 4K HIGH.mp4,1
Glass.Onion.A.Knives.Out.Mystery.(2022).WEB-DL.1080p.Theseus.mkv / Glass.Onion.A.Knives.Out.Mystery.(2022).WEB-DL.1080p.Theseus.mkv,0
Tooth.Fairy.2.2012.1080p.BluRay.H264.AAC-RARBG / Tooth.Fairy.2.2012.1080p.BluRay.H264.AAC-RARBG.mp4,0
Climb The Backrooms / ClimbTheBackrooms/Content/Movies/tvstaticmovie.mp4,0
RBD-599 / RBD-599.mkv,1
05后超级萌妹，【零5萝莉酱】，JK萝莉，无套吃鸡啪啪，还会弹吉他，才艺展示，蜜桃臀后入内射 / 05后超级萌妹，【零5萝莉酱】，JK萝莉，无套吃鸡啪啪，还会弹吉他，才艺展示，蜜桃臀后入内射.mp4,1
Carnes Falsos - Temporada 1 [HDTV 720p][Cap.109][AC3 5.1 Castellano][www.AtomoHD.wf] / Carnes Falsos - Temporada 1 [HDTV 720p][Cap.109][AC3 5.1 Castellano][www.AtomoHD.wf].mkv,0
[22sht.me]cesd-767 / cesd-767.mp4,1
328HMDNC-497 / hhd800.com@328HMDNC-497.mp4,1
幻解！超常ファイル「雪男“イエティ”の真実」全2回 / 幻解！超常ファイル「雪男“イエティ”の真実 前編」(2015.03.07).mp4,1
dxxdom.com@TUE161 / dxxdom.com@TUE161.mp4,1
TVBOXNOW 空間改造王_韓國篇 / TVBOXNOW 空間改造王_韓國篇 EP02.mp4,1
The Good Doctor - Temporada 5 [HDTV 720p][Cap.501][AC3 5.1 Castellano][www.PCTmix.com] / The Good Doctor 5x01.mkv,0
The Old Way (2023) [1080p] [WEBRip] [5.1] [YTS.MX] / The.Old.Way.2023.1080p.WEBRip.x264.AAC5.1-[YTS.MX].mp4,0
MrLuckyPOV.20.03.20.Madison.Morgan.Instagram.Model.Fucked.Hard.XXX.720p.WEB.x264-GalaXXXy[XvX] / MrLuckyPOV.20.03.20.Madison.Morgan.Instagram.Model.Fucked.Hard.XXX.720p.WEB.x264-GalaXXXy.mkv,1
www.UIndex.org    -    Bob.Ross.The.Joy.of.Painting.S15E07.Cabin.by.the.Pond.720p.WEB.h264-BOBROSS / bobross-bobross-s15e07-720p.mkv,0
[ANi] 鬼滅之刃 柱訓練篇 - 01 [1080P][Baha][WEB-DL][AAC AVC][CHT].mp4 / [ANi] 鬼滅之刃 柱訓練篇 - 01 [1080P][Baha][WEB-DL][AAC AVC][CHT].mp4,0
Snowpiercer.S03E02.1080p.rus.LostFilm.TV.mkv / Snowpiercer.S03E02.1080p.rus.LostFilm.TV.mkv,0
Haven-Rose-Gets-Pounded-Hard-By-Big-Black-Cock-At-Midnight-3-2160p.mp4 / Haven-Rose-Gets-Pounded-Hard-By-Big-Black-Cock-At-Midnight-3-2160p.mp4,0
Egypt.Rip by SeRoGa00.mkv / Egypt.Rip by SeRoGa00.mkv,0
727PCHN-021 / hhd800.com@727PCHN-021.mp4,1
RodneyMoore.20.05.20.Siri.XXX.1080p.MP4-KTR[XvX] / rodneymoore.20.05.20.siri.mp4,1
Bandit (2022) BDRip 1080p [Ukr.Eng] [Sub Eng] [Hurtom].mkv / Bandit (2022) BDRip 1080p [Ukr.Eng] [Sub Eng] [Hurtom].mkv,0
Hitman.Confessions.2022.BD__Androidkino.NET.mp4 / Hitman.Confessions.2022.BD__Androidkino.NET.mp4,0
WWE.Monday.Night.Raw.2025.01.20.HDTV.h264-Star.mp4 / WWE.Monday.Night.Raw.2025.01.20.HDTV.h264-Star.mp4,0
抖音 川云混血女(乡村胖表妹)】超级巨乳，胖妹妹道具自慰，裸舞，观音坐莲蹂躏大哥的小牙签 / 抖音 川云混血女(乡村胖表妹)】超级巨乳，胖妹妹道具自慰，裸舞，观音坐莲蹂躏大哥的小牙签.mp4,1
[Erai-raws] One Piece - 1096 [720p][4ABC0BE0].mkv / [Erai-raws] One Piece - 1096 [720p][4ABC0BE0].mkv,0
Slingshot.2024.DUB.BDRip.x264.seleZen.mkv / Slingshot.2024.DUB.BDRip.x264.seleZen.mkv,0
AllOver30.24.01.13.Ally.Wild.Mature.Pleasure.XXX.1080p.HEVC.x265.PRT / AllOver30.24.01.13.Ally.Wild.Mature.Pleasure.XXX.1080p.HEVC.x265.PRT.mp4,1
[Erai-raws] DekiSoko - 07 [1080p][HEVC][Multiple Subtitle][8B75A78F].mkv / [Erai-raws] DekiSoko - 07 [1080p][HEVC][Multiple Subtitle][8B75A78F].mkv,0
cumalots-pussylove.mp4 / cumalots-pussylove.mp4,1
Odnoklassniki.smerti.2020.WEB-DL.(1080p).ExKinoRay / Odnoklassniki.smerti.E02.2020.WEB-DL.(1080p).ExKinoRay.mkv,0
Hinamatsuri / [Erai-raws] Hinamatsuri - 02 [1080p].mkv,0
WoW-Mania-2.9.7 / Resources/WindowBg.mp4,1
ROE-338-C / ROE-338-C.mp4,1
SNIS-187 / SNIS-187.mkv,1
Halo.S02E02.2024.WEB-DL.1080p-Dual-Lat / Halo.S02E02.2024.WEB-DL.1080p-Dual-Lat.mkv,0
Always (2011) [1080p] [BluRay] [5.1] [YTS.MX] / Always.2011.1080p.BluRay.x264.AAC5.1-[YTS.MX].mp4,0
BrownBunnies - Ms. Yummy (Yummy Yummy) / BrownBunnies - Ms. Yummy (Yummy Yummy) XXX NEW 09.July.2016.mp4,1
Black.Bird.S01E05.1080p.WEB.H264-GLHF[rarbg] / black.bird.s01e05.1080p.web.h264-glhf.mkv,0
Kaijuu 8 Gou [1080p] / Kaijuu 8 Gou - 12 [1080p][Rus].mkv,0
the.equalizer.3.2023.1080p.web.h264-huzzah.mkv / the.equalizer.3.2023.1080p.web.h264-huzzah.mkv,0
【高清影视之家发布 www.SSDSSE.com】哪啊哪啊神去村[中文字幕].Wood.Job!.2014.REMUX.Bluray.1080p.AVC.DTS-HDMA5.1-DreamHD / Wood Job!.2014.REMUX.Bluray.1080p.AVC.DTS-HDMA5.1-DreamHD.mkv,1
[MomDrips] Demi Nova - Paying Off The Debt (22.01.2023) rq.mp4 / [MomDrips] Demi Nova - Paying Off The Debt (22.01.2023) rq.mp4,0
FC2-PPV-2730372 / hhd800.com@FC2-PPV-2730372.mp4,1
[무삭제] 다보이는39금성인스릴러 그룹관계 레즈 실입작 -데 이 트 앱- 최강화질 / G.DSIN.2022.mkv,1
Maleficent.Mistress.of.Evil.2019.BDRip.AVC.ExKinoRay.mkv / Maleficent.Mistress.of.Evil.2019.BDRip.AVC.ExKinoRay.mkv,0
Disco Dancer.1982.1080p.WEB-DL.AVC.AAC.DDR.mp4 / Disco Dancer.1982.1080p.WEB-DL.AVC.AAC.DDR.mp4,0
40845711 -       C   .mp4 / 40845711 -       C   .mp4,1
Last.Week.Tonight.with.John.Oliver.S12E20.1080p.HEVC.x265-MeGusta / Last.Week.Tonight.with.John.Oliver.S12E20.1080p.HEVC.x265-MeGusta.mkv,0
waaa-240 / waaa-240.mp4,1
清纯反差小母狗 Twitter萝莉『蔡小熊』福利，可爱乖巧的小妹妹 怎么能这么烧呢？一线天白虎嫩穴自己插出白浆 / 清纯反差小母狗 Twitter萝莉『蔡小熊』福利，可爱乖巧的小妹妹 怎么能这么烧呢？一线天白虎嫩穴自己插出白浆.mp4,1
[sorcery] Haikara-san ga Tooru TV (1978) [BDRip 1080p x264 Opus sub] / [sorcery] Haikara-san ga Tooru - 07 (1978) [BDRip 1080p x264 Opus sub] [0A9D16D4].mkv,0
madoubt.com 585368.xyz FSDSS-534 / madoubt.com 585368.xyz FSDSS-534.mp4,1
【爆奶淫妻 ️顶级啪啪】极品爆奶淫妻『盘丝大仙』开档情趣黑丝换装各式啪啪 极品丰臀无套后入 淫声四起 / 【爆奶淫妻 ️顶级啪啪】极品爆奶淫妻『盘丝大仙』开档情趣黑丝换装各式啪啪 极品丰臀无套后入 淫声四起.mp4,1
[7sht.me]jutn-010 / jutn-010.mp4,1
TeenFromBohemia.E123.Emma.Evans.XXX.1080p.MP4-WRB[XC] / teenfrombohemia.e123.emma.evans.mp4,1
5K Teens 6 / 5K Teens 6.mp4,1
Journal 64 (Department Q The Purity of Vengeance) 2018 (HC Eng subs) 720p SBS WEB-DL AAC2.0 H.264-Spud17 / Journal.64.2018.720p.SBS.WEB DL.AAC2.0.H.264 Spud17.mkv,0
Roadkill.2024.1080p.AMZN.WEBRip.DDP5.1.x265.10bit-GalaxyRG265[TGx] / Roadkill.2024.1080p.AMZN.WEBRip.DDP5.1.x265.10bit-GalaxyRG265.mkv,0
Bokura.no.Nanokakan.Sensou.2019.WEB-DL.OKKO.1080p-SOFCJ.mkv / Bokura.no.Nanokakan.Sensou.2019.WEB-DL.OKKO.1080p-SOFCJ.mkv,0
[Yaoi801 Fansub] Cencoroll Connect [Sub Ita] [1080p x264 AAC].mp4 / [Yaoi801 Fansub] Cencoroll Connect [Sub Ita] [1080p x264 AAC].mp4,0
eFukt.com / 01670_His_Penis_Is_Bigger_Than_Yours [2009-06-30].mp4,1
91C仔团伙漏网大神重出江湖老司机探花 ️酒店约外围吸舔取精爱不释手长腿高跟美女娇羞不已打桩式后入 / 91C仔团伙漏网大神重出江湖老司机探花 ️酒店约外围吸舔取精爱不释手长腿高跟美女娇羞不已打桩式后入.mp4,1
Whitstable Pearl 2021 S01-S02 720p WEB-DL HEVC x265 BONE / S01/Whitstable.Pearl.S01E01.The.Free.Waters.720p.WEB-DL.HEVC.x265-BONE.mkv,0
FC2-PPV-4655305 / hhd800.com@FC2-PPV-4655305.mp4,1
PRTD-033 / PRTD-033.mp4,1
【MJ作品】极品推荐 ️外站经典流出汇集众多部妹子遭猥琐男迷晕迷玩强J系列 有好几位颜值身材挺不错 / 【MJ作品】极品推荐 ️外站经典流出汇集众多部妹子遭猥琐男迷晕迷玩强J系列 有好几位颜值身材挺不错.mp4,1
JUX-361R / JUX-361R.mp4,1
Kaitlyn Katsaros & Natalie Brooks.mp4 / Kaitlyn Katsaros & Natalie Brooks.mp4,1
Watch.Download.https.bigwarp.io.v3qb65j8mcip.https.lulustream.com.vsoghttebd0q.https.savefiles.com.q6dwgt0l4e8q.ManyVids.2025.Kelseygrey23.Boswell.Black.Blowjob.Riding.Hardcore.Babe.Cute.Naturaltits.Doggy.Licking.Black.Creampie.mp4 / Watch.Download.https.bigwarp.io.v3qb65j8mcip.https.lulustream.com.vsoghttebd0q.https.savefiles.com.q6dwgt0l4e8q.ManyVids.2025.Kelseygrey23.Boswell.Black.Blowjob.Riding.Hardcore.Babe.Cute.Naturaltits.Doggy.Licking.Black.Creampie.mp4,1
One.Fast.Move.2024.1080p.AMZN_от New-Team.mkv / One.Fast.Move.2024.1080p.AMZN_от New-Team.mkv,0
James Bond The Living Daylights.1987.BDrip-AVC.Froloff777.mkv / James Bond The Living Daylights.1987.BDrip-AVC.Froloff777.mkv,0
[SubsPlease] Mashle - 03 (1080p) [7EDDE04D].mkv / [SubsPlease] Mashle - 03 (1080p) [7EDDE04D].mkv,0
Paddington.in.Peru.2024.1080p.BluRay.DD.5.1.x264-MegaPeer.mkv / Paddington.in.Peru.2024.1080p.BluRay.DD.5.1.x264-MegaPeer.mkv,0
The.Sinner.S01E02.HDTV.x264-SVA.mkv / The.Sinner.S01E02.HDTV.x264-SVA.mkv,0
madoubt.com 839553.xyz heyzo-3458 / madoubt.com 839553.xyz heyzo-3458.mp4,1
The Glamour Dolls 2019 HD.mp4 / The Glamour Dolls 2019 HD.mp4,0
ZOO - Temporada 1 [HDTV 720p][Cap.112][AC3 5.1 Español Castellano] / Z112720p [www.newpct1.com].mkv,0
Decibel (2022) hd.mp4 / Decibel (2022) hd.mp4,1
Trigun Stampede / [SubsPlease] Trigun Stampede - 12 (1080p) [1217E1B2].mkv,0
madoubt.com 263328.xyz JYMA-086 / madoubt.com 263328.xyz JYMA-086.mp4,1
Trace [MicroHD 1080p][AC3 5.1-Castellano-AC3 5.1 Ingles+Subs][ES-EN] / TraceM1080.www.newpct1.com.mkv,0
Graceful.Friends.S01.KOREAN.WEBRip.x264-ION10 / Graceful.Friends.S01E03.KOREAN.WEBRip.x264-ION10.mp4,0
Kung.Fu.Chronicles.2017.720p.KOR.HDRip.AAC-PCHD.mp4 / Kung.Fu.Chronicles.2017.720p.KOR.HDRip.AAC-PCHD.mp4,0
fc2-ppv-4507072-HD / fc2-ppv-4507072-1-nyap2p.com.mp4,1
ihwnataliajohnny_mobile-sd.mp4 / ihwnataliajohnny_mobile-sd.mp4,1
Detektivnoe.agentstvo.Muhicha.S01.2022.WEBRip.1080p / Detektivnoe.agentstvo.Muhicha.S01.E01.2022.WEBRip.1080p.mkv,0
Private.Barcelona.Sex.Secrets.XXX.2008.BluRay.720p.x264-CHiKANi / chi-barcelonass-720p.mkv,1
El Chapo   (Season 02) Newstudio 720 / El.Chapo.s02e01.WEBDL.720p.NewStudio.TV.mkv,0
[2010-03-19][DVDrip][100224] Čg - ɫ (x264 aac) / 02. ä;.mp4,0
Fridus - Big Cumshot For Mature Blonde_1080p.mp4 / Fridus - Big Cumshot For Mature Blonde_1080p.mp4,1
The Trial Of The Chicago 7 (2020) [1080p] [WEBRip] [5.1] [YTS.MX] / The.Trial.Of.The.Chicago.7.2020.1080p.WEBRip.x264.AAC5.1-[YTS.MX].mp4,0
Wife Kissing BBC At Midnight.mp4 / Wife Kissing BBC At Midnight.mp4,1
FC2-PPV-4706419 / FC2-PPV-4706419.H265.mp4,1
FC2-PPV-1175780.mp4 / FC2-PPV-1175780.mp4,1
MXGS-1219 / MXGS-1219.mp4,1
madoubt.com 533935.xyz fc2ppv-789815 / madoubt.com 533935.xyz fc2ppv-789815.mp4,1
FC2-PPV-3401319.mp4 / FC2-PPV-3401319.mp4,1
极品颜值情侣私拍泄密流出，小骚货越看越带劲，看起来挺文静床上骚出水，一插进来秒变小荡妇 / 极品颜值情侣私拍泄密流出，小骚货越看越带劲，看起来挺文静床上骚出水，一插进来秒变小荡妇.mp4,1
Classified.2024.576p.WEBRip.x265.AC3-TuKCo / Classified.2024.576p.WEBRip.x265.AC3-TuKCo.mkv,0
Nubiles.25.09.01.Adele.Monro.My.Little.Tits.XXX.480p.MP4-XXX[XC] / nubiles.25.09.01.adele.monro.my.little.tits.480p.mp4,1
Storage.Wars.S16E04.1080p.HEVC.x265-MeGusta[EZTVx.to].mkv / Storage.Wars.S16E04.1080p.HEVC.x265-MeGusta[EZTVx.to].mkv,0
www.youiv.me-LPDD-1066 / www.youiv.me-LPDD-1066.mp4,1
Les.Choses.Simples.2023.FRENCH.1080p.WEB.H264-BULiTT.mkv / Les.Choses.Simples.2023.FRENCH.1080p.WEB.H264-BULiTT.mkv,0
VivThomas - Arina Shy & Asandra Dewy - Smooth / VivThomas - Arina Shy & Asandra Dewy - Smooth.mp4,0
[ero-teca.blogspot.com] Shishunki Sex - 01 (1920x1080).mp4 / [ero-teca.blogspot.com] Shishunki Sex - 01 (1920x1080).mp4,1
Ember Snow.mp4 / Ember Snow.mp4,1
ThePOVGod.25.06.27.Raven.Thick.Bouncing.Bubble.Butt.XXX.1080p.MP4-WRB[XC] / thepovgod.25.06.27.raven.thick.bouncing.bubble.butt.mp4,1
Star.Trek.Picard.S03E03.1080p.WEB.H264-CAKES[TGx] / star.trek.picard.s03e03.1080p.web.h264-cakes.mkv,0
madoubt.com 528829.xyz 1pondo-041721_001 / madoubt.com 528829.xyz 1pondo-041721_001.mp4,1
James Bond Casino Royale (2006) [1080p] / Casino.Royale.2006.1080p.BRrip.x264.YIFY.mp4,0
Queen.Mantis.S01.1080p.H264.AAC.WEBRip.le-production / Queen.Mantis.S01E01.1080p.H264.AAC.WEBRip.le-production.mp4,0
BLK-663-uncensored-HD / BLK-663-uncensored-nyap2p.com.mp4,1
The Intouchables 2011 720p BluRay x264 French AAC - Ozlem / The Intouchables 2011 720p BluRay x264 French AAC - Ozlem.mp4,0
Charlotte Mae - Tiny Gamer Girl (26.06.2025)_1080p.mp4 / Charlotte Mae - Tiny Gamer Girl (26.06.2025)_1080p.mp4,0
madoubt.com 665539.xyz fc2ppv-2043937 / madoubt.com 665539.xyz fc2ppv-2043937.mp4,1
S.W.A.T.2017.S07E02.720p.HEVC.x265-MeGusta[EZTVx.to].mkv / S.W.A.T.2017.S07E02.720p.HEVC.x265-MeGusta[EZTVx.to].mkv,0
URKK-086 / hhd800.com@URKK-086.mp4,1
olo@SIS001@jrw-004 / jrw-004.mp4,1
Prevoshodstvo.2014.BDRip-AVC.[scarabey.org].mkv / Prevoshodstvo.2014.BDRip-AVC.[scarabey.org].mkv,0
New.OnlyFans.Rachael.Cavalli.School.Girl.Roleplay.Sextape.blonde.milf.roleplay.blowjob.cumshot.cumintits.deepthroat.doggy.doggystyle.mature.missionary.pov.tittyfuck.MrceXX.Backup.Watch.FHd.https.doodstream.com.d.xgrge8dzrhnx.mp4 / New.OnlyFans.Rachael.Cavalli.School.Girl.Roleplay.Sextape.blonde.milf.roleplay.blowjob.cumshot.cumintits.deepthroat.doggy.doggystyle.mature.missionary.pov.tittyfuck.MrceXX.Backup.Watch.FHd.https.doodstream.com.d.xgrge8dzrhnx.mp4,1
[168x.me]wsp-141 / wsp-141-1.mp4,1
For.The.Love.of.DILFs.S01E01.Boxer.Brief.Encounters.1080p.AMZN.WEBRip.DDP2.0.x264-BTN[rarbg] / For.The.Love.of.DILFs.S01E01.Boxer.Brief.Encounters.1080p.AMZN.WEB-DL.DDP2.0.H.264-MZABRO.mkv,0
Karate.Kid.Legends.2025.DUB.BDRip.720p.x264.seleZen.mkv / Karate.Kid.Legends.2025.DUB.BDRip.720p.x264.seleZen.mkv,0
HotCrazyMess.19.05.03.Alice.Pink.A.Craving.For.Cock.XXX.720p.WEB.x264-GalaXXXy[XvX] / HotCrazyMess.19.05.03.Alice.Pink.A.Craving.For.Cock.XXX.720p.WEB.x264-GalaXXXy.mkv,1
SweetheartVideo.18.08.25.Lexi.Belle.And.Kenna.James.Crybaby.XXX.1080p.MP4-KTR[N1C] / sweetheartvideo.18.08.25.lexi.belle.and.kenna.james.crybaby[N1C].mp4,1
madoubt.com 858652.xyz 10musume-030224_01 / madoubt.com 858652.xyz 10musume-030224_01.mp4,1
Nick.Cannon.Presents.Wild.N.Out.S19E06.720p.WEB.h264-BAE[TGx] / Nick.Cannon.Presents.Wild.N.Out.S19E06.720p.WEB.h264-BAE.mkv,0
重磅推荐，约炮达人佳作，【UUS1980（looks哥）】，21岁学生妹，缠绵悱恻坠入爱河，小美女一脸娇羞享受性爱的快乐！ / 重磅推荐，约炮达人佳作，【UUS1980（looks哥）】，21岁学生妹，缠绵悱恻坠入爱河，小美女一脸娇羞享受性爱的快乐！.mp4,1
极品超美御姐【繁花女主角】横店演戏好几年古装裸舞大美女每天不同反差角色道具自慰 / 极品超美御姐【繁花女主角】横店演戏好几年古装裸舞大美女每天不同反差角色道具自慰.mp4,1
Real Madrid la leyenda blanca - Temporada 1 [HDTV 720p][Cap.103_104][AC3 5.1 Castellano][www.atomixHQ.ART] / Real Madrid la leyenda blanca - Temporada 1 [HDTV 720p][Cap.104][AC3 5.1 Castellano][www.atomixHQ.ART].mkv,0
[Teendreams.com] - 2013-01-25 - Anjelica [1280x720].mp4 / [Teendreams.com] - 2013-01-25 - Anjelica [1280x720].mp4,1
Georgie.and.Mandys.First.Marriage.S01E05.1080p.AV1.10bit-MeGusta[TGx] / Georgie.and.Mandys.First.Marriage.S01E05.1080p.AV1.10bit-MeGusta.mkv,0
New.Cara.Mella.2025.Anal.Hardcore.Pov.BBC.ILUVY.mp4 / New.Cara.Mella.2025.Anal.Hardcore.Pov.BBC.ILUVY.mp4,1
MonstersOfCock.23.04.30.Elana.Bunnz.XXX.720p.MP4-XXX / monstersofcock.23.04.30.elana.bunnz.720p.mp4,1
Love.Hurts.2025.1080p.WEBRip.x264.AAC5.1-[YTS.MX] / Love.Hurts.2025.1080p.WEBRip.x264.AAC5.1-[YTS.MX].mp4,0
Hearty.Paws.2.2010.KOREAN.1080p.WEBRip.x265-VXT / Hearty.Paws.2.2010.KOREAN.1080p.WEBRip.x265-VXT.mp4,0
madoubt.com 298895.xyz caribbeancom-010824_001 / madoubt.com 298895.xyz caribbeancom-010824_001.mp4,1
My.Man.is.Cupid.S01E10.1080p.AMZN.WEB-DL.DDP2.0.H.264-MrHulk.mkv / My.Man.is.Cupid.S01E10.1080p.AMZN.WEB-DL.DDP2.0.H.264-MrHulk.mkv,0
Political Animals Season 1 (WEB-DL 720p) / 01. Pilot.mkv,0
Southpaw.2015.1080p.REPACK.BluRay.x264.AC3-ETRG / Southpaw.2015.1080p.REPACK.BluRay.x264.AC3-ETRG.mp4,0
uc-catwoman.mp4 / uc-catwoman.mp4,1
nurse-s-threesome-cures-all_720p.mp4 / nurse-s-threesome-cures-all_720p.mp4,0
Fall (2022) [1080p] [BluRay] [5.1] [YTS.MX] / Fall.2022.1080p.BluRay.x264.AAC5.1-[YTS.MX].mp4,0
White Collar Season 1 / White.Collar.S01E01.Pilot.HDTV.XviD-FQM.mp4,0
madoubt.com 858652.xyz 10musume-021124_01 / madoubt.com 858652.xyz 10musume-021124_01.mp4,1
"Beau Is Afraid (2023) WEB-DLRip-AVC [Ukr, Eng] [Hurtom].mkv / Beau Is Afraid (2023) WEB-DLRip-AVC [Ukr, Eng] [Hurtom].mkv",0
madoubt.com 698596.xyz BBAN-312 / madoubt.com 698596.xyz BBAN-312.mp4,1
fc2-ppv-2820044-HD / fc2-ppv-2820044-nyap2p.com.mp4,1
[4ksj.net]新·驯龙高手.How.to.Train.Your.Dragon.2025.2160p.MA.WEB-DL.DDP5.1.Atmos.DV.HDR.H.265[DIY_简繁字幕]-4k世界 / [4ksj.net]新·驯龙高手.How.to.Train.Your.Dragon.2025.2160p.MA.WEB-DL.DDP5.1.Atmos.DV.HDR.H.265[DIY_简繁字幕]-4k世界.mkv,0
Les.Tempetes.2024.French.WEBRIP.mp4 / Les.Tempetes.2024.French.WEBRIP.mp4,1
madoubt.com 986628.xyz fc2ppv-4655045 / madoubt.com 986628.xyz fc2ppv-4655045.mp4,1
Premier_League_2024_2025_38_day_Liverpool_Crystal_Palace_HD_nadezhdin04 / time_2.mkv,1
The.Age.of.Influence.S01E06.1080p.WEB.h264-ETHEL[eztv.re].mkv / The.Age.of.Influence.S01E06.1080p.WEB.h264-ETHEL[eztv.re].mkv,0
"블랙 팬서 와칸다 포에버 (초고화질) Black Panther Wakanda Forever,2022.1080p.KOR.FHDRip.H264.AAC-REEL.mp4 / 블랙 팬서 와칸다 포에버 (초고화질) Black Panther Wakanda Forever,2022.1080p.KOR.FHDRip.H264.AAC-REEL.mp4",0
GGG - Das Erste Mal - Jenifer - Oh Mein Gott Ich Muss Schlucken_26602_hd720.mp4 / GGG - Das Erste Mal - Jenifer - Oh Mein Gott Ich Muss Schlucken_26602_hd720.mp4,1
Area88Mkvs / Area_88_480p_Dual_Audio_BluMag_08.mkv,1
Dainanaoji 2 (WEBRip 1080p) / 01. Dainanaoji 2 (WEBRip 1080p).mkv,0
Adeline Lafouine - 100% Hell 1080p.mp4 / Adeline Lafouine - 100% Hell 1080p.mp4,0
Hostage.2025.S01E02.480p.x264-mSD[EZTVx.to].mkv / Hostage.2025.S01E02.480p.x264-mSD[EZTVx.to].mkv,0
Pro.Lyolyu.i.Minku.2019.1080p.KION.WEB-DL.DDP2.0.H.264-EniaHD.mkv / Pro.Lyolyu.i.Minku.2019.1080p.KION.WEB-DL.DDP2.0.H.264-EniaHD.mkv,0
"글래디에이터Ⅱ Gladiator II, 2024.1080p.KORSUB.WEBRip.H264.AAC / 글래디에이터Ⅱ Gladiator II, 2024.1080p.KORSUB.WEBRip.H264.AAC.mkv",0
Martial.Arts.of.Shaolin.1986.Paramount.Pictures.BDRemux.1080p.mkv / Martial.Arts.of.Shaolin.1986.Paramount.Pictures.BDRemux.1080p.mkv,0
South.of.Heaven.2021.BDRip.AVC.Rip.by.HardwareMining.R.G.Generalfilm.mkv / South.of.Heaven.2021.BDRip.AVC.Rip.by.HardwareMining.R.G.Generalfilm.mkv,0
Disclaimer.S01.COMPLETE.1080p.ATVP.WEB-DL.DDP5.1.Atmos.H.264-FLUX[TGx] / Disclaimer.S01E07.VII.1080p.ATVP.WEB-DL.DDP5.1.Atmos.H.264-FLUX.mkv,0
Kal ho naa ho 2009.mp4 / Kal ho naa ho 2009.mp4,1
TSDV-41360-www.youiv.net.mkv / TSDV-41360-www.youiv.net.mkv,1
The.Rookie.S07E17.FASTSUB.VOSTFR.WEBRip.x264.mp4 / The.Rookie.S07E17.FASTSUB.VOSTFR.WEBRip.x264.mp4,0
TVBOXNOW 看出個未來 / TVBOXNOW 看出個未來 EP42.mp4,1
Devchata.1961.x264.BDRip.(1080p).mkv / Devchata.1961.x264.BDRip.(1080p).mkv,0
Gushing over Magical Girls S01E03 UNCENSORED VOSTFR 1080p WEB x264 AAC -Tsundere-Raws (ADN).mkv / Gushing over Magical Girls S01E03 UNCENSORED VOSTFR 1080p WEB x264 AAC -Tsundere-Raws (ADN).mkv,0
人气嫖娼大神，【鱼哥探花】，19岁嫩妹，最屌的设备，清晰度超高，菊花鲍鱼插入细节一览无余 / 人气嫖娼大神，【鱼哥探花】，19岁嫩妹，最屌的设备，清晰度超高，菊花鲍鱼插入细节一览无余.mp4,1
9.2005.BDRip-AVC.mkv / 9.2005.BDRip-AVC.mkv,0
Cronicas Vampiricas - Temporada 8 [HDTV 720p][Cap.810][AC3 5.1 Español Castellano] / CronicasVampiricas720p8x10 [www.newpct1.com].mkv,0
Pikovaia.dama.2015.BDRip.AVC.ExKinoRay.mkv / Pikovaia.dama.2015.BDRip.AVC.ExKinoRay.mkv,0
madoubt.com 368528.xyz caribbeancom-081118_725 / madoubt.com 368528.xyz caribbeancom-081118_725.mp4,1
A.Discovery.of.Witches.(2018-2022).LF.Series / S02/A.Discovery.of.Witches.S02E06.HDRip.mp4,0
AnalMom.23.06.05.Armani.Black.Begging.For.Anal.XXX.1080p.HEVC.x265.PRT / AnalMom.23.06.05.Armani.Black.Begging.For.Anal.XXX.1080p.HEVC.x265.PRT.mp4,1
Poslednij.bogatyr.Nasledie.S01.2024.WEB-DL.1080p.DenSBK / Poslednij.bogatyr.Nasledie.S01.E02.2024.WEB-DL.1080p.DenSBK.mkv,0
Demi gods and semi devils  [2021] 8 เทพอสูรมังกรฟ้า ตอนที่ 39-40 / 8 เทพอสูรมังกรฟ้า ตอนที่ 39.mp4,0
Back_to_the_Future_Part_3.mkv / Back_to_the_Future_Part_3.mkv,0
Happy.Jail.S01E05.WEB.x264-WEBTUBE[TGx] / Happy.Jail.S01E05.WEB.x264-WEBTUBE.mkv,0
Hobbit.Nezhdannoe.Puteshestvie.2012.Extended.Edition.DUAL.BDRip.720p.x264.AC3.-HQ-ViDEO.mkv / Hobbit.Nezhdannoe.Puteshestvie.2012.Extended.Edition.DUAL.BDRip.720p.x264.AC3.-HQ-ViDEO.mkv,0
情趣酒店超会玩的激情小情侣轻SM造爱白丝美腿大波妹绑在床上69鞭打炮机各种玩穴最后吊起来猛干太刺激了 / 情趣酒店超会玩的激情小情侣轻SM造爱白丝美腿大波妹绑在床上69鞭打炮机各种玩穴最后吊起来猛干太刺激了.mp4,1
The Cotton Club 1984 DC 720p BluRay HEVC H265 BONE.mp4 / The Cotton Club 1984 DC 720p BluRay HEVC H265 BONE.mp4,0
O.Grande.Tsunami.2021.1080p.WEB-DL.DUAL.2.0 / O.Grande.Tsunami.2021.1080p.WEB-DL.DUAL.2.0.mkv,0
Wild African Sex Party Orgy.mp4 / Wild African Sex Party Orgy.mp4,1
FC2-PPV-1583471 / FC2-PPV-1583471.mp4,1
Andor.S02E09.1080p.x265-ELiTE / Andor.S02E09.1080p.x265-ELiTE.mkv,0
EternalDesire.25.07.20.Marichka.Glory.Red.Notes.XXX.2160p.MP4-WRB[XC] / eternaldesire.25.07.20.marichka.glory.red.notes.4k.mp4,1
[PureTaboo] Lena Paul - Sloppy Seconds (13.09.2017) tk.mp4 / [PureTaboo] Lena Paul - Sloppy Seconds (13.09.2017) tk.mp4,1
WANZ-178-U / WANZ-178-U.mp4,1
Alignment You! You! The Animation (あらいめんとゆーゆー THE ANIMATION) - 02 (1280X720).mp4 / Alignment You! You! The Animation (あらいめんとゆーゆー THE ANIMATION) - 02 (1280X720).mp4,0
Pix And Video - Ariel Temple - Divas Love Massages (SD).mp4 / Pix And Video - Ariel Temple - Divas Love Massages (SD).mp4,1
Sophia Leone - My Teenage Stepdaughter 4 (13.06.2019)_558p.mp4 / Sophia Leone - My Teenage Stepdaughter 4 (13.06.2019)_558p.mp4,1
The.Dead.Lands.2014.1080p.BluRay.x264.AAC-ETRG / The.Dead.Lands.2014.1080p.BluRay.x264.AAC-ETRG.mp4,0
Escape to Athena (1979) BDRip 720p.mkv / Escape to Athena (1979) BDRip 720p.mkv,0
The.Boys.S03E04.WEBRip.x264-ION10 / The.Boys.S03E04.WEBRip.x264-ION10.mp4,0
madoubt.com 835865.xyz caribbeancom-092921_001 / madoubt.com 835865.xyz caribbeancom-092921_001.mp4,1
"[Tutorialsplanet.NET] Udemy - Operating Systems from scratch - Part 1 / 4. CPU Scheduling Algorithms - SJF, SRTF, FCFS/7. Shortest Remaining Time First Scheduling Algorithm.mp4",1
madoubt.com 963399.xyz fc2ppv-4668420 / madoubt.com 963399.xyz fc2ppv-4668420.mp4,1
对白超淫荡，40万粉推特约炮大神【我的枪好长啊】硬朗体育生疯狂3P轮流内射反差嫩妹背后抱起爆肏 / 对白超淫荡，40万粉推特约炮大神【我的枪好长啊】硬朗体育生疯狂3P轮流内射反差嫩妹背后抱起爆肏.mp4,1
McBride. Dogged (2007) HDTVRip 1080p.mkv / McBride. Dogged (2007) HDTVRip 1080p.mkv,0
Siberia.2018.1080p.BDRemux.MediaClub.mkv / Siberia.2018.1080p.BDRemux.MediaClub.mkv,0
真实反差女神！土豪重金定制，高颜气质长腿马甲线【是素素呀】私拍，紫薇放尿各种淫态展示，夸张大毛逼一看就是欲女 / 真实反差女神！土豪重金定制，高颜气质长腿马甲线【是素素呀】私拍，紫薇放尿各种淫态展示，夸张大毛逼一看就是欲女.mp4,1
绿帽淫妻大神【hookup】 换妻啪啪 和单男组成夹心饼干前后夹击小娇妻，表面一脸淑女样床上一股骚气样 / 绿帽淫妻大神【hookup】 换妻啪啪 和单男组成夹心饼干前后夹击小娇妻，表面一脸淑女样床上一股骚气样.mp4,1
BOKD-284 / hhd800.com@BOKD-284.mp4,1
[JAV] [Uncensored] FC2 PPV 1865783 [1080p] / fc2ppv-1865783.mp4,1
BrokenLatinaWhores.25.08.20.Kata.4.XXX.1080p.MP4-FETiSH[XC] / brokenlatinawhores.25.08.20.kata.4.mp4,1
十月最新流出 ️【2022年度最佳泄密】长春电影学院薛佳欣与男友性爱 / 十月最新流出 ️【2022年度最佳泄密】长春电影学院薛佳欣与男友性爱.mp4,1
UltraFilms.23.09.15.Milena.Ray.And.Emily.Mayers.Sweet.Flavors.XXX.1080p.HEVC.x265.PRT[XvX] / UltraFilms.23.09.15.Milena.Ray.And.Emily.Mayers.Sweet.Flavors.XXX.1080p.HEVC.x265.PRT.mkv,1
Monsters.Ball.2001.1080p.BluRay.x264.AC3.Rus-Eng.mkv / Monsters.Ball.2001.1080p.BluRay.x264.AC3.Rus-Eng.mkv,0
hegre.17.03.07.ariel.big.black.friend.mp4 / hegre.17.03.07.ariel.big.black.friend.mp4,1
Annika.2021.S02.COMPLETE.720p.WEBRip.x264-GalaxyTV[TGx] / Annika.2021.S02E05.720p.WEBRip.x264-GalaxyTV.mkv,0
PassionsOnly.E31.Lucy.Sunflower.XXX.2160p.MP4-WRB[XvX] / passionsonly.e31.lucy.sunflower.mp4,1
Lolita Anime (Wonder Kids) / Lolita_Anime_-_III_-_To_Be_In_The_Kitten_Shop_-_(RAW).mkv,0
第一會所新片@SIS001@(FAプロ)(FAJS-046)乙女の淫臭_ウチの娘にかぎって…彩城ゆりな_あやね遥菜 / (FAプロ)(FAJS-046)乙女の淫臭 ウチの娘にかぎって…彩城ゆりな あやね遥菜.mkv,1
LegalPorno - Sofa Weber 3 hour HARDCORE (12.09.2023) rq.mp4 / LegalPorno - Sofa Weber 3 hour HARDCORE (12.09.2023) rq.mp4,1
SNIS-842-U / SNIS-842-U.mp4,1
FC2PPV 3111569 / FC2PPV 3111569.mp4,1
ROYD-107 / ROYD-107.H265.mp4,1
Prehistoric.Planet.S02E05.WEBRip.x264-ION10 / Prehistoric.Planet.S02E05.WEBRip.x264-ION10.mp4,0
AssParade - Luna Baby - Luna's Tight Ass On Parade (22.04.2024) rq.mp4 / AssParade - Luna Baby - Luna's Tight Ass On Parade (22.04.2024) rq.mp4,1
Extraction.2020.NF.WEB-DL.1080p.ELEKTRI4KA.UNIONGANG.mkv / Extraction.2020.NF.WEB-DL.1080p.ELEKTRI4KA.UNIONGANG.mkv,0
"[New-raws] Botsuraku Yotei no Kizoku dakedo, Hima Datta kara Mahou wo Kiwametemita - 06v2[1080p] [AMZN].mkv / [New-raws] Botsuraku Yotei no Kizoku dakedo, Hima Datta kara Mahou wo Kiwametemita - 06v2[1080p] [AMZN].mkv",0
Invasion.2021.S02E09.480p.x264-mSD[eztv.re].mkv / Invasion.2021.S02E09.480p.x264-mSD[eztv.re].mkv,0
madoubt.com 636635.xyz fc2ppv-892278 / madoubt.com 636635.xyz fc2ppv-892278.mp4,1
Cat.on.a.Hot.Tin.Roof.1958.720p.WEB-DL.AAC 2.0.H.264-HDStar.mkv / Cat.on.a.Hot.Tin.Roof.1958.720p.WEB-DL.AAC 2.0.H.264-HDStar.mkv,0
www.UIndex.org    -    Fear.Thy.Neighbour.S08E10.Blood.on.the.Lawn.1080p.HDTV.H264-DARKFLiX / Fear.Thy.Neighbour.S08E10.Blood.on.the.Lawn.1080p.HDTV.H264-DARKFLiX.mkv,0
O.Pranto.do.Mal.2025.1080p.WEB-DL.DUAL.5.1 / O.Pranto.do.Mal.2025.1080p.WEB-DL.DUAL.5.1.mkv,0
010222_01-10mu-1080p / 010222_01-10mu-1080p.mp4,1
Deep.Water.2022.720p.AMZN.WEB-DL.DDP5.1.H.264-TEPES.mkv / Deep.Water.2022.720p.AMZN.WEB-DL.DDP5.1.H.264-TEPES.mkv,0
"Candice Dare - Axel Brauns Big Ass Anal Movie, Scene 2.711x400.mp4 / Candice Dare - Axel Brauns Big Ass Anal Movie, Scene 2.711x400.mp4",1
Hamefura Movie [1080] / [Ioroid] Otome Game no Hametsu Flag shika Nai Akuyaku Reijou ni Tensei shiteshimatta… Movie [U-NEXT WEB-DL 1080p AVC AAC].mkv,0
BBC.Natural.World.2014.Africas.Giant.Killers.1080p.HDTV.x265.AAC.MVGroup.org.mkv / BBC.Natural.World.2014.Africas.Giant.Killers.1080p.HDTV.x265.AAC.MVGroup.org.mkv,0
blackwhite18.mp4 / blackwhite18.mp4,1
Adobe Photoshop 2025 v26.0 (x64) Ml / Setup/resources/carousel/images/01_creativity_for_all_445x239.mp4,1
madoubt.com 669223.xyz fc2ppv-2309395 / madoubt.com 669223.xyz fc2ppv-2309395.mp4,1
Sneakerheads 2020 S01 Complete Hindi Dual Audio www.downloadhub.run 720p Web-DL MSubs / Sneakerheads.S01E02.Hindi.English.720p.Downloadhub.run.mkv,0
[Shiniori-Raws] Gekijouban Kara no Kyoukai Movie 03 (BD 1280x720 x264 AAC).mp4 / [Shiniori-Raws] Gekijouban Kara no Kyoukai Movie 03 (BD 1280x720 x264 AAC).mp4,0
Barbie.e.Teresa.Recipe.For.Friendship.2025.1080p.WEB-DL.DUAL.5.1 / Barbie.e.Teresa.Recipe.For.Friendship.2025.1080p.WEB-DL.DUAL.5.1.mkv,0
MonstersOfCock.20.05.24.Lana.Sharapova..480p.MP4-XXX / monstersofcock.20.05.24.lana.sharapova.mp4,1
www.UIndex.org    -    House on Eden 2025 1080p AMZN WEB-DL DDP5 1 H 264-BYNDR / House on Eden 2025 1080p AMZN WEB-DL DDP5 1 H 264-BYNDR.mkv,0
10mu-092716_01 / 10mu-092716_01.mp4,1
Besprintcipnye.S04.WEB-DL.720p.MrMittens / Besprintcipnye.S04.E01.WEB-DL.720p.MrMittens.mkv,0
19超嫩姐妹花，被头套大叔轮流干，掏屌磨蹭小穴，小骚逼很紧，骑乘位抽插，干完妹妹干姐姐，多毛骚逼 / 19超嫩姐妹花，被头套大叔轮流干，掏屌磨蹭小穴，小骚逼很紧，骑乘位抽插，干完妹妹干姐姐，多毛骚逼.mp4,1
The Legend Of Blood Castle (1973) [720p] [BluRay] [YTS.MX] / The.Legend.Of.Blood.Castle.1973.720p.BluRay.x264.AAC-[YTS.MX].mp4,0
丰满身材皮肤白皙面罩妹子自慰秀 全裸自摸粉逼翘着肥臀振动棒震动逼逼 / 丰满身材皮肤白皙面罩妹子自慰秀 全裸自摸粉逼翘着肥臀振动棒震动逼逼.mp4,1
Two.and.a.Half.Men.Season.04.720p.WEB-DL.DUAL.AUDIO.H.264-MC / Two.and.a.Half.Men.S04E01.Working.for.Caligula.720p.WEB-DL.Dual.Audio.H.264-MC.mkv,0
[SubsPlease] Anne Shirley - 17 (480p) [A0CB7DB2].mkv / [SubsPlease] Anne Shirley - 17 (480p) [A0CB7DB2].mkv,1
TVBOXNOW 美食新聞報道 / TVBOXNOW 美食新聞報道 EP31.mp4,1
InTheCrack.E1910.Alexis.Crystal.Provence.XXX.2160p.MP4-NBQ[XC] / itc.e1910.alexis.crystal.provence.4k.mp4,1
Running Man - 766 [250824].mp4 / Running Man - 766 [250824].mp4,1
madoubt.com 252635.xyz caribbeancom-041319_896 / madoubt.com 252635.xyz caribbeancom-041319_896.mp4,1
РЭД.2.RED.2.2013.US.Transfer.BDRip-HEVC.1080p.mkv / РЭД.2.RED.2.2013.US.Transfer.BDRip-HEVC.1080p.mkv,0
300MAAN-814 / 300MAAN-814.mp4,1
[Yaoi801 Fansub] Ookami-san wa Taberaretai [Sub Ita] [1080 x264 AAC] / [Yaoi801 Fansub] Ookami-san wa Taberaretai 02 [Sub Ita] [1080 x264 AAC].mp4,0
CSP2_720_2022.mp4 / CSP2_720_2022.mp4,1
粉嫩大奶熟女给大哥剃毛各种道具玩虐骚逼和菊花无套操骚逼内射 / 粉嫩大奶熟女给大哥剃毛各种道具玩虐骚逼和菊花无套操骚逼内射.mp4,1
Le.Comte.de.Monte-Cristo.2024.FRENCH.1080p.WEB.H264-FW.mkv / Le.Comte.de.Monte-Cristo.2024.FRENCH.1080p.WEB.H264-FW.mkv,0
[168x.me]fera-101 / fera-101.mp4,1
546ERHV-026 / 546ERHV-026.mp4,1
stars-488 / stars-488.mp4,1
madoubt.com 282583.xyz ANB-229 / madoubt.com 282583.xyz ANB-229.mp4,1
三体-Three-Body (2023) S01E02 / 三体-Three-Body (2023) EP-02.mp4,1
"Tytus, Romek i A'Tomek 1989 [Komplet] [1080p.WEB-DL.H264-FT] [PL] [Alusia] / Tytus, Romek i A'Tomek E1 [Komplet] [1080p.WEB-DL.H264-FT] [PL] [Alusia].mkv",0
Vic The Viking And The Magic Sword (2019) [1080p] [WEBRip] [5.1] [YTS.MX] / Vic.The.Viking.And.The.Magic.Sword.2019.1080p.WEBRip.x264.AAC5.1-[YTS.MX].mp4,0
Silver.Linings.Playbook.2012.1080p.BluRay.x264-iNFAMOUS / inf-silver.linings.playbook-1080p.mkv,0
【骚宝】偷拍 中医SPA 多位新人 良家人妻 少妇熟女~！~~人妻返场 男主站到面 自动拿屌就吃！！ / 【骚宝】偷拍 中医SPA 多位新人 良家人妻 少妇熟女~！~~人妻返场 男主站到面 自动拿屌就吃！！.mp4,1
超极品颜值，【Puppy袭月】，付费福利，商场餐厅露出，后面人来人往，那紧张的小眼神爱了爱了 / 超极品颜值，【Puppy袭月】，付费福利，商场餐厅露出，后面人来人往，那紧张的小眼神爱了爱了.mp4,1
The.Haves.and.the.Have.Nots.S07E08.WEBRip.x264-TBS[TGx] / the.haves.and.the.have.nots.s07e08.webrip.x264-tbs.mkv,0
BFFS.23.03.25.Dani.Diaz.Mochi.Mona.And.Satine.Summers.A.Concert.To.Remember.XXX.480p.MP4-XXX / bffs.23.03.25.dani.diaz.mochi.mona.and.satine.summers.a.concert.to.remember.mp4,1
Unveiled.Surviving.La.Luz.Del.Mundo.S01.2022.1080p.HMAX.WEB-DL.H264.SPh / Unveiled.Surviving.La.Luz.Del.Mundo.S01E03.2022.1080p.HMAX.WEB-DL.H264.SPh.mkv,0
"Kira Queen, Zazie S - Summer Fun Episode 3 - Blossoming.1080.mp4 / Kira Queen, Zazie S - Summer Fun Episode 3 - Blossoming.1080.mp4",1
Tulsa.King.S01E03.WEB.x264-TORRENTGALAXY[TGx] / Tulsa.King.S01E03.WEB.x264-TORRENTGALAXY.mkv,0
[Artstation Learning] Substance Painter Pushing Your Texturing Further [RUS] / 5. Layering Detail.mp4,0
The.Nevers.S01E01.Pilot.1080p.AMZN.WEBRip.DDP5.1.x264-NTb[rarbg] / The.Nevers.S01E01.Pilot.1080p.AMZN.WEB-DL.DDP5.1.H.264-NTb.mkv,0
[HYSUB]Dragon Ball DAIMA[06][BIG5_MP4][1280X720].mp4 / [HYSUB]Dragon Ball DAIMA[06][BIG5_MP4][1280X720].mp4,1
BigButtsLikeItBig - The Ex Best Thing - Jillian Janson [720p].mp4 / BigButtsLikeItBig - The Ex Best Thing - Jillian Janson [720p].mp4,0
Shalina Devine - Gaping Ass Play [480p].mp4 / Shalina Devine - Gaping Ass Play [480p].mp4,1
Paige Turner - Killer Tits.mp4 / Paige Turner - Killer Tits.mp4,1
CAWD-858-HD / CAWD-858-HD.mp4,1
青春无敌 极品身材人气少女【小仙云】大佬最新裸舞定制 多套情趣装动感热舞 / 青春无敌 极品身材人气少女【小仙云】大佬最新裸舞定制 多套情趣装动感热舞.mp4,1
SurrealEstate.S03E09.1080p.rus.LostFilm.TV.mkv / SurrealEstate.S03E09.1080p.rus.LostFilm.TV.mkv,0
"Ultimate Ableton Live 12, Part 7 Max for Live / 2. What is Max/3. A Brief History of Max.mp4",0
The Bund Part 1 (1983) [1080p] [WEBRip] [YTS.MX] / The.Bund.Part.1.1983.1080p.WEBRip.x264.AAC-[YTS.MX].mp4,0
BKD-352-uncensored-HD / BKD-352-uncensored-nyap2p.com.mp4,1
Gang Bang.mp4 / Gang Bang.mp4,1
PrivateSociety.24.12.04.Memel.Feeling.The.Need.To.Breed.XXX.1080p.MP4-WRB[XC] / prvs.24.12.04.memel.feeling.the.need.to.breed.mp4,1
[OnlyFans.com] Chen Meihui - Domestic Goddess Gets Fucked by Big Dick in Turns.mp4 / [OnlyFans.com] Chen Meihui - Domestic Goddess Gets Fucked by Big Dick in Turns.mp4,1
The Magicians - Temporada 3 [HDTV 720p][Cap.312][AC3 5.1 Español Castellano] / TheMagicians720p_312_descargas2020.mkv,0
madoubt.com 669236.xyz pacopacomama-081225_100 / madoubt.com 669236.xyz pacopacomama-081225_100.mp4,1
ASUKA - Braless Neighbor In The Morning / ASUKA - Braless Neighbor In The Morning.mp4,0
OnlyFans.June.Heale.And.Maccaypeaches.anal.bigass.bigtits.hardcore.trans.FULL.HD.https.strmup.to.v.M1dZ27n0q4LET.mp4 / OnlyFans.June.Heale.And.Maccaypeaches.anal.bigass.bigtits.hardcore.trans.FULL.HD.https.strmup.to.v.M1dZ27n0q4LET.mp4,1
The.Professor.and.the.Madman.2019.720p.BluRay.x265.AC3-HUD / The.Professor.and.the.Madman.2019.720p.BluRay.x265.AC3-HUD.mkv,0
"+Vanessa Videl / Vanessa Videl MyFriendsHotMom.com Ava Devine, Vanessa Videl & Alan Stafford (Remastered) 20.01.2013.mp4",1
madoubt.com 925686.xyz heyzo-3490 / madoubt.com 925686.xyz heyzo-3490.mp4,1
"Miłość, szmaragd i krokodyl   Romancing the Stone (1984) PL.1080p.BDRip.DD.2.0.x264-OK   Lektor PL.mkv / Miłość, szmaragd i krokodyl   Romancing the Stone (1984) PL.1080p.BDRip.DD.2.0.x264-OK   Lektor PL.mkv",0
xv-835-C / xv-835-C.mp4,1
FC2-PPV-4002634 / FC2-PPV-4002634.H265.mp4,1
The.Ark.S01E09.480p.x264-mSD[eztv.re].mkv / The.Ark.S01E09.480p.x264-mSD[eztv.re].mkv,0
Delphi Cars 2015.R3 & Delphi Trucks 2015.R3 / install video.mp4,0
madoubt.com 998295.xyz 1pondo-081118_726 / madoubt.com 998295.xyz 1pondo-081118_726.mp4,1
Lex's Breast Fest 2 (Evil Angel) XXX NEW 2013 (Split Scenes) / 23277_04_hd.mp4,1
HND-319-U / HND-319-U.mp4,1
Tensei shitara Ken Deshita - AniLibria.TV [WEBRip 1080p HEVC] / Tensei_shitara_Ken_Deshita_[01]_[AniLibria_TV]_[WEBRip_1080p_HEVC].mkv,0
[ Torrent911.cc ] Seobok.2021.FRENCH.BDRip.x264-UTT.mkv / [ Torrent911.cc ] Seobok.2021.FRENCH.BDRip.x264-UTT.mkv,0
El ministerio del tiempo - 1x08 FINAL (Elitetorrent.net).mp4 / El ministerio del tiempo - 1x08 FINAL (Elitetorrent.net).mp4,1
Lupin.S02.1080p.WEB-DL.Rus.Eng / Lupin.S02E03.1080p.NF.WEB-DL.RGzsRutracker.mkv,0
Família à Prova de Balas 2025 WEB-DL 1080p x264 DUAL 5.1 / Família à Prova de Balas 2025 WEB-DL 1080p x264 DUAL 5.1.mkv,0
madoubt.com 656622.xyz 1pondo-072122_001 / madoubt.com 656622.xyz 1pondo-072122_001.mp4,1
[Anistar.org] Sex ga Suki de Suki de Daisuki na Classmate no Ano Musume [TV-1] - 01 [720p].mp4 / [Anistar.org] Sex ga Suki de Suki de Daisuki na Classmate no Ano Musume [TV-1] - 01 [720p].mp4,0
BrazzersExxtra.24.06.16.Roxie.Sinner.Gamers.Tits.On.Glass.XXX.1080p.HEVC.x265.PRT / BrazzersExxtra.24.06.16.Roxie.Sinner.Gamers.Tits.On.Glass.XXX.1080p.HEVC.x265.PRT.mp4,1
Young.Sheldon.SEASON.02.S02.COMPLETE.720p.WEB.2CH.x265.HEVC-PSA / Young.Sheldon.S02E07.Carbon.Dating.and.a.Stuffed.Raccoon.720p.WEBRip.2CH.x265.HEVC-PSA.mkv,0
The Butcher Boy 1997 720p HDTV x264-pTT.mkv / The Butcher Boy 1997 720p HDTV x264-pTT.mkv,0
Naked.and.Afraid.S05.1080p.WEBRip.AAC2.0.x264-CAFFEiNE[rartv] / Naked.and.Afraid.S05E01.Forsaken.1080p.WEB.x264-CAFFEiNE.mkv,0
[NetVideoGirls.com] Myra Glasford - Stunning long-haired redhead (07.02.2023) [2160p].mp4 / [NetVideoGirls.com] Myra Glasford - Stunning long-haired redhead (07.02.2023) [2160p].mp4,0
La Casa del Dragon - Temporada 1 [HDTV 720p][Cap.109][AC3 5.1 Castellano][www.atomoHD.vet] / La Casa del Dragon - Temporada 1 [HDTV 720p][Cap.109][AC3 5.1 Castellano][www.atomoHD.vet].mkv,0
Dexter.New.Blood.S01E02.Storm.of.Fuck.1080p.AMZN.WEB-DL.DDP5.1.H.264-NTb[eztv.re].mkv / Dexter.New.Blood.S01E02.Storm.of.Fuck.1080p.AMZN.WEB-DL.DDP5.1.H.264-NTb[eztv.re].mkv,0
Christmas Icetastrophe (2014) / Christmas.Icetastrophe.2014.720p.BluRay.x264.YIFY.mp4,0
深喉女神，亚裔母狗【李露丝】露脸私拍，深喉口爆肛交啪啪野战，各式各样性爱自拍 / 深喉女神，亚裔母狗【李露丝】露脸私拍，深喉口爆肛交啪啪野战，各式各样性爱自拍.mp4,1
Band Of Brothers (2001) Mp4 1080p / Band Of Brothers Episode 01.mp4,0
极品大学生巨乳萌妹 一只桃桃 啪啪合集！双马尾配JK！人甜逼美！被男主操的淫叫不停 / 极品大学生巨乳萌妹 一只桃桃 啪啪合集！双马尾配JK！人甜逼美！被男主操的淫叫不停.mp4,1
"Ziglio L., Rizzo G._Nuovo Espresso 1_2014 / Nuovo Espresso 1_Videocorso/NE1_Episodio 5/NE1_Episodio 5 (con sottotitoli).mp4",1
Secrets.of.Miss.America.S01E01.WEB.x264-TORRENTGALAXY[TGx] / Secrets.of.Miss.America.S01E01.WEB.x264-TORRENTGALAXY.mkv,0
Adolescence.S01E04.1080p.rus.LostFilm.TV.mkv / Adolescence.S01E04.1080p.rus.LostFilm.TV.mkv,0
样子长得酷似泡良大神金先生的渣男 约炮96年富姐姜惠利到寓所各种玩穴调教 / 样子长得酷似泡良大神金先生的渣男 约炮96年富姐姜惠利到寓所各种玩穴调教玩弄内射逼里.mp4,1
2022年4月份 國產原創原版合集 / 91CM-243 MD-0245 MM-053 TZ-055 MSD-088 HongKongDoll/[c0e0.com]HongKongDoll_1 .mp4,1
清纯萝莉小学妹摇摆晃动的双马尾谁不想扯一下 穿着JK服，屁股后面在戴着一个狐狸小尾巴，后入中出可爱双马尾小可爱 / 清纯萝莉小学妹摇摆晃动的双马尾谁不想扯一下 穿着JK服，屁股后面在戴着一个狐狸小尾巴，后入中出可爱双马尾小可爱.mp4,1
Viudas.Negras.P'tas.y.Chorras.S01E06.SPANISH.1080p.WEB-DL.DDP5.1.x264-iYi / Viudas.Negras.P'tas.y.Chorras.S01E06.SPANISH.1080p.WEB-DL.DDP5.1.x264-iYi.mkv,0
Sin piedad para nadie [HDTV 720p][Cap.107] / Sin piedad para nadie [HDTV 720p][Cap.107].mkv,0
"[MariskaX.com] - 2025.03.21 - Anita Rover, Anouk Grey, Lena Coxx, Tanya Virago, Mia Nins - Free For All Fucking Part 3(2160p).mp4 / [MariskaX.com] - 2025.03.21 - Anita Rover, Anouk Grey, Lena Coxx, Tanya Virago, Mia Nins - Free For All Fucking Part 3(2160p).mp4",1
www.5MovieRulz.land - The Curse of Valburga (2019) 1080p BluRay - x264 - [Tel + Tam + Hin + Eng].mkv / www.5MovieRulz.land - The Curse of Valburga (2019) 1080p BluRay - x264 - [Tel + Tam + Hin + Eng].mkv,0
Mollys.Game.2017.1080p.BluRay.x265-DiN / Mollys.Game.2017.1080p.BluRay.x265-DiN.mkv,0
SKAZANA [2021] [SEZON 1] [E08] [FINAL] / Skazana S01E08.mp4,1
[DJB] Tokyo 24th Ward - 10 VOSTFR [1080p].mp4 / [DJB] Tokyo 24th Ward - 10 VOSTFR [1080p].mp4,0
madoubt.com 923993.xyz MIDV-549 / madoubt.com 923993.xyz MIDV-549.mp4,1
"丰满漂亮的美女刚进房间就迫不及待想要,把男友弄硬自己坐在上面 / 丰满漂亮的美女刚进房间就迫不及待想要,把男友弄硬自己坐在上面.mp4",1
Speak.No.Evil.2024.x265.WEB-DL.2160p.HDR-DV.mkv / Speak.No.Evil.2024.x265.WEB-DL.2160p.HDR-DV.mkv,0
Boyhood.2014.BDRemux.1080p_by_vedigo.mkv / Boyhood.2014.BDRemux.1080p_by_vedigo.mkv,1
voss-182 / voss-182.mp4,1
【更多高清电影访问 www.BBQDDQ.com】堂山[简英双字幕].Paradise.Hills.2019.BluRay.1080p.TrueHD.5.1.x264-BBQDDQ 12.57 GB / Paradise.Hills.2019.BluRay.1080p.TrueHD.5.1.x264-BBQDDQ.mkv,0
核弹！变态双御姐~20小时~【77吃不饱】呕吐~喝尿~双飞喷水！ / 核弹！变态双御姐~20小时~【77吃不饱】呕吐~喝尿~双飞喷水！.mp4,1
Star.Trek.Discovery.S01E01.720p.720p.HDTV.x264-AVS[eztv].mkv / Star.Trek.Discovery.S01E01.720p.720p.HDTV.x264-AVS[eztv].mkv,0
Peter Grill to Kenja no Jikan - Super Extra [TV-2] [2022] [WEBRip] [1080p] [RUS + JAP] [Uncensored] / Peter Grill to Kenja no Jikan - Super Extra - 12 (WEBRip 1920x1080 x264 AAC Rus + Jap).mkv,0
392969.xyz 真肉便器！【柠檬不酸】骚女越开发越淫荡了，开始喜欢喝尿了，用鸡巴深喉漱口(终章)肛交毒龙深喉喝尿 / 392969.xyz 真肉便器！【柠檬不酸】骚女越开发越淫荡了，开始喜欢喝尿了，用鸡巴深喉漱口(终章)肛交毒龙深喉喝尿.mp4,1
madoubt.com 965925.xyz 10musume-042625_01 / madoubt.com 965925.xyz 10musume-042625_01.mp4,1
[SubsPlease] Cardfight!! Vanguard will+Dress S3 - 06 (720p) [00C4A0BE].mkv / [SubsPlease] Cardfight!! Vanguard will+Dress S3 - 06 (720p) [00C4A0BE].mkv,0
PervNana - 23.02.04 - Aaliyah Love & Alexis Malone - Trust Your Nana.mp4 / PervNana - 23.02.04 - Aaliyah Love & Alexis Malone - Trust Your Nana.mp4,1
Toy.Story.Trilogy.1995-2010.720p.BluRay.x264.BGAUDiO.AC3-WAR / Toy.Story.III.2010.720p.BluRay.x264.BGAUDIO.AC3-WAR/wtstory3.mkv,0
Krepost.Schitom.i.Mechom.2015.RUS.BDRip.720p.-HELLYWOOD.mkv / Krepost.Schitom.i.Mechom.2015.RUS.BDRip.720p.-HELLYWOOD.mkv,0
SexAndSubmission.22.12.16.Lydia.Black.XXX.INTERNAL.480p.MP4-XXX / sexandsubmission.22.12.16.lydia.black.int.mp4,1
The.Fosters.2013.S04E04.HDTV.x264-FLEET[PRiME] / The.Fosters.2013.S04E04.HDTV.x264-FLEET[PRiME].mkv,0
Extreme Lesbian Anal [2021] / extreme-lesbian-anal-scene3.480p.mp4,1
"Anna Rose, Uma Sex / babes_bgg_uma_anna.mp4",1
UMD-848 / hhd800.com@UMD-848.mp4,1
ha.16.04.12.julietta.and.magdalena.twins.dildo.experiment.mp4 / ha.16.04.12.julietta.and.magdalena.twins.dildo.experiment.mp4,1
FC2-PPV-4717590 / hhd800.com@FC2-PPV-4717590.mp4,1
tropa.-de.-elite.-2.-dvd.-xvi-d.www.-divx-tota-l.com / Tropa.De.Elite.2.DVD.XviD.[www.DivxTotaL.com].mp4,1
CzechSexCasting.E407.Asandra.Dewy.XXX.1080p.MP4-WRB[XC] / czechsexcasting.e407.asandra.dewy.mp4,1
madoubt.com 833582.xyz heyzo-3497 / madoubt.com 833582.xyz heyzo-3497.mp4,1
www.Torrenting.com   -    The Bling Ring (2011) 720p WEBRip-LAMA / The.Bling.Ring.2011.720p.WEBRip.x264.AAC-LAMA.mp4,0
The.Official.Egypt.Brunette.BigTits.BigAss.mp4 / The.Official.Egypt.Brunette.BigTits.BigAss.mp4,0
Alexa Flexy - Unexpected Company (12.09.2021)_720p.mp4 / Alexa Flexy - Unexpected Company (12.09.2021)_720p.mp4,1
1Pondo-051518_687-FHD / 051518_687-1pon-1080p.mp4,1
When.Calls.the.Heart.S11E10.1080p.HEVC.x265-MeGusta[EZTVx.to].mkv / When.Calls.the.Heart.S11E10.1080p.HEVC.x265-MeGusta[EZTVx.to].mkv,0
The Awakening.2011.720p.BluRay.x264-LEONARDO_[scarabey.org].mkv / The Awakening.2011.720p.BluRay.x264-LEONARDO_[scarabey.org].mkv,0
DASS-135 / DASS-135.mp4,1
Supernatural.S08.HDTV.x264-LOL / supernatural.804.hdtv-lol.mp4,0
Фонтан (The Fountain) (2006 Blu-Ray).mkv / Фонтан (The Fountain) (2006 Blu-Ray).mkv,0
Scream VI (2023) [1080p] [BluRay] [5.1] [YTS.MX] / Scream.VI.2023.1080p.BluRay.x264.AAC5.1-[YTS.MX].mp4,0
Wallace & Gromit. The Curse of the Were-Rabbit.2005.BDRemux 1080p.mkv / Wallace & Gromit. The Curse of the Were-Rabbit.2005.BDRemux 1080p.mkv,0
HZGD102 / HZGD102.mp4,1
madoubt.com 338863.xyz HIKR-186 / madoubt.com 338863.xyz HIKR-186.mp4,1
会所高价钱找的性感黑丝大胸气质美女 口技不错 后入各种姿势猛操 最后射大腿上 / 会所高价钱找的性感黑丝大胸气质美女 口技不错 后入各种姿势猛操 最后射大腿上.mp4,1
madoubt.com 698596.xyz fc2ppv-4740782 / madoubt.com 698596.xyz fc2ppv-4740782.mp4,1
Underworld.Blood.Wars.2016.3D.HSBS.BDRip.1080p.ExKinoRay.mkv / Underworld.Blood.Wars.2016.3D.HSBS.BDRip.1080p.ExKinoRay.mkv,0
THE NEW GATE - 08 「託されるもの、託すもの」 (BS11 1920x1080 x264 AAC).mp4 / THE NEW GATE - 08 「託されるもの、託すもの」 (BS11 1920x1080 x264 AAC).mp4,0
GUILTY.GEAR.STRIVE.v20250408-P2P / Ultimate Edition Content Kit/00_GuiltyGearStrive_Digital Artbook/Movie/011_Necessary Discrepancy.mp4,1
"Nachos MILF Mayhem (Nacho Vidal, Evil Angel) / 50471_05_hd.mp4",1
The Water Margin 1976 Season 1 Complete DUBBED 720p BluRay x264 [i_c] / The Water Margin S01E01 Nine Dozen Heroes and One Wicked Man.mkv,0
National Geographic.Megastructures.Megaship.2006.HDTV.720p.x264-CGInfo.mkv / National Geographic.Megastructures.Megaship.2006.HDTV.720p.x264-CGInfo.mkv,0
madoubt.com 368528.xyz fc2ppv-3303876 / madoubt.com 368528.xyz fc2ppv-3303876.mp4,1
[Anku & mutagenb] Dr. Stone - 08 [720p rus].mkv / [Anku & mutagenb] Dr. Stone - 08 [720p rus].mkv,0
246porn.com.2107.35Hot Step Mom Fucked her Pretty Red Head Step Daughter_CBDmedia_1080p.mp4 / 246porn.com.2107.35Hot Step Mom Fucked her Pretty Red Head Step Daughter_CBDmedia_1080p.mp4,1
"상류사회 High Society, 2018.1080p.WEBRip.H264.AAC / 상류사회 High Society, 2018.1080p.WEBRip.H264.AAC.mp4",0
dccdom.com@EKDV778 / dccdom.com@EKDV778.mp4,1
[Ñ] Ping Pong The Animation [BD 720p] / [Ñ] Ping Pong The Animation - 10 [BD 720p] [247D2C9D].mkv,0
Ransom.S03E08.HDTV.x264-SVA[eztv].mkv / Ransom.S03E08.HDTV.x264-SVA[eztv].mkv,0
Lelya Mult - Fit Yoga Slut Leyla Mult DP’d by Stud Trainers GP2192 (12.01.2022)_480p.mp4 / Lelya Mult - Fit Yoga Slut Leyla Mult DP’d by Stud Trainers GP2192 (12.01.2022)_480p.mp4,1
Sara-372-1080p.mp4 / Sara-372-1080p.mp4,1
Jeune & Jolie (2013) / Jeune & Jolie (2013) BDRemux 1080p.mkv,1
"천박사 퇴마 연구소 설경의 비밀 Dr. Cheon And Lost Talisman,2023.1080p.WEBRip.H264.AAC / 천박사 퇴마 연구소 설경의 비밀 Dr. Cheon And Lost Talisman,2023.1080p.WEBRip.H264.AAC.mp4",0
SORA-504-U / SORA-504-U.mp4,1
Invasion.2021.S01E04.1080p.WEB.H264-CAKES[rarbg] / invasion.2021.s01e04.1080p.web.h264-cakes.mkv,0
BBC.They.Shall.Not.Grow.Old.720p.HDTV.x265.AAC.MVGroup.org.mkv / BBC.They.Shall.Not.Grow.Old.720p.HDTV.x265.AAC.MVGroup.org.mkv,0
Hellboy Wzgórza nawiedzonych - Hellboy The Crooked Man 2024 [10Bit SDR] [2160p.WEB-DL.H265.AC3.5.1-AS76-FT] [ENG-Napisy PL] [Translator Google] [Alusia] / Hellboy Wzgórza nawiedzonych - Hellboy The Crooked Man 2024 [10Bit SDR] [2160p.WEB-DL.H265.AC3.5.1-AS76-FT] [ENG-Napisy PL] [Translator Google] [Alusia].mkv,0
www.UIndex.org    -    Tour.De.France.Femmes.2025.Stage.08.1080p.HDTV.H264-DARKSPORT / Tour.De.France.Femmes.2025.Stage.08.1080p.HDTV.H264-DARKSPORT.mkv,0
080523-001-carib-1080p.mp4 / 080523-001-carib-1080p.mp4,0
[Erai-raws] Dan Da Dan Season 2 - 06 [1080p NF WEB-DL AVC AAC][MultiSub][6F09F892].mkv / [Erai-raws] Dan Da Dan Season 2 - 06 [1080p NF WEB-DL AVC AAC][MultiSub][6F09F892].mkv,0
Wild.About.Harry.2000.720p.DRTE.WEB-DL.AAC2.0.H.264.HUN.ENG-donthave / Wild.About.Harry.2000.720p.DRTE.WEB-DL.AAC2.0.H.264.HUN.ENG-donthave.mkv,0
madoubt.com 652828.xyz YUJ-031 / madoubt.com 652828.xyz YUJ-031.mp4,1
madoubt.com 953239.xyz SAN-382 / madoubt.com 953239.xyz SAN-382.mp4,1
漂亮有韵味美女和炮友双人啪啪大秀 先口后啪 尝试多种体位 / 漂亮有韵味美女和炮友双人啪啪大秀 先口后啪 尝试多种体位.mp4,1
[FreeCoursesOnline.Me] Code With Mosh - Entity Framework 6 in Depth / [FreeCoursesOnline.Me] 6- Querying Data (35m)/LINQ Extension Methods.mp4,0
Teen Bush 5.1080.mkv / Teen Bush 5.1080.mkv,1
BigButtsLikeItBig.21.11.16.Maddy.May.Thats.My.Seat.XXX.1080p.HEVC.x265.PRT[XvX] / BigButtsLikeItBig.21.11.16.Maddy.May.Thats.My.Seat.XXX.1080p.HEVC.x265.PRT.mkv,1
NP-007.mkv / NP-007.mkv,1
Shrek.3.2007.1080p.WEB-DL.ENG.LATINO.DDP.5.1.H264-BEN.THE.MEN / Shrek.3.2007.1080p.WEB-DL.ENG.LATINO.DDP.5.1.H264-BEN.THE.MEN.mkv,0
11 / FC2PPV-783437.mp4,1
How.to.Train.Your.Dragon.2025.1080p.WEBRip.x265-KONTRAST / How.to.Train.Your.Dragon.2025.1080p.WEBRip.x265-KONTRAST.mkv,0
fc2-ppv-2589141-HD / fc2-ppv-2589141-nyap2p.com.mp4,1
清凉一夏 街拍VIP论坛 街头抄底性感短裙丁字裤合集V（第一期） / 清凉一夏 街拍VIP论坛 街头抄底性感短裙丁字裤合集V（第一期）.mp4,1
madoubt.com 635958.xyz CM-190 / madoubt.com 635958.xyz CM-190.mp4,1
JBJB-005.mp4 / JBJB-005.mp4,1
The.Human.Stain.2003.BDRip.x264.DD5.1.Rus.Eng-E76.mkv / The.Human.Stain.2003.BDRip.x264.DD5.1.Rus.Eng-E76.mkv,0
swe6-dha.mp4 / swe6-dha.mp4,1
The.Fragrant.Flower.Blooms.With.Dignity.S01E02.Chidori.and.Kikyo.1080p.NF.WEB-DL.JPN.AAC2.0.H.264-ToonsHub.mkv / The.Fragrant.Flower.Blooms.With.Dignity.S01E02.Chidori.and.Kikyo.1080p.NF.WEB-DL.JPN.AAC2.0.H.264-ToonsHub.mkv,0
GVG-843.mp4 / GVG-843.mp4,1
TVBOXNOW ViuTV Missing他們存在過 / TVBOXNOW ViuTV Missing他們存在過 EP02.mp4,1
[Sokudo] Dr. STONE - New World - S03E18 [1080p AV1][multisub][dual audio].mkv / [Sokudo] Dr. STONE - New World - S03E18 [1080p AV1][multisub][dual audio].mkv,0
极品白虎小学妹【瑶奈】门槛+金主合集，表面清纯的JK学妹放 学后其实是个渴望被大鸡巴灌满骚穴的反差婊小母狗 / 极品白虎小学妹【瑶奈】门槛+金主合集，表面清纯的JK学妹放 学后其实是个渴望被大鸡巴灌满骚穴的反差婊小母狗.mp4,1
[J&M] - Veronique (25. 7.2016).mp4 / [J&M] - Veronique (25. 7.2016).mp4,1
032217_002 / 032217_002.mp4,1
性感丰满的大奶子女仆性爱唤醒服务 还在睡觉就来吃鸡吧了 只好狠狠的操她 / 性感丰满的大奶子女仆性爱唤醒服务 还在睡觉就来吃鸡吧了 只好狠狠的操她.mp4,1
madoubt.com 863588.xyz caribbeancom-032021_001 / madoubt.com 863588.xyz caribbeancom-032021_001.mp4,1
Summer Spot / summer-spot-scene-3.540p.mp4,1
最新流出 台湾海军之花 志愿役 黄采洁私密片外流 2700人喊上车 / 最新流出 台湾海军之花 志愿役 黄采洁私密片外流 2700人喊上车.mp4,1
44.trum015 / trum015.mp4,1
[Yaoi801 Fansub] Kikou Kantai Dairugger XV - 03 [Sub Ita] [480 x264 AAC].mp4 / [Yaoi801 Fansub] Kikou Kantai Dairugger XV - 03 [Sub Ita] [480 x264 AAC].mp4,0
[B0NES] Space Brothers (2012) Complete [1080p Bluray AV1 10bit Opus] (Uchuu Kyoudai) / Season 00/Space.Brothers.S00E04.Space.Brothers.2012.live.action.1080p.Bluray.AV1.10bit.Opus.6.1-B0NES.mkv,0
MyDirtyMaid - Sarah Arabic - Maid Does It For Cash! (25.06.2025) rq.mp4 / MyDirtyMaid - Sarah Arabic - Maid Does It For Cash! (25.06.2025) rq.mp4,1
[DDFNetwork] Foxy Di - Cherry On Top [HEVC 1080p].mp4 / [DDFNetwork] Foxy Di - Cherry On Top [HEVC 1080p].mp4,1
Hegre-Art Videos (2013-2014) / Hegre-Art Videos (2013)/Hegre-Art_Multiple.Electric.Orgasm.Massage.mp4,1
【四小时纯享版】推特土豪泡良大神、氪金网红杀手「金钱豹」大屌之下一众极品尤物，网黄空姐萝莉少妇外围统吃 / 【四小时纯享版】推特土豪泡良大神、氪金网红杀手「金钱豹」大屌之下一众极品尤物，网黄空姐萝莉少妇外围统吃.mp4,1
HydraFXX / Animations/19 2B x 9S Stairs/2B x 9S FULL [NO WM].mp4,1
Amelia Ost - First Time 19 Y.o. Asian Princess Amelia Takes Big Cock In Ass - Asian Anal Orgasm (17.11.2024)_1080p.mp4 / Amelia Ost - First Time 19 Y.o. Asian Princess Amelia Takes Big Cock In Ass - Asian Anal Orgasm (17.11.2024)_1080p.mp4,1
探花村长路边按摩店按摩热身再花100元去搞了个风韵犹存的士多店风骚老板娘无套内射 / 探花村长路边按摩店按摩热身再花100元去搞了个风韵犹存的士多店风骚老板娘无套内射.mp4,1
推特21万粉极品美少女潮吹萝莉公主【兔崽爱喷水】订阅私拍，可盐可甜各种制服人前户外露出道具紫薇喷喷喷 / 推特21万粉极品美少女潮吹萝莉公主【兔崽爱喷水】订阅私拍，可盐可甜各种制服人前户外露出道具紫薇喷喷喷.mp4,1
pervmom_lasirena69_full_low.mp4 / pervmom_lasirena69_full_low.mp4,1
最新爆火推特约炮大神【深海杀人鲸小张历险记】私拍，超多人前女神私下反差的极品美女被大神拿捏爆操 / 最新爆火推特约炮大神【深海杀人鲸小张历险记】私拍，超多人前女神私下反差的极品美女被大神拿捏爆操.mp4,1
[ASW] Fairy Tail - 100 Years Quest - 25 [1080p HEVC][BAC3E9C4].mkv / [ASW] Fairy Tail - 100 Years Quest - 25 [1080p HEVC][BAC3E9C4].mkv,0
Oldboy (2013) [1080p] / Oldboy.2013.1080p.BluRay.x264.YIFY.mp4,0
[44x.me]NSPS-737 / [44x.me]NSPS-737.mp4,1
AFL 2025 1st Qualifying Final - Adelaide v Collingwood 540p H.264-PD / AFL 2025 1st Qualifying Final - Adelaide v Collingwood 540p H.264-PD (1st Half).mkv,1
ManyVids.23.12.13.Sweetie.Fox.Busty.Beauty.Deepthroats.And.Anal.Fucks.Till.Creampie.POV.XXX.720p.HEVC.x265.PRT / ManyVids.23.12.13.Sweetie.Fox.Busty.Beauty.Deepthroats.And.Anal.Fucks.Till.Creampie.POV.XXX.720p.HEVC.x265.PRT.mp4,1
SINematica.20.07.13.Polly.Pons.And.Mya.Lorenn.LZBN.XXX.1080p.MP4-KTR[rarbg] / sinematica.20.07.13.polly.pons.and.mya.lorenn.lzbn.mp4,1
eric-andres-quinceanera / The Eric Andre Show - Eric Andre’s Quinceañera.ia.mp4,0
Triangle.Of.Sadness.2022.MULTI.1080p.WEB.H264-LOST / triangle.of.sadness.2022.multi.1080p.web.h264-lost.mkv,0
【91大长腿女儿】父女伦理小穴非常鲜美一撮性感阴毛 居家破处 野外打炮 户外车震 相当紧致太爽了 / 【91大长腿女儿】父女伦理小穴非常鲜美一撮性感阴毛 居家破处 野外打炮 户外车震 相当紧致太爽了.mp4,1
063023_001-1PON / hhd800.com@063023_001-1PON.mp4,1
[SakuraCircle] Eroriman - 01 (DVD 720x480 h264 AAC) [5D21BCF7].mkv / [SakuraCircle] Eroriman - 01 (DVD 720x480 h264 AAC) [5D21BCF7].mkv,0
madoubt.com 286985.xyz GVH-772 / madoubt.com 286985.xyz GVH-772.mp4,1
[Erai-raws] Kono Subarashii Sekai ni Shukufuku wo 3 - 03 [1080p][Multiple Subtitle][DB18428A].mkv / [Erai-raws] Kono Subarashii Sekai ni Shukufuku wo 3 - 03 [1080p][Multiple Subtitle][DB18428A].mkv,0
The.Librarians.US.S01E01-E02.720p.HDTV.2CH.x265.HEVC-PSA.mkv / The.Librarians.US.S01E01-E02.720p.HDTV.2CH.x265.HEVC-PSA.mkv,0
PornMegaLoad.23.08.22.Mckenzie.Lee.Solo.39560.XXX.1080p.HEVC.x265.PRT / PornMegaLoad.23.08.22.Mckenzie.Lee.Solo.39560.XXX.1080p.HEVC.x265.PRT.mp4,1
Street.Trash.1987.Synapse.1080p.BluRay.x265.hevc.10bit.AAC.5.1.commentary-HeVK.mkv / Street.Trash.1987.Synapse.1080p.BluRay.x265.hevc.10bit.AAC.5.1.commentary-HeVK.mkv,0
Watch.Download.https.uploadmall.com.crgzck4bacn3.https.bigwarp.io.lpywvc04a2bj.https.lulustream.com.zrgfs4hk4bgw.ManyVids.2025.Nicole.Doshi.Horny.School.Girl.Get.Fucked.By.BWC.Blowjob.Riding.Hardcore.Babe.Cute.Naturaltits.Doggy.Licking.Creampie.mp4 / Watch.Download.https.uploadmall.com.crgzck4bacn3.https.bigwarp.io.lpywvc04a2bj.https.lulustream.com.zrgfs4hk4bgw.ManyVids.2025.Nicole.Doshi.Horny.School.Girl.Get.Fucked.By.BWC.Blowjob.Riding.Hardcore.Babe.Cute.Naturaltits.Doggy.Licking.Creampie.mp4,1
BrazzersExxtra.21.10.13.Jenna.Love.Take.A.Seat.On.My.Cock.XXX.720p.MP4-XXX / brazzersexxtra.21.10.13.jenna.love.take.a.seat.on.my.cock.720p.mp4,1
WAAA-474 / WAAA-474.mp4,1
The Day of the Jackal 1 - LostFilm.TV [MP4] / The.Day.Of.The.Jackal.S01E10.720p.rus.LostFilm.TV.mp4,0
The.Pickup.2025.720p.AMZN.WEB-DL.DDP5.1.H.264.mkv / The.Pickup.2025.720p.AMZN.WEB-DL.DDP5.1.H.264.mkv,0
ShadySpa.23.08.22.Milana.Blank.XXX.1080p.HEVC.x265.PRT[XvX] / ShadySpa.23.08.22.Milana.Blank.XXX.1080p.HEVC.x265.PRT.mkv,1
MIFD-468 / MIFD-468.H265.mp4,1
madoubt.com 925686.xyz caribbeancom-042619_903 / madoubt.com 925686.xyz caribbeancom-042619_903.mp4,1
AdultTime.24.07.26.Vanessa.Sky.Vanessa.Vega.Ballsy.Party.Trick.XXX.2160p.MP4-VSEX[XC] / AdultTime.24.07.26.Vanessa.Sky.Vanessa.Vega.Ballsy.Party.Trick.XXX.2160p.mp4,1
Tiffany Thompson.mp4 / Tiffany Thompson.mp4,1
Life.With.Mikey.1993.1080p.AMZN.WEBRip.DDP2.0.x264-SiGMA / Life.With.Mikey.1993.1080p.AMZN.WEB-DL.DD+2.0.H.264-SiGMA.mkv,0
www.UIndex.org    -    Echo Valley 2025 1080p 10bit WEBRip 6CH X265 HEVC-PSA / Echo Valley 2025 1080p 10bit WEBRip 6CH X265 HEVC-PSA.mkv,0
AEW Collision S03E02 FiteTv-Triller 2025-07-19 1080p AVCHD-SC-SDH / AEW Collision S03E02 FiteTv-Triller 2025-07-19 1080p AVCHD-SC-SDH.mp4,0
Acapulco.2021.S03E07.720p.WEB.x265-MiNX[TGx] / Acapulco.2021.S03E07.720p.WEB.x265-MiNX.mkv,0
Madisin Lee.mkv / Madisin Lee.mkv,0
pup_belle_claire_om041415_1080p_12000.mp4 / pup_belle_claire_om041415_1080p_12000.mp4,1
madoubt.com 283886.xyz 1pondo-111123_001 / madoubt.com 283886.xyz 1pondo-111123_001.mp4,1
VEO-073 / hhd800.com@VEO-073.mp4,1
madoubt.com 339986.xyz pacopacomama-080525_100 / madoubt.com 339986.xyz pacopacomama-080525_100.mp4,1
[UHA-WINGS][Kyokou Suiri][09-12END][x264 1080p][CHT] / [UHA-WINGS][Kyokou Suiri][11][x264 1080p][CHT].mp4,0
flipping.bangers.s02e08.vw.beetle.web.h264-gimini[eztv].mkv / flipping.bangers.s02e08.vw.beetle.web.h264-gimini[eztv].mkv,0
Sinners.2025.1080p.iT.WEB-DL.H.264-EniaHD.mkv / Sinners.2025.1080p.iT.WEB-DL.H.264-EniaHD.mkv,0
Tales From The Loop 1 - LostFilm.TV [1080p] / Tales.From.The.Loop.S01E03.1080p.rus.LostFilm.TV.mkv,0
Diablo.2025.720p.WEBRip.x264.AAC.mp4 / Diablo.2025.720p.WEBRip.x264.AAC.mp4,0
Kara.2023.WEB-DL.1080p.ELEKTRI4KA.mkv / Kara.2023.WEB-DL.1080p.ELEKTRI4KA.mkv,0
REBD-690 / REBD-690.mp4,1
童颜巨乳娇俏网红『钱小猫』和粉丝激烈3P啪啪私拍流出 前裹后操 激烈热吻 完美露脸 / 童颜巨乳娇俏网红『钱小猫』和粉丝激烈3P啪啪私拍流出 前裹后操 激烈热吻 完美露脸.mp4,1
Over the Top 1987 BDRip ITA ENG 1080p x265 Paso77.mkv / Over the Top 1987 BDRip ITA ENG 1080p x265 Paso77.mkv,0
RIFG___540_2024 / 01.mp4,1
The.Fugitive.1993.1080p.BluRay.12xRus.Eng.HDCLUB-SbR.mkv / The.Fugitive.1993.1080p.BluRay.12xRus.Eng.HDCLUB-SbR.mkv,0
madoubt.com 259528.xyz heyzo-2829 / madoubt.com 259528.xyz heyzo-2829.mp4,1
FilthyPOV.19.10.04.Lexi.Grey.XXX.720p.HEVC.x265.PRT / FilthyPOV.19.10.04.Lexi.Grey.XXX.720p.HEVC.x265.PRT.mp4,1
madoubt.com 536563.xyz tokyohot-n0246 / madoubt.com 536563.xyz tokyohot-n0246.mp4,1
[PublicAgent] Angel Emily - Multiple orgasms in public toilet (10.05.2018) rq.mp4 / [PublicAgent] Angel Emily - Multiple orgasms in public toilet (10.05.2018) rq.mp4,1
极品反差母狗上海23岁留学生网络红人博主lexis糖果店私拍 / 极品反差母狗上海23岁留学生网络红人博主lexis糖果店私拍.mp4,1
LatinaFuckTour.20.04.15.Katerina.XXX.1080p.HEVC.x265.PRT[XvX] / LatinaFuckTour.20.04.15.Katerina.XXX.1080p.HEVC.x265.PRT.mkv,1
madoubt.com 953239.xyz SILK-172 / madoubt.com 953239.xyz SILK-172.mp4,1
pml.23.12.28.magda.hardcore.40025.mp4 / pml.23.12.28.magda.hardcore.40025.mp4,1
madoubt.com 283886.xyz SDMM-172 / madoubt.com 283886.xyz SDMM-172.mp4,1
IF.(2024).1080p.WEBRip.DDP-5.1.H265-JVC / IF.(2024).1080p.WEBRip.DDP-5.1.H265-JVC.mkv,0
NCIS- Sydney (2023) S02E09- Mango Madness - PrimeWire.mp4 / NCIS- Sydney (2023) S02E09- Mango Madness - PrimeWire.mp4,1
FC2-PPV-3102900 / hhd800.com@FC2-PPV-3102900_1.mp4,1
www.Torrenting.com - Return.To.Paradise.S01E01.1080p.AV1.10bit-MeGusta / Return.To.Paradise.S01E01.1080p.AV1.10bit-MeGusta.mkv,0
[Erai-raws] Hataraku Maou-sama!! Part 2 - 05 [1080p][Multiple Subtitle][C0071B63].mkv / [Erai-raws] Hataraku Maou-sama!! Part 2 - 05 [1080p][Multiple Subtitle][C0071B63].mkv,0
Avatar.The.Way.of.Water.2022.x264.WEB-DL.1080p.mkv / Avatar.The.Way.of.Water.2022.x264.WEB-DL.1080p.mkv,0
️重磅核弹超高颜值！大神【隔壁王某某】付费超燃福利 / ️重磅核弹超高颜值！大神【隔壁王某某】付费超燃福利.mp4,1
The Studio 2025 S01E02 The Oner 720p ATVP WEB-DL DDP5 1 Atmos H 264-RAWR[EZTVx.to].mkv / The Studio 2025 S01E02 The Oner 720p ATVP WEB-DL DDP5 1 Atmos H 264-RAWR[EZTVx.to].mkv,0
The Godfather Coda - The Death of Michael Corleone (1990) (2160p BluRay x265 HEVC 10bit HDR AAC 5.1 Tigole) / The Godfather Coda - The Death of Michael Corleone (1990) (2160p BluRay x265 10bit HDR Tigole).mkv,0
PerfectGirlfriend.24.12.10.Eden.Ivy.French.Goth.Liaison.XXX.480p.MP4-XXX[XC] / perfectgirlfriend.24.12.10.eden.ivy.french.goth.liaison.480p.mp4,1
madoubt.com 268983.xyz fc2ppv-4591969 / madoubt.com 268983.xyz fc2ppv-4591969.mp4,1
The.Ex-wife.S02.WEB.H264-RBB / t.e.s02e04.WEB.H264-RBB.mp4,1
Fun.Mom.Dinner.2017.1080p.BluRay.x264-ROVERS / Fun.Mom.Dinner.2017.1080p.BluRay.x264-ROVERS.mkv,0
Claw (2021) [720p] [WEBRip] [YTS.MX] / Claw.2021.720p.WEBRip.x264.AAC-[YTS.MX].mp4,0
MasterChef.Australia.S17E38.480p.x264-mSD[EZTVx.to].mkv / MasterChef.Australia.S17E38.480p.x264-mSD[EZTVx.to].mkv,0
BACJ-133 / hhd800.com@BACJ-133.mp4,1
madoubt.com 626389.xyz INSTV-512 / madoubt.com 626389.xyz INSTV-512.mp4,1
heyzo-3564 / heyzo-3564.mp4,1
MyFriendsHotGirl.17.01.05.Natasha.Nice.XXX.1080p.MP4-KTR[rarbg] / mfhg.17.01.05.natasha.nice.mp4,1
madoubt.com 623655.xyz caribbeancom-050318_655 / madoubt.com 623655.xyz caribbeancom-050318_655.mp4,1
sone-390ch / sone-390ch.mp4,1
FC2-PPV-1159023.mp4 / FC2-PPV-1159023.mp4,1
云盘高质露脸泄密，旅游社高颜值拜金气质美女导游甘愿做金主小三，各种日常性爱自拍，无套内射 / 云盘高质露脸泄密，旅游社高颜值拜金气质美女导游甘愿做金主小三，各种日常性爱自拍，无套内射.mp4,1
www.SceneTime.com - Greedy People 2024 1080p BluRay x264-OFT / Greedy People 2024 1080p BluRay x264-OFT.mkv,0
The Walking Dead - Temporada 3 [HDTV 1080p][Cap.306][AC3 5.1 Español Castellano] / Walk1080p306-www.newpct.com.mkv,0
170919唯美口活系列喜欢的不要错过92-14 / 170919-14.mp4,1
The Alan Parsons Symphonic Project. Live In Colombia. 2016 (BDRip-720p).mkv / The Alan Parsons Symphonic Project. Live In Colombia. 2016 (BDRip-720p).mkv,0
shejizhen@第一会所@(1pondo)(031215_043)デカマラ 美咲結衣 / (1pondo)(031215_043)デカマラ 美咲結衣.mp4,1
DDHP-010 / DDHP-010.H265.mp4,1
神似杨幂！高颜值露脸台湾反差巨乳女神「波衣Boi」最新订阅，S型窈窕性感身材，联动知名男网黄 / 神似杨幂！高颜值露脸台湾反差巨乳女神「波衣Boi」最新订阅，S型窈窕性感身材，联动知名男网黄.mp4,1
Amateur.Casting.Couch.2-720p.mp4 / Amateur.Casting.Couch.2-720p.mp4,1
Superstore.S04E22.1080p.WEB.x264-worldmkv.mkv / Superstore.S04E22.1080p.WEB.x264-worldmkv.mkv,0
[2011]뿌리깊은나무 01-24 光風 / 뿌리깊은 나무 E24 END 111222 HDTV x264 720p-光風.mkv,0
lazarus.s01e02.dubbed.1080p.web.h264-successfulcrab[EZTVx.to].mkv / lazarus.s01e02.dubbed.1080p.web.h264-successfulcrab[EZTVx.to].mkv,0
Anal-Coach.23.12.19.Martina.Vilaggio.XXX.720p.MP4-COCKiNE[XC] / Anal-Coach.23.12.19.Martina.Vilaggio.XXX.720p.MP4-COCKiNE.mp4,1
hgb.15.03.04.penny.pax.mp4 / hgb.15.03.04.penny.pax.mp4,1
madoubt.com 552629.xyz fc2ppv-2526023 / madoubt.com 552629.xyz fc2ppv-2526023.mp4,1
madoubt.com 293835.xyz 1pondo-030417_493 / madoubt.com 293835.xyz 1pondo-030417_493.mp4,1
Adobe Premiere Pro 2022 v22.3.1 (x64) Pre-Cracked {CracksHash} / resources/carousel/images/01_creativity_for_all_445x239.mp4,1
高颜值极品大奶美艳少妇，超薄肉丝高跟站立后入表情迷人大奶狂甩，调情诱惑跪舔深喉道具 / 高颜值极品大奶美艳少妇，超薄肉丝高跟站立后入表情迷人大奶狂甩，调情诱惑跪舔深喉道具.mp4,1
大三披肩小美女〖冰冰〗和男友逛街来兴致 约战公厕激情啪啪大战求刺激 放到洗手台上抽插猛操 干完后想吃糖 / 大三披肩小美女〖冰冰〗和男友逛街来兴致 约战公厕激情啪啪大战求刺激 放到洗手台上抽插猛操 干完后想吃糖.mp4,1
The.Bondsman.S01E01.1080p.rus.LostFilm.TV.mkv / The.Bondsman.S01E01.1080p.rus.LostFilm.TV.mkv,0
"网调的小妹妹，让她每天拍胸自慰给我看,每天给她发红包 / 网调的小妹妹，让她每天拍胸自慰给我看,每天给她发红包.mp4",1
The.Ministry.of.Ungentlemanly.Warfare.2024.DUB.BDRip.720p.x264.seleZen.mkv / The.Ministry.of.Ungentlemanly.Warfare.2024.DUB.BDRip.720p.x264.seleZen.mkv,0
Wheeler.Dealers.S19E06.WEB.x264-TORRENTGALAXY[TGx] / Wheeler.Dealers.S19E06.WEB.x264-TORRENTGALAXY.mkv,0
Toilet-bound.Hanako-kun.S02E04.Summer.Lights.1080p.CR.WEB-DL.DUAL.AAC2.0.H.264.MSubs-ToonsHub.mkv / Toilet-bound.Hanako-kun.S02E04.Summer.Lights.1080p.CR.WEB-DL.DUAL.AAC2.0.H.264.MSubs-ToonsHub.mkv,0
2022-02-20 Kristy Black (Monster Cock Vs Monster Ass) 1080p.mkv / 2022-02-20 Kristy Black (Monster Cock Vs Monster Ass) 1080p.mkv,0
[BDrip] Mushoku Tensei Isekai Ittara Honki Dasu S01 [343-labs] / Mushoku Tensei Isekai Ittara Honki Dasu S01E06-[1080p][BDRIP][AV1.OPUS].mkv,0
The Summer Hikaru Died (光が死んだ夏) - S01E04 [1080p][x264 10bits][FLAC][Multiple Subtitles]-NeoLX.mkv / The Summer Hikaru Died (光が死んだ夏) - S01E04 [1080p][x264 10bits][FLAC][Multiple Subtitles]-NeoLX.mkv,0
madoubt.com 536282.xyz ADN-424 / madoubt.com 536282.xyz ADN-424.mp4,1
midv-623ch / midv-623ch.mp4,1
Jurassic.World.Rebirth.2025.D.TELECINE.V2_1O8Op.mkv / Jurassic.World.Rebirth.2025.D.TELECINE.V2_1O8Op.mkv,0
"[SpermCocktail.com PornstarNetwork.com 1 of 2] (178 videos) [2006 - 2010] [All Sex, Blowbang, Blowjob, Bukkake, Ebony, Facial, Gonzo, Interracial] SiteRip 480p / V13615_full_h264_1500.mp4",1
 (WEB-DL 1080p) / Vinograd.S01.E03.2025.WEB-DL.1080p.ExKinoRay.mkv,0
SexArt.21.06.09.Capri.Lmonde.Freedom.XXX.1080p.MP4-WRB[rarbg] / sexart.21.06.09.capri.lmonde.freedom.mp4,1
The.Big.Bang.Theory.S12E08.1080p.WEB-DL.DUAL.WWW.COMANDOTORRENTS.COM / The.Big.Bang.Theory.S12E08.1080p.WEB-DL.DUAL.WWW.COMANDOTORRENTS.COM.mkv,0
Child 44 (2015) [1080p] / Child.44.2015.1080p.BluRay.x264.YIFY.mp4,0
madoubt.com 633289.xyz ANKK-068 / madoubt.com 633289.xyz ANKK-068.mp4,1
Mrs Doubtfire (1993) [1080p] / Mrs.Doubtfire.1993.1080p.BrRip.x264.YIFY.mp4,0
heyzo_hd_0893 / heyzo_hd_0893.mp4,1
PattyCake - 50 Shades Of Patty / P.Cake_50.Shades.of.Patt__Zipset.mp4,0
Finestkind (2023) [1080p] [WEBRip] [5.1] [YTS.MX] / Finestkind.2023.1080p.WEBRip.x264.AAC5.1-[YTS.MX].mp4,0
[lost108] BLEACH - Sennen Kessen-hen - 37 - Shadows Gone - VOSTFR - 1080p.mkv / [lost108] BLEACH - Sennen Kessen-hen - 37 - Shadows Gone - VOSTFR - 1080p.mkv,0
Dead Mans Shoes (2004) [1080p] [BluRay] [5.1] [YTS.MX] / Dead.Mans.Shoes.2004.1080p.BluRay.x264.AAC5.1-[YTS.MX].mp4,0
The.Gruffalo.HDTV.720p.zcb.mkv / The.Gruffalo.HDTV.720p.zcb.mkv,0
外站大神最新出品 续！【瑜伽女神嫂子】跟大哥吵架嫂子被打，借机关怀终于啪啪成功 / 外站大神最新出品 续！【瑜伽女神嫂子】跟大哥吵架嫂子被打，借机关怀终于啪啪成功.mp4,1
ALS_2013-08-30_Nude-in-Public_Michaela-Isizzu_by_Als-Photographer-1080.mp4 / ALS_2013-08-30_Nude-in-Public_Michaela-Isizzu_by_Als-Photographer-1080.mp4,1
madoubt.com 886982.xyz HEYZO-800 / madoubt.com 886982.xyz HEYZO-800.mp4,1
0238_女版绿帽 酒后突袭熟睡的女友闺蜜，男的不顾自己女友在一旁熟睡 口交爽到直接中出内射 / 女版绿帽 酒后突袭熟睡的女友闺蜜，男的不顾自己女友在一旁熟睡 口交爽到直接中出内射.mp4,1
Missing 411 The Hunted (2019) [1080p] [WEBRip] [5.1] [YTS.MX] / Missing.411.The.Hunted.2019.1080p.WEBRip.x264.AAC5.1-[YTS.MX].mp4,0
Boss.Level.2020.BDRip.1080p.8xRus.2xUkr.Eng.-HELLYWOOD.mkv / Boss.Level.2020.BDRip.1080p.8xRus.2xUkr.Eng.-HELLYWOOD.mkv,0
Bobbie.Lavender.artporn.lingerie.mp4 / Bobbie.Lavender.artporn.lingerie.mp4,1
DCOL-043_uncensored.mp4 / DCOL-043_uncensored.mp4,1
Gangs of London [HDTV 720p][Cap.305] / Gangs of London [HDTV 720p][Cap.305].mkv,0
ATKGirlfriends.17.12.25.Anissa.Kate.XXX.1080p.MP4-KTR / ATKGirlfriends.17.12.25.Anissa.Kate.XXX.1080p.MP4-KTR/atkgfs.17.12.25.anissa.kate.mp4,1
madoubt.com 258363.xyz caribbeancom-040925_001 / madoubt.com 258363.xyz caribbeancom-040925_001.mp4,1
"Romanzo popolare (1974) (Mario Monicelli) [1080p, x264, AC3][ITA].mkv / Romanzo popolare (1974) (Mario Monicelli) [1080p, x264, AC3][ITA].mkv",0
CXD-010 / CXD-010.mp4,1
madoubt.com 252635.xyz 1pondo-012517_471 / madoubt.com 252635.xyz 1pondo-012517_471.mp4,1
Mr.Robot.S04.COMPLETE.720p.AMZN.WEBRip.x264-GalaxyTV[TGx] / Mr.Robot.S04E05.720p.AMZN.WEBRip.x264-GalaxyTV.mkv,0
madoubt.com 592556.xyz 1pondo-090124_001 / madoubt.com 592556.xyz 1pondo-090124_001.mp4,1
HD_KBI-090 / freedl.org@KBI-090.mp4,1
ManyVids.2023.Bellagold.1.Massive.TittyFuck.Compilation.Vol.2.XXX.1080p.MP4-P2P[XC] / manyvids.2023.bellagold.1.massive.tittyfuck.compilation.vol.2.xxx.mp4,1
Mortal.Kombat.Legends.Scorpions.Revenge.2020.WEBRip.x264-ION10 / Mortal.Kombat.Legends.Scorpions.Revenge.2020.WEBRip.x264-ION10.mp4,0
Parasite.2019.1080p.HDRip.X264.AC3-EVO[TGx] / Parasite.2019.1080p.HDRip.X264.AC3-EVO.mkv,0
きょうの料理ビギナーズ　おかずのタネでラクラク晩ごはん（４）こっくりみそ豚.mp4 / きょうの料理ビギナーズ　おかずのタネでラクラク晩ごはん（４）こっくりみそ豚.mp4,1
Scoreland.15.11.27.Olivia.Jackson.Tits.And.Ass.Superstar.XXX.720p.MP4.KTR / scoreland.15.11.27.olivia.jackson.tits.and.ass.superstar.mp4,1
madoubt.com 382386.xyz KAMEF-097 / madoubt.com 382386.xyz KAMEF-097.mp4,1
[Anistar.org] Kyouhaku Owaranai Ashita - Special Stage [TV-1] - 01 [720p].mp4 / [Anistar.org] Kyouhaku Owaranai Ashita - Special Stage [TV-1] - 01 [720p].mp4,0
[SubsPlease] 86 - Eighty Six - 23 (720p) [8CC18DB8].mkv / [SubsPlease] 86 - Eighty Six - 23 (720p) [8CC18DB8].mkv,0
The.Originals.S01.1080p.TVShows / The.Originals.S01E06.1080p.TVShows.mkv,0
Ludi.X.Pentalogy.BDRip.x264.R.G.AVI.AVC / L.X.2.2003.D.BDRip.x264.potroks.mkv,0
PRED-747 / PRED-747.H265.mp4,1
一刀风月 / 01.1080p.HD国语中字无水印[最新电影www.5266ys.com].mkv,0
[SubsPlease] Wind Breaker - 18 (720p) [5AA1B8DC].mkv / [SubsPlease] Wind Breaker - 18 (720p) [5AA1B8DC].mkv,0
Lost.Gold.of.World.War.II.S02E07.1080p.WEB.h264-TRUMP[ettv] / lost.gold.of.world.war.ii.s02e07.1080p.web.h264-trump[ettv].mkv,0
Belinda Pink & Kloe Dumont - Beautiful Girls Belinda Pink & Kloe Dumont Orgy Intenso. Anal DAP -Dp-DPP Squirt (01.07.2025)_480p.mp4 / Belinda Pink & Kloe Dumont - Beautiful Girls Belinda Pink & Kloe Dumont Orgy Intenso. Anal DAP -Dp-DPP Squirt (01.07.2025)_480p.mp4,1
Coup De Chance (2023) [1080p] [WEBRip] [x265] [10bit] [5.1] [YTS.MX] / Coup.De.Chance.2023.1080p.WEBRip.x265.10bit.AAC5.1-[YTS.MX].mp4,0
madoubt.com 585368.xyz 1pondo-072225_001 / madoubt.com 585368.xyz 1pondo-072225_001.mp4,1
CumFiesta.Pristine.Edge.Pristine.Pussy / pristine.pussy.big.mp4,1
I.Left.my.A-Rank.Party.to.Help.My.Former.Students.Reach.the.Dungeon.Depths.S01E12.The.Golden.Priestess.1080p.B-Global.WEB-DL.JPN.AAC2.0.H.265.MSubs-ToonsHub.mkv / I.Left.my.A-Rank.Party.to.Help.My.Former.Students.Reach.the.Dungeon.Depths.S01E12.The.Golden.Priestess.1080p.B-Global.WEB-DL.JPN.AAC2.0.H.265.MSubs-ToonsHub.mkv,0
stars-343 / stars-343.mp4,1
The.Seventh.Seal.1957.REMASTERED.SWEDISH.1080p.BluRay.H264.AAC-VXT / The.Seventh.Seal.1957.REMASTERED.SWEDISH.1080p.BluRay.H264.AAC-VXT.mp4,0
[AnalTeenAngels] Cindy Dee 1080p [.mp4][PornLeech] / 72085-1080p.mp4,1
Margherita.Regina.del.Nord.2021.Full.HD.1080p.AC3.ITA.DAN.SUB-LFi.mkv / Margherita.Regina.del.Nord.2021.Full.HD.1080p.AC3.ITA.DAN.SUB-LFi.mkv,0
ABP-670 无法动弹的美女强制拘束性交中文字幕 / ABP-670.mp4,1
[期間限定配信版／オマケ動画付き]コスプレ一本勝負vol.170【アヘ顔激潮吹き】イカせすぎたら壊れちゃった！ 首絞めアヘ顔＆オホイキ＆潮吹きまくりながらの閲覧注意セックス！！ / DEC-170.mp4,1
Daun.Haus.2001.DVDRip.AVC.mkv / Daun.Haus.2001.DVDRip.AVC.mkv,0
True.Blood.S05.BDRip.x265-ION265 / True.Blood.S05E03.BDRip.x265-ION265.mp4,1
Wednesday.2024.S02 VOL 2.[Bolly4u.org] WEB-DL Dual Audio 720p 1.6GB.mkv / Wednesday.2024.S02 VOL 2.[Bolly4u.org] WEB-DL Dual Audio 720p 1.6GB.mkv,0
"[Mature.nl  Mature.eu] Celeste (50), Delia (35) (2 mature lesbians sharing their pussies) (20092017) 1080p.mp4 / [Mature.nl  Mature.eu] Celeste (50), Delia (35) (2 mature lesbians sharing their pussies) (20092017) 1080p.mp4",0
Lesbian Training Day 5.mp4 / Lesbian Training Day 5.mp4,1
Banana Fish - AniLibria.TV [HDTV-Rip 720p] / Banana_Fish_[24]_[AniLibria_TV]_[HDTV-Rip_720p].mkv,0
FC2-PPV-2616168 / hhd800.com@FC2-PPV-2616168.mp4,1
AllBlackX.22.02.25.Nadia.Jay.Post.Shower.Showdown.XXX.720p.HEVC.x265.PRT[XvX] / AllBlackX.22.02.25.Nadia.Jay.Post.Shower.Showdown.XXX.720p.HEVC.x265.PRT.mkv,1
Kin-Dza-Dza.1986.HDRip-AVC.ExKinoRay / Kin-Dza-Dza!--1--.1986.HDRip-AVC.ExKinoRay.mkv,0
Ocho Apellidos Catalanes [BluRay 1080p][AC3 5.1 Castellano True HD 5.1-Castellano+Subs][ES-EN] / OchoApellidosCatalanesBD1080.www.newpct1.com.mkv,0
Wolf Hall 1 - LostFilm.TV [1080p] / Wolf.Hall.S01E01.1080p.rus.LostFilm.TV.mkv,0
Abbywinters.com 2022-11 November 1080p / 38852_Emily_W_Solo_master_HD1080.mp4,1
bbe17961-720p.mp4 / bbe17961-720p.mp4,1
kire-048c.2021.JapornX.6000kbps.1080p.x264.ACC-TaoSeJiaZu / kire-048c.mkv,0
Uglymug.Epicfighter.S01E07.Super.Evil.Epicmaster.1080p.BILI.WEB-DL.AAC2.0.H.264-VARYG.mkv / Uglymug.Epicfighter.S01E07.Super.Evil.Epicmaster.1080p.BILI.WEB-DL.AAC2.0.H.264-VARYG.mkv,0
madoubt.com 585368.xyz DASD-319 / madoubt.com 585368.xyz DASD-319.mp4,1
1080p.BackroomCastingCouch.Victoria.18yo.Amateur.Hardcore.Casting.Anal.Creampie.Teen.Toy.Skinny.HighQuality.1080P.FullHD.MeetMyLove.mp4 / 1080p.BackroomCastingCouch.Victoria.18yo.Amateur.Hardcore.Casting.Anal.Creampie.Teen.Toy.Skinny.HighQuality.1080P.FullHD.MeetMyLove.mp4,1
Traición Castellano -Francés +forzados +completos H264-eac3 Web dl hd 1080p / Traición Castellano -Francés +forzados +completos H264-eac3 Web dl hd 1080p.mkv,0
⚫️BBC硬核媚黑，NTR美女骚姐姐【yukiya1201】付费①，肉搏黑人强势大屌，软脚虾男友打辅助 / ⚫️BBC硬核媚黑，NTR美女骚姐姐【yukiya1201】付费①，肉搏黑人强势大屌，软脚虾男友打辅助.mp4,1
InTheCrack.E1580.Veronica.Leal.XXX.720p.HEVC.x265.PRT / InTheCrack.E1580.Veronica.Leal.XXX.720p.HEVC.x265.PRT.mp4,1
帅哥探花只约不嫖【阿南勾搭少妇】御姐老情人深夜寂寞找操 豪乳黑丝娃娃脸 连操两炮无套内射 高清源码录制 / 帅哥探花只约不嫖【阿南勾搭少妇】御姐老情人深夜寂寞找操 豪乳黑丝娃娃脸 连操两炮无套内射 高清源码录制.mp4,1
[SBSUB][CONAN][1162][WEBRIP][1080P][AVC_AAC][CHS_JP](BAEB8547).mp4 / [SBSUB][CONAN][1162][WEBRIP][1080P][AVC_AAC][CHS_JP](BAEB8547).mp4,0
PornBox.23.02.23.Lady.Ana.DAP.And.Fist.Goes.Wet.2on1.BWC.Anal.Fisting.ATM.DAP.ButtRose.Pee.Drink.Squirt.Creampie.Swallow.GL811.XXX.1080p.HEVC.x265.PRT[XvX] / PornBox.23.02.23.Lady.Ana.DAP.And.Fist.Goes.Wet.2on1.BWC.Anal.Fisting.ATM.DAP.ButtRose.Pee.Drink.Squirt.Creampie.Swallow.GL811.XXX.1080p.HEVC.x265.PRT.mkv,1
YY舞社【茹雪】激情艳舞，正常视角，痴汉视角，露脸露奶露逼 / YY舞社【茹雪】激情艳舞，正常视角，痴汉视角，露脸露奶露逼.mp4,1
madoubt.com 835885.xyz fc2ppv-4660060 / madoubt.com 835885.xyz fc2ppv-4660060.mp4,1
리프라이즐 Reprisal.2018.1080.KOR.FHDRip.H264.AAC / 리프라이즐 Reprisal.2018.1080.KOR.FHDRip.H264.AAC.mkv,0
"Young and Beautiful (Vixen) 2016 Split Scenes / Riley Reid, Megan Rain.mp4",0
Lindsey Lee - Curvy Fantasy (05.06.2025)_1080p.mp4 / Lindsey Lee - Curvy Fantasy (05.06.2025)_1080p.mp4,1
dickdrainers_jayden_black_jaydens_bbc_revenge_480p.mp4 / dickdrainers_jayden_black_jaydens_bbc_revenge_480p.mp4,1
CzechSexCasting.20.08.19.Isabella.De.Laa.CZECH.XXX.1080p.MP4-KTR[XC] / czechsexcasting.20.08.19.isabella.de.laa.cz.mp4,1
S.W.A.T.S06E07.HDTV.1080i.x264.DUALAUDiO-4PLAY.mkv / S.W.A.T.S06E07.HDTV.1080i.x264.DUALAUDiO-4PLAY.mkv,0
SisLovesMe.24.11.09.Evie.Christian.XXX.480p.MP4-XXX[XC] / sislovesme.24.11.09.evie.christian.480p.mp4,1
きょうの健康　みんなの「知りたい！」「尿のトラブル」.mp4 / きょうの健康　みんなの「知りたい！」「尿のトラブル」.mp4,1
[ANi] 天穗之咲稻姬 - 13 [1080P][Baha][WEB-DL][AAC AVC][CHT].mp4 / [ANi] 天穗之咲稻姬 - 13 [1080P][Baha][WEB-DL][AAC AVC][CHT].mp4,0
[Erai-raws] Fairy Tail - 100 Years Quest - 24 [720p CR WEB-DL AVC AAC][MultiSub][E081CDFE].mkv / [Erai-raws] Fairy Tail - 100 Years Quest - 24 [720p CR WEB-DL AVC AAC][MultiSub][E081CDFE].mkv,0
DAVK-050.mp4 / DAVK-050.mp4,1
123 / 麻豆三十天/2020.4.18 麻豆三十天特别企划Day09/2020.4.18 麻豆三十天特别企划Day09.mp4,1
Elevation.2024.1080p.BluRay.DD.5.1.x264-MegaPeer.mkv / Elevation.2024.1080p.BluRay.DD.5.1.x264-MegaPeer.mkv,0
NHL.SC.Final.G3.2017.06.03.PIT@NSH.720.60fps.SN.Rutracker.mkv / NHL.SC.Final.G3.2017.06.03.PIT@NSH.720.60fps.SN.Rutracker.mkv,0
Code Realize - Sousei no Himegim - AniLibria.TV [HDTV-Rip 720p] / Code Realize_-_Sousei_no_Himegim_[10]_[AniLibria_Tv]_[HDTV-Rip_720p].mkv,0
muff_madness_big-1080.mp4 / muff_madness_big-1080.mp4,1
AUKG-583 / AUKG-583.mp4,1
Greys.Anatomy.S20E03.HDTV.Subtitulado.Esp.SC.mp4 / Greys.Anatomy.S20E03.HDTV.Subtitulado.Esp.SC.mp4,0
Kadaver.2020.SWESUB.720p.WEB.H264.AAC.Mr_KeFF / K2020.KeFF.mkv,0
IHaveAWife.25.08.26.Sage.Hunter.XXX.480p.MP4-XXX[XC] / ihaveawife.25.08.26.sage.hunter.480p.mp4,1
Shrinking.S02E08.1080p.WEB.H264-SuccessfulCrab[TGx] / shrinking.s02e08.1080p.web.h264-successfulcrab.mkv,0
"Nathalie Cherie Frontside cowgirl POV cumshot compilation, try not to cum.mp4 / Nathalie Cherie Frontside cowgirl POV cumshot compilation, try not to cum.mp4",1
MILFs Anthology.mp4 / MILFs Anthology.mp4,1
[Anime Time] Berserk - Ougon Jidaihen - MEMORIAL EDITION - 09 [1080p][HEVC 10bit x265][AAC][Multi Sub].mkv / [Anime Time] Berserk - Ougon Jidaihen - MEMORIAL EDITION - 09 [1080p][HEVC 10bit x265][AAC][Multi Sub].mkv,0
Che.Part.One.2008.1080p.BluRay.Rus.Eng.HDCLUB.mkv / Che.Part.One.2008.1080p.BluRay.Rus.Eng.HDCLUB.mkv,0
Amateur.2025.Disney+.1080p.WEB-DL.H264.Atmos.SDR.ENG.ESP-CAST.ESP-LAT / Amateur.2025.Disney+.1080p.WEB-DL.H264.Atmos.SDR.ENG.ESP-CAST.ESP-LAT.mkv,0
[uP] One Piece - 10 Strong World (BDRip 1080p x264 AC3 MULTI).mkv / [uP] One Piece - 10 Strong World (BDRip 1080p x264 AC3 MULTI).mkv,0
[VCB-Studio] Hanayamata [Ma10p_1080p] / SPs/[VCB-Studio] Hanayamata [Event][Ma10p_1080p][x265_aac].mkv,0
The.Legend.of.Vox.Machina.S03E06.1080p.WEB.H264-SuccessfulCrab[TGx] / the.legend.of.vox.machina.s03e06.1080p.web.h264-successfulcrab.mkv,0
Civil.War.2024.D.TS.knZ.mkv / Civil.War.2024.D.TS.knZ.mkv,0
Alura Jenson and Piper Perri_720.mp4 / Alura Jenson and Piper Perri_720.mp4,1
火爆网红玩偶姐姐『HongKongDoll』 极致嫩鲍的诱惑 / 火爆网红玩偶姐姐『HongKongDoll』 极致嫩鲍的诱惑.mp4,1
HODV-21595 / hhd800.com@HODV-21595.mp4,1
[Erai-raws] Dororo - 10 [1080p][Multiple Subtitle].mkv / [Erai-raws] Dororo - 10 [1080p][Multiple Subtitle].mkv,0
Oppenheimer.2023.ru-en.1080p.BluRay.x265.10bit.mkv / Oppenheimer.2023.ru-en.1080p.BluRay.x265.10bit.mkv,0
双马尾可爱小母狗【Skinnyboba】小巧身材被大鸡巴顶到子宫里了，毫不吝惜地蹂躏小嫩逼 直接把她干到高潮 / 双马尾可爱小母狗【Skinnyboba】小巧身材被大鸡巴顶到子宫里了，毫不吝惜地蹂躏小嫩逼 直接把她干到高潮.mp4,1
可欲可甜，极品巨乳，可爱萝莉风【鲜奶茶】付费福利，露脸性爱，M腿自慰爆浆，户外露出，母狗属性拉满 / 可欲可甜，极品巨乳，可爱萝莉风【鲜奶茶】付费福利，露脸性爱，M腿自慰爆浆，户外露出，母狗属性拉满.mp4,1
[Eng-Sub] [SubDesu-H] Menkui! - (めんくい ！) Ep.01-02 / [SubDESU-H] Menkui!- 01 [DVDRip 852x480 x264 10bit AC3] [B54E90B8].mkv,0
BrazzersExxtra.25.06.03.Valentina.Nappi.Valentina.Cashes.Out.XXX.1080p.HEVC.x265.PRT / BrazzersExxtra.25.06.03.Valentina.Nappi.Valentina.Cashes.Out.XXX.1080p.HEVC.x265.PRT.mp4,1
Heatwave.2022.720p.WEBRip.AAC2.0.X.264-EVO / Heatwave.2022.720p.WEBRip.AAC2.0.X.264-EVO.mkv,0
Syren De Mer - Internet Technician Seals The Deal With New Customer (12.07.2025)_1080p.mp4 / Syren De Mer - Internet Technician Seals The Deal With New Customer (12.07.2025)_1080p.mp4,0
The Paper Chase S01E12 Bell and Love - DVDRIP H.264 mp4 AAC.mp4 / The Paper Chase S01E12 Bell and Love - DVDRIP H.264 mp4 AAC.mp4,0
[DEVIL-TORRENTS.PL] Chief.of.War.S01E07.PL.Ai.1080p.ATVP.WEB-DL.DDPA5.1.H.264-XuploaD / Chief.of.War.S01E07.PL.Ai.1080p.ATVP.WEB-DL.DDPA5.1.H.264-XuploaD.mkv,0
Stonehearst Asylum_[Eliza.Graves]_2014_BDRip_1080p_[HEVC]_10bit.mkv / Stonehearst Asylum_[Eliza.Graves]_2014_BDRip_1080p_[HEVC]_10bit.mkv,0
清纯素颜小妹露脸想让狼友们的礼物，听指挥脱光了展示，性感的奶子好诱人，掰开逼逼给狼友看，自慰呻吟刺激 / 清纯素颜小妹露脸想让狼友们的礼物，听指挥脱光了展示，性感的奶子好诱人，掰开逼逼给狼友看，自慰呻吟刺激.mp4,1
KonoSuba - An Explosion on This Wonderful World! S01E09 VOSTFR 720p WEB x264 AAC -Tsundere-Raws (CR).mkv / KonoSuba - An Explosion on This Wonderful World! S01E09 VOSTFR 720p WEB x264 AAC -Tsundere-Raws (CR).mkv,0
DevilsFilm.23.06.02.Rachael.Cavalli.And.Chanel.Camryn.XXX.1080p.HEVC.x265.PRT[XvX] / DevilsFilm.23.06.02.Rachael.Cavalli.And.Chanel.Camryn.XXX.1080p.HEVC.x265.PRT.mkv,1
"THE JACKIE GLEASON SHOW -- Millton Berle, George Carlin, and Edie Adams ( 7th Season ) -- edited.mp4 / THE JACKIE GLEASON SHOW -- Millton Berle, George Carlin, and Edie Adams ( 7th Season ) -- edited.mp4",0
09472.Kyoroichi-Believe.amvnews.ru.mp4 / 09472.Kyoroichi-Believe.amvnews.ru.mp4,1
Sententsiya.2020.WEBRip.1080p.ELEKTRI4KA.UNIONGANG.mkv / Sententsiya.2020.WEBRip.1080p.ELEKTRI4KA.UNIONGANG.mkv,0
[Anon]Kamen_Rider_Gavv / [Anon]Kamen_Rider_Gavv_20_HD720_h264[29910088].mp4,1
SisLovesMe.25.08.09.Ava.Davis.XXX.1080p.HEVC.x265.PRT / SisLovesMe.25.08.09.Ava.Davis.XXX.1080p.HEVC.x265.PRT.mp4,1
Bang Bang (2014) [BluRay] [720p] [YTS.AM] / Bang.Bang.2014.720p.BluRay.x264-[YTS.AM].mp4,0
Dream.Productions.S01E04.1080p.rus.LostFilm.TV.mkv / Dream.Productions.S01E04.1080p.rus.LostFilm.TV.mkv,0
The.Big.Bang.Theory.S12E02.1080p.WEB-DL.DUAL.WWW.COMANDOTORRENTS.COM / The.Big.Bang.Theory.S12E02.1080p.WEB-DL.DUAL.WWW.COMANDOTORRENTS.COM.mkv,0
HookupHotshot - CC Doll - Episode 380  1080p.mp4 / HookupHotshot - CC Doll - Episode 380  1080p.mp4,1
【ThZu.Cc】SAWY333 美乳实习生遭上司颜射 / 【ThZu.Cc】SAWY333 美乳实习生遭上司颜射.mp4,1
Brother.Bear.2003.1080p.BluRay.DTS.x264-Skazhutin / Brother.Bear.2003.1080p.BluRay.DTS.x264-Skazhutin.mkv,0
FC2-PPV-2969838 / hhd800.com@FC2-PPV-2969838_1.mp4,1
Black.Hawk.Down.2001.Theatrical.Cut.REPACK.2160p.UHD.BDRemux.TrueHD.Atmos.7.1.HYBRID.DoVi-DVT.mkv / Black.Hawk.Down.2001.Theatrical.Cut.REPACK.2160p.UHD.BDRemux.TrueHD.Atmos.7.1.HYBRID.DoVi-DVT.mkv,0
Dark.S03.GERMAN.1080p.NF.WEBRip.DDP5.1.x264-NTb / Dark.S03E08.1080p.NF.WEBRip.DDP5.1.x264-NTb..RGzsRutracker.mkv,0
"Kanojo, Okarishimasu S4 / Kanojo, Okarishimasu S4 - 02 (720p).mkv",0
Lilith Liber - Skinny Flexi Doll Lilith Liber Gets Ass Destroyed (04.04.2025)_480p.mp4 / Lilith Liber - Skinny Flexi Doll Lilith Liber Gets Ass Destroyed (04.04.2025)_480p.mp4,1
换妻界顶流大神，【爱玩夫妻】【2天2肉棒无限高潮】缠绵的下午 第一集 嗨～你们还记得我和B那次两天一夜的旅程吗？ / 换妻界顶流大神，【爱玩夫妻】【2天2肉棒无限高潮】缠绵的下午 第一集 嗨～你们还记得我和B那次两天一夜的旅程吗？.mp4,1
Somebody Up There Likes Me (1956) [720p] [WEBRip] [YTS.MX] / Somebody.Up.There.Likes.Me.1956.720p.WEBRip.x264.AAC-[YTS.MX].mp4,0
WebYoung.14.08.20.Sara.Luvv.And.Chloe.Foster.Cyber.Celebration.XXX.1080p.MP4-KTR[rarbg] / webyoung.14.08.20.sara.luvv.and.chloe.foster.cyber.celebration.mp4,1
hucows.19.12.07.charlie.ten.new.hucow.mp4 / hucows.19.12.07.charlie.ten.new.hucow.mp4,1
Rockos Modern Life Static Cling (2019) WEBRip 1080p [Ukr.Eng] [simpsonsua.tv].mkv / Rockos Modern Life Static Cling (2019) WEBRip 1080p [Ukr.Eng] [simpsonsua.tv].mkv,0
DIVAS-071 / hhd800.com@DIVAS-071.mp4,1
Xin hai ge ming by_IVAN@190282.mkv / Xin hai ge ming by_IVAN@190282.mkv,1
Bad Girls 4 (1986) 1080 AI.mkv / Bad Girls 4 (1986) 1080 AI.mkv,1
The Last Days Of Pompeii (1935) [1080p] [WEBRip] [YTS.MX] / The.Last.Days.Of.Pompeii.1935.1080p.WEBRip.x264.AAC-[YTS.MX].mp4,0
Nicole Kitt - Skinny Dip 1_1080p.mp4 / Nicole Kitt - Skinny Dip 1_1080p.mp4,1
The.Jim.Jefferies.Show.S03E05.Jim.Goes.On.An.Anti-Poaching.Safari.1080p.AMZN.WEBRip.DDP2.0.x264-NTb[rarbg] / The.Jim.Jefferies.Show.S03E05.Jim.Goes.On.An.Anti-Poaching.Safari.1080p.AMZN.WEB-DL.DDP2.0.H.264-NTb.mkv,0
mshfkimberwoodslevi_1080.mp4 / mshfkimberwoodslevi_1080.mp4,1
Kit 2022.AMZN.WEB-DLRip.AVC.mkv / Kit 2022.AMZN.WEB-DLRip.AVC.mkv,0
Kalte.Fusse.2018.HDTV.x264.AC3.BGAUDiO-SiSO / Kalte.Fusse.2018.HDTV.x264.AC3.BGAUDiO-SiSO.mkv,0
hookuphotshot_lola_mai_episode_281_480p.mp4 / hookuphotshot_lola_mai_episode_281_480p.mp4,1
BlacksOnBlondes - Madison Morgan - Camps On Private Property (19.04.2024) rq.mp4 / BlacksOnBlondes - Madison Morgan - Camps On Private Property (19.04.2024) rq.mp4,1
Dungeons Dragons Honor Among Thieves(2023) 4K.mkv / Dungeons Dragons Honor Among Thieves(2023) 4K.mkv,0
Romeo.Is.Bleeding.1993.AVC-DFM.mkv / Romeo.Is.Bleeding.1993.AVC-DFM.mkv,0
AltErotic.25.04.24.Sexy.Blonde.Scarlett.Synn.Gets.Her.Share.Of.Cock.XXX.480p.MP4-XXX[XC] / alterotic.25.04.24.sexy.blonde.scarlett.synn.gets.her.share.of.cock.480p.mp4,1
www.UIndex.org    -    The Last of Us S02E07 2160p MAX WEB-DL DDP5 1 Atmos DV H 265-Kitsune / The Last of Us S02E07 2160p MAX WEB-DL DDP5 1 Atmos DV H 265-Kitsune.mkv,0
【幻月字幕组】【24年日剧SP】【ke之日的kekeke】【1080P】【中日双语】.mp4 / 【幻月字幕组】【24年日剧SP】【ke之日的kekeke】【1080P】【中日双语】.mp4,1
The.Machine.2013.BRRip.x264.AAC.BGAUDiO-SiSO / The.Machine.2013.BRRip.x264.AAC.BGAUDiO-SiSO.mkv,0
IPZZ-598-UC / IPZZ-598-UC.mp4,1
madoubt.com 259528.xyz 1pondo-050725_001 / madoubt.com 259528.xyz 1pondo-050725_001.mp4,1
女神MsLora啪啪口爆大尺度视图蜜桃臀大长腿 反差婊都是极品超淫荡 / 女神MsLora啪啪口爆大尺度视图蜜桃臀大长腿 反差婊都是极品超淫荡.mp4,1
FC2PPV-4733084 / FC2PPV-4733084-2.mp4,1
Bernie (2011) [1080p] / Bernie.2011.1080p.BRrip.x264.YIFY.mp4,0
Rain Basera (2023) Hindi 1080p WEBRip x265 AAC / Rain Basera E06.mkv,0
JulesJordan.25.04.21.Brandy.Salazar.Salazars.Thick.Latina.Ass.Gets.Worshipped.With.Deep.BBC.Anal.Penetration.XXX.1080p.MP4-P2P[XC] / julesjordan.25.04.21.brandy.salazar.salazars.thick.latina.ass.gets.worshipped.with.deep.bbc.anal.penetration.xxx.mp4,1
SAS.Rogue.Heroes.S01E05.1080p.WEB.h264-REALiTYTV[eztv.re].mkv / SAS.Rogue.Heroes.S01E05.1080p.WEB.h264-REALiTYTV[eztv.re].mkv,0
Death Is My Trade (1977) [720p] [BluRay] [YTS.MX] / Death.Is.My.Trade.1977.720p.BluRay.x264.AAC-[YTS.MX].mp4,0
It's.Always.Sunny.in.Philadelphia.S17E07.720p.10bit.WEBRip.2CH.x265.HEVC-PSA.mkv / It's.Always.Sunny.in.Philadelphia.S17E07.720p.10bit.WEBRip.2CH.x265.HEVC-PSA.mkv,0
TeamSkeetSelects.25.04.02.Compilation.XXX.480p.MP4-XXX[XC] / teamskeetselects.25.04.02.pilation.480p.mp4,1
Thaysa Lopes - Thaysa Lopes Gets Fucked In The Ass By The Oriental Male And Then Smashes His Ass (04.04.2024)_1080p.mp4 / Thaysa Lopes - Thaysa Lopes Gets Fucked In The Ass By The Oriental Male And Then Smashes His Ass (04.04.2024)_1080p.mp4,0
www.Torrenting.com - 1923.S02E03.1080p.AV1.10bit-MeGusta / 1923.S02E03.1080p.AV1.10bit-MeGusta.mkv,0
Poor.Things.2023.Eng.Fre.Ger.Ita.Spa.2160p.WEB.BluRay.Remux.DV.HDR.HEVC.DTS-HD.MA-SGF.mkv / Poor.Things.2023.Eng.Fre.Ger.Ita.Spa.2160p.WEB.BluRay.Remux.DV.HDR.HEVC.DTS-HD.MA-SGF.mkv,0
724NTLR-010 / 724NTLR-010.mp4,1
Ovsjanki.2010.x264.BDRip.1080p.mkv / Ovsjanki.2010.x264.BDRip.1080p.mkv,0
【绝版360】补漏超精彩学生炮房 随便都能让你高潮 年轻就是好睡前一炮醒来继续搞 / 【绝版360】补漏超精彩学生炮房 随便都能让你高潮 年轻就是好睡前一炮醒来继续搞.mp4,1
年轻人真会玩 5男1女疯狂操逼 纤瘦小美女被搞得尖叫不断 高清露脸 / 年轻人真会玩 5男1女疯狂操逼 纤瘦小美女被搞得尖叫不断 高清露脸.mp4,1
"Scream VI (2023),SD.mkv / Scream VI (2023),SD.mkv",1
Girls And Their Boys  5.mp4 / Girls And Their Boys  5.mp4,0
New.Life.2024.720p.AMZN.WEBRip.800MB.x264-GalaxyRG[TGx] / New.Life.2024.720p.AMZN.WEBRip.800MB.x264-GalaxyRG.mkv,0
IQQQ-35 / hhd800.com@IQQQ-35.mp4,1
La.Brea.S03E02.HDTV.x264-TORRENTGALAXY[TGx] / La.Brea.S03E02.HDTV.x264-TORRENTGALAXY.mkv,0
42909171 - Step Daughter in see through nightie gets ass fucked and creampied.mp4 / 42909171 - Step Daughter in see through nightie gets ass fucked and creampied.mp4,1
Emma. (2020) [1080p] [BluRay] [5.1] [YTS.MX] / Emma..2020.1080p.BluRay.x264.AAC5.1-[YTS.MX].mp4,0
www.UIndex.org    -    Poker.Face.2023.S02.1080p.HEVC.x265-MeGusta / Poker.Face.2023.S02.1080p.HEVC.x265-MeGusta.mkv,0
[ OxTorrent.cc ] Max.Steel.2016.FRENCH.720p.BluRay.DTS.x264-UTT.mkv / [ OxTorrent.cc ] Max.Steel.2016.FRENCH.720p.BluRay.DTS.x264-UTT.mkv,0
JUQ-648 / hhd800.com@JUQ-648.mp4,1
Los 100 - Temporada 6 [HDTV 720p][Cap.602][AC3 5.1 Castellano][www.pctnew.com] / Los 100 - Temporada 6 [HDTV 720p][Cap.602][AC3 5.1 Castellano][www.pctnew.com].mkv,0
2023-07-15 【特集ドラマ】満天のゴール - [桜井ユキ、土村芳][FHD.EP01.END.hevc.mkv][字] / 満天のゴール - [FHD@KFMVFR.hevc10_crf 20_p 5][字].mkv,1
赵总寻花 极品艳丽美女 / 赵总寻花 极品艳丽美女.mp4,1
dccdom.com@HSP-0218.肥臀女技師半套服務，舔背毒龍轉服務周到，半脫下黑絲襪69姿勢扣穴 / HSP-0218.肥臀女技師半套服務，舔背毒龍轉服務周到，半脫下黑絲襪69姿勢扣穴.mp4,1
Mommy4K.23.04.20.Elle.XXX.1080p.HEVC.x265.PRT / Mommy4K.23.04.20.Elle.XXX.1080p.HEVC.x265.PRT.mp4,1
SSS級圧倒的美女のデビュー前の秘蔵映像を極秘公開。永久凍結された前作を特別特典として収録。【期間限定】 / SSS級圧倒的美女のデビュー前の秘蔵映像を極秘公開。永久凍結された前作を特別特典として収録。【期間限定】.mp4,1
madoubt.com 835865.xyz fc2ppv-4734296 / madoubt.com 835865.xyz fc2ppv-4734296.mp4,1
新女神降临！令人窒息~【空姐非非】，看美女尿尿，这是憋了多久，直接喷出，惊鸿一现露脸，大美女啊 / 新女神降临！令人窒息~【空姐非非】，看美女尿尿，这是憋了多久，直接喷出，惊鸿一现露脸，大美女啊.mp4,1
Slayed.23.10.17.Octavia.Red.And.Laney.Grey.Octavia.And.Laney.Put.On.Naughty.Fashion.Show.For.You.XXX.720p.HEVC.x265.PRT / Slayed.23.10.17.Octavia.Red.And.Laney.Grey.Octavia.And.Laney.Put.On.Naughty.Fashion.Show.For.You.XXX.720p.HEVC.x265.PRT.mp4,1
Common.Side.Effects.S01.TVShows.WEB-DLRip.(AVC).x264.AC3.-Hqh / Common.Side.Effects.S01E10.Raid.mkv,0
NSPS-869.mp4 / NSPS-869.mp4,1
The.Day.Of.The.Jackal.S01.2024.WEB-DLRip.x264.seleZen / The.Day.Of.The.Jackal.S01E01.WEB-DLRip.x264.seleZen.mkv,0
[DEVIL-TORRENTS.PL] Scheda.S01E01.PL.1080p.HMAX.WEB-DL.H264.DDP5.1-K83 / Scheda.S01E01.PL.1080p.HMAX.WEB-DL.H264.DDP5.1-K83.mkv,0
More Than Miyagi The Pat Morita Story (2021) [1080p] [WEBRip] [YTS.MX] / More.Than.Miyagi.The.Pat.Morita.Story.2021.1080p.WEBRip.x264.AAC-[YTS.MX].mp4,0
Nageki no Bourei wa Intai Shitai [1080] / [SubsPlease] Nageki no Bourei wa Intai shitai - 07 (1080p) [861542EF].mkv,0
人兽合集 / ArtOfZoo Originals2/Veronica - VeronicaFree Chat.mp4,0
Arabelles.Playground.Presents.Arabelle.And.Raquel.Suck.Cock.Together.XXX.480p.MP4-XXX / arabelles.playground.presents.arabelle.and.raquel.suck.cock.together.mp4,1
sone-746ch / sone-746ch.mp4,1
"NTRD-48,.mkv / NTRD-48,.mkv",1
The.Family.Chantel.S05E05.1080p.WEB.h264-EDITH[EZTVx.to].mkv / The.Family.Chantel.S05E05.1080p.WEB.h264-EDITH[EZTVx.to].mkv,0
韩国写真模特leeesovely 性感内衣写真合集 / 韩国写真模特leeesovely 性感内衣写真合集.mp4,1
[Clips4sale.com] - 2021.02.02 - Angel The Dreamgirl - ALL the NAUGHTY Things to HER that NO ONE has Done it to HER Before - part 2(2160p).mp4 / [Clips4sale.com] - 2021.02.02 - Angel The Dreamgirl - ALL the NAUGHTY Things to HER that NO ONE has Done it to HER Before - part 2(2160p).mp4,0
NCIS S22E03 The Trouble with Hal 1080p AMZN WEB-DL DDP5 1 H 264-FLUX[EZTVx.to].mkv / NCIS S22E03 The Trouble with Hal 1080p AMZN WEB-DL DDP5 1 H 264-FLUX[EZTVx.to].mkv,0
Terrifier.3.2024.REMUX.mkv / Terrifier.3.2024.REMUX.mkv,1
Yanka Costa - Yanka Fucks Her Mechanic’s Ass (04.03.2025)_720p.mp4 / Yanka Costa - Yanka Fucks Her Mechanic’s Ass (04.03.2025)_720p.mp4,1
HotBush.14.03.22.Carter.Cruise.Muff.Diving.XXX.1080p.MP4-KTR[rarbg] / hb.14.03.22.carter.cruise.muff.diving.mp4,1
good_girls_gone_bad_big-chkm8te.mp4 / good_girls_gone_bad_big-chkm8te.mp4,1
IPZZ-179-C / IPZZ-179-C.mp4,1
"Sayounara Ryuusei, Konnichiwa Jinsei [WEB-DL CR 1080p AVC AAC] / Sayounara Ryuusei, Konnichiwa Jinsei - 03 [WEB-DL CR 1080p AVC AAC].mkv",0
Training.Day.S01E02.720p.HDTV.X264-DIMENSION / Training.Day.S01E02.720p.HDTV.X264-DIMENSION.mkv,0
Batman-Hush(2019)1080p.BluRay.x264_EN+BG AUDIO.mkv / Batman-Hush(2019)1080p.BluRay.x264_EN+BG AUDIO.mkv,0
"rhythm-romance-1939- / Rhythm Romance 1939 Some Like It Hot (1939) George Archainbaud, Bob Hope, Shirley Ross, Gene Krupa.mp4",1
Transformers La era de la Extincion [MicroHD][1080 px][AC3 5.1-Castellano-AC3 5.1 Ingles+Subs][ES-EN] / TransformersLaeradelaextinciónM1080.www.newpct1.com.mkv,0
madoubt.com 382358.xyz fc2ppv-3049697 / madoubt.com 382358.xyz fc2ppv-3049697.mp4,1
[SubsPlease] One Piece - 1108 (1080p) [E5D8523F].mkv / [SubsPlease] One Piece - 1108 (1080p) [E5D8523F].mkv,0
Big.Mouth.S03.1080p.TVShows / Big.Mouth.S03E00.1080p.TVShows.mkv,0
Cafe Funiculi Funicula (2018) [1080p] [BluRay] [5.1] [YTS.MX] / Cafe.Funiculi.Funicula.2018.1080p.BluRay.x264.AAC5.1-[YTS.MX].mp4,0
玲玲8月27号-8月31号 / 玲玲8月27号/王国.Kingdom.2025.1080P.HDR.37345018.正式版.mp4,1
Valerian.and.the.City.of.a.Thousand.Planets.2017.2160p.HDR_HEVCCLUB.mkv / Valerian.and.the.City.of.a.Thousand.Planets.2017.2160p.HDR_HEVCCLUB.mkv,0
Dil Aur Deewaar.1978.Hindi.480p.AMZN.WeB.DL.AVC.DDP.2.0.DusIcTv / Dil Aur Deewaar.1978.Hindi.480p.AMZN.WeB.DL.AVC.DDP.2.0.DusIcTv.mkv,0
Film.lyubvi.i.anarhii.1973.x264.BDRip.(AVC)-MediaClub.mkv / Film.lyubvi.i.anarhii.1973.x264.BDRip.(AVC)-MediaClub.mkv,0
Babysit My Ass 2 / ps-bsmya2d1.mp4,1
Resurrected.2023.1080p.WEBRip.x265-INFINITY / Resurrected.2023.1080p.WEBRip.x265-INFINITY.mp4,0
What.If.2021.S03E04.What.If.Howard.the.Duck.Got.Hitched.1080p.HEVC.x265-MeGusta[TGx] / What.If.2021.S03E04.What.If.Howard.the.Duck.Got.Hitched.1080p.HEVC.x265-MeGusta.mkv,0
[SubsPlease] Gochuumon wa Usagi Desu ka S3 - 11 (720p) [E2E512DF].mkv / [SubsPlease] Gochuumon wa Usagi Desu ka S3 - 11 (720p) [E2E512DF].mkv,0
FemdomEmpire.14.03.06.Pimped.Out.Bitch.XXX.480p.MP4-XXX / femdomempire.14.03.06.pimped.out.bitch.mp4,1
SUPA-646 / SUPA-646.mp4,1
TmwVRnet_Antonia_Sainz_Hard_3840x1920.mp4 / TmwVRnet_Antonia_Sainz_Hard_3840x1920.mp4,1
2025年04月大神BT最新域名 992393.xyz 约炮大神【狠台北】付费，巨乳女神【苏畅】酒后性情大变，大奶肉臀羞耻甩不停 / 2025年04月大神BT最新域名 992393.xyz 约炮大神【狠台北】付费，巨乳女神【苏畅】酒后性情大变，大奶肉臀羞耻甩不停.mp4,1
[ Torrent911.pw ] Jack.Reacher.2012.TRUEFRENCH.1080p.HDLight.x264.AC3.mkv / [ Torrent911.pw ] Jack.Reacher.2012.TRUEFRENCH.1080p.HDLight.x264.AC3.mkv,0
AntMan(2015)3D-halfOU(Мастер5) (1).mkv / AntMan(2015)3D-halfOU(Мастер5) (1).mkv,1
EvolvedFights.21.08.27.Nadia.White.Vs.Peter.King.XXX.720p.HEVC.x265.PRT / EvolvedFights.21.08.27.Nadia.White.Vs.Peter.King.XXX.720p.HEVC.x265.PRT.mp4,1
HEYZO-2714-FHD / jav20s8.com@heyzo_hd_2714_full.mp4,1
"Elise London - Sexy Redhead British MILF Loves Anal, ATM, And Hot Facials (29.08.2025)_720p.mp4 / Elise London - Sexy Redhead British MILF Loves Anal, ATM, And Hot Facials (29.08.2025)_720p.mp4",1
Infinite.Storm.2022.BDRip.1080p.seleZen.mkv / Infinite.Storm.2022.BDRip.1080p.seleZen.mkv,0
Victoria Season 3 Complete 720p WEB x264 [i_c] / Victoria S03E08 The White Elephant.mkv,0
Used & Abused. Timea Bela manhandled by 4 boys with TAP. ATMDAPANALSUBMISSIONSQUIRTING - NO PUSSY - GIO160.mp4 / Used & Abused. Timea Bela manhandled by 4 boys with TAP. ATMDAPANALSUBMISSIONSQUIRTING - NO PUSSY - GIO160.mp4,1
Gost'.2014.DUAL.BDRip.x264.-HELLYWOOD.mkv / Gost'.2014.DUAL.BDRip.x264.-HELLYWOOD.mkv,0
adn-697 強気な性格でボーイッシュな女友達と精子枯れるまでハメた記録 七海那美 / ADN-697.mp4,1
[AniDub]_Utawarerumono_[BDRip1080p]_[Cuba77] / [AniDub]_Utawarerumono_[15]_[BDRip_1920x1080_x264_Aac]_[Cuba77].mp4,0
Hazure Skill Kinomi Master x265 10bit / [Shiniori-Raws] Hazure Skill Kinomi Master - 08 (BD 1280x720 x265 10bit AAC).mp4,0
Quantum.Apocalypse.2010.720p.BluRay.x264-HD4U / hd4u-qa.720.mkv,0
S-Cute 962_sara_02 / S-Cute 962_sara_02.mp4,1
9-1-1.S08E06.1080p.rus.LostFilm.TV.mkv / 9-1-1.S08E06.1080p.rus.LostFilm.TV.mkv,0
Alpha.Dog.2006.1080p.BluRay.CZ.x264.mkv / Alpha.Dog.2006.1080p.BluRay.CZ.x264.mkv,0
DARK 3ª Temporada (2020) Dublado WEB-DL 720p COMANDO4K.COM / Dark.S03E08.720p.MP4.DUB.COMANDO4K.COM.mp4,0
【小洛宝】超大鸡巴炮机爆菊双插灌肠喷水约炮爆操 / 【小洛宝】超大鸡巴炮机爆菊双插灌肠喷水约炮爆操.mp4,1
madoubt.com 592556.xyz 10musume-101224_01 / madoubt.com 592556.xyz 10musume-101224_01.mp4,1
AnalVids.21.05.02.Julia.North.GIO1818.XXX.480p.MP4-XXX / analvids.21.05.02.julia.north.gio1818.mp4,1
Dr.Brain.S01.1080p.ATVP.WEB-DL.DDP5.1.Atmos.H.264-FLUX_Kyle / Dr.Brain.S01E01.Chapter.1.1080p.ATVP.WEB-DL.DDP5.1.Atmos.H.264-FLUX_Kyle.mkv,0
milfvr_groupie-love-6k-180_180x180_3dh_LR.mp4 / milfvr_groupie-love-6k-180_180x180_3dh_LR.mp4,1
Busamen Gachi Fighter [WEB-DL 1080p] / Busamen Gachi Fighter - 01 [1080p CR WEB-DL AVC AAC}.mkv,0
极品白虎名器01年在校大学生▌米娜学姐 ▌剧情女家教的补课 白丝玉腿阳具速肏蜜穴全程骚语 / 极品白虎名器01年在校大学生▌米娜学姐 ▌剧情女家教的补课 白丝玉腿阳具速肏蜜穴全程骚语.mp4,1
Stop Look And Laugh (1960) [720p] [WEBRip] [YTS.MX] / Stop.Look.And.Laugh.1960.720p.WEBRip.x264.AAC-[YTS.MX].mp4,0
[Erai-raws] Shikanoko Nokonoko Koshitantan - 01 (Repack) [720p][Multiple Subtitle][C0F04E3F].mkv / [Erai-raws] Shikanoko Nokonoko Koshitantan - 01 (Repack) [720p][Multiple Subtitle][C0F04E3F].mkv,0
"The Taste Of Money,2012.1080p.WEBRip.H264.AAC / The Taste Of Money,2012.1080p.WEBRip.H264.AAC.mp4",0
Breaking Bad - Sezon 2 [viola62] / Breaking Bad S02E09 - 4 Days Out [720p.WEB-DL.H.264.AC3] [Lektor PL].mkv,0
Lubed.18.09.21.Gia.Derza.Wet.Bouncing.Booty.XXX.1080p.MP4-KTR[rarbg] / lubed.18.09.21.gia.derza.wet.bouncing.booty.mp4,1
300米自购小狐狸主播 ️-性学课堂-珂珂- ️土豆群真人裸体教学视频 10V，知识大讲堂，开眼界了！ / 300米自购小狐狸主播 ️-性学课堂-珂珂- ️土豆群真人裸体教学视频 10V，知识大讲堂，开眼界了！.mp4,1
"에이리언 커버넌트 Alien Covenant,2017.1080p.KORSUB.WEBRip.H264.AAC / 에이리언 커버넌트 Alien Covenant,2017.1080p.KORSUB.WEBRip.H264.AAC.mp4",0
Poker.Face.2023.S02E05.480p.x264-mSD[EZTVx.to].mkv / Poker.Face.2023.S02E05.480p.x264-mSD[EZTVx.to].mkv,0
www.UIndex.org    -    Survivor S48E12 Icarus Time 1080p AMZN WEB-DL DDP5 1 H 264-Kitsune / Survivor S48E12 Icarus Time 1080p AMZN WEB-DL DDP5 1 H 264-Kitsune.mkv,0
madoubt.com 853823.xyz 1pondo-012823_001 / madoubt.com 853823.xyz 1pondo-012823_001.mp4,1
madoubt.com 825568.xyz 10musume-110223_01 / madoubt.com 825568.xyz 10musume-110223_01.mp4,1
Private.Specials.88.Share.My.Dirty.Fantasy / tbp.pv88.share.mp4,1
HotGuysFuck.17.03.24.Nicholas.Prat.And.Jessica.Gomez.XXX.1080p.MP4-WEIRD[N1C] / hgf.17.03.24.nicholas.prat.and.jessica.gomez[N1C].mp4,1
Cindy.Shine.DP.Gape.Deep.Ass.blowjob.Anal.HighQuality.Brunette.Bigass.Smalltits.r.nCompressed.4K.2160p.https.bigwarp.io.115jcndcexx7.mp4 / Cindy.Shine.DP.Gape.Deep.Ass.blowjob.Anal.HighQuality.Brunette.Bigass.Smalltits.r.nCompressed.4K.2160p.https.bigwarp.io.115jcndcexx7.mp4,1
Enter.the.Dragon.1973.4K.HDR.2160p.BDRemux Ita Eng x265-NAHOM / Enter.the.Dragon.1973.4K.HDR.2160p.BDRemux Ita Eng x265-NAHOM.mkv,0
媚眼撩人小可爱iltalairs付费解锁~沦为富家公子泄欲工具人虽娇小但很耐操 / 媚眼撩人小可爱iltalairs付费解锁~沦为富家公子泄欲工具人虽娇小但很耐操.mp4,1
Laboratory 1980.XviD.TVRip.kosmoaelita (1).mkv / Laboratory 1980.XviD.TVRip.kosmoaelita (1).mkv,1
金屋藏娇阁很漂亮美女乱世佳人 一多自慰大秀 脸蛋漂亮身材白嫩小穴也粉 换了几身制服很诱人 / 金屋藏娇阁很漂亮美女乱世佳人 一多自慰大秀 脸蛋漂亮身材白嫩小穴也粉 换了几身制服很诱人.mp4,1
Una.mujer.fantástica.2017.BDRip.DD2.0.x264.-whip93.mkv / Una.mujer.fantástica.2017.BDRip.DD2.0.x264.-whip93.mkv,0
Jours.Tranquilles.a.Clichy_1990.Bluray-AVC.Remux.mkv / Jours.Tranquilles.a.Clichy_1990.Bluray-AVC.Remux.mkv,0
"Lock,Stock.and.Two.Smoking.Barrels.1998.1080p.mkv / Lock,Stock.and.Two.Smoking.Barrels.1998.1080p.mkv",0
28.Weeks.Later.2007.1080p.BluRay.x265-RARBG / 28.Weeks.Later.2007.1080p.BluRay.x265-RARBG.mp4,0
45287_KristenScott.mp4 / 45287_KristenScott.mp4,1
[Naruto-Kun.Hu] Kami no Tou S2 - 21 [1080p].mkv / [Naruto-Kun.Hu] Kami no Tou S2 - 21 [1080p].mkv,0
madoubt.com 853823.xyz fc2ppv-3596477 / madoubt.com 853823.xyz fc2ppv-3596477.mp4,1
Paige Steele - FUCKING POV WITH BUSTY FAT ASS GIRL PAIGE STEELE.mp4 / Paige Steele - FUCKING POV WITH BUSTY FAT ASS GIRL PAIGE STEELE.mp4,0
"[246porn.com] 39194 A Girl knows - Josephine Jackson, Alessandra Jane and Adel Morel Intense Lesbian Threesome Pool Sex_LetsDoeIt_720p.mp4 / [246porn.com] 39194 A Girl knows - Josephine Jackson, Alessandra Jane and Adel Morel Intense Lesbian Threesome Pool Sex_LetsDoeIt_720p.mp4",1
JUQ-042 / hhd800.com@JUQ-042.mp4,1
New.Tushy.Octokuro.Ivy.Maddox.Anal.Loving.BFFs.Share.A.Cock.01.11.2024.Anal.Hardcore.Artporn.Milf.Bigtits.Threesome.ILUVY.mp4 / New.Tushy.Octokuro.Ivy.Maddox.Anal.Loving.BFFs.Share.A.Cock.01.11.2024.Anal.Hardcore.Artporn.Milf.Bigtits.Threesome.ILUVY.mp4,1
FTHTD-137 / hhd800.com@FTHTD-137.mp4,1
GVH-231 / hhd800.com@GVH-231.mp4,1
Paint.2023.1080p.AMZN.WEBRip.1400MB.DD5.1.x264-GalaxyRG[TGx] / Paint.2023.1080p.AMZN.WEBRip.1400MB.DD5.1.x264-GalaxyRG.mkv,0
推特绝美颜值九头身丝袜高跟美腿名媛网黄主人的玩具「海绵宝宝」「小海绵」OF大尺度性爱私拍 / 推特绝美颜值九头身丝袜高跟美腿名媛网黄主人的玩具「海绵宝宝」「小海绵」OF大尺度性爱私拍.mp4,1
Swhores.25.07.15.Lucka.Petite.XXX.720p.MP4-XXX[XC] / swhores.25.07.15.lucka.petite.720p.mp4,1
Words Of War (2025) [720p] [WEBRip] [YTS.MX] / Words.Of.War.2025.720p.WEBRip.x264.AAC-[YTS.MX].mp4,0
Daredevil.Born.Again.S01E05.720p.rus.LostFilm.TV.mp4 / Daredevil.Born.Again.S01E05.720p.rus.LostFilm.TV.mp4,0
Lilo & Stitch 2 Stitch Has a Glitch (2005) (1080p BluRay x265 HEVC 10bit EAC3 5.1 YOGI) / Lilo & Stitch 2 Stitch Has a Glitch (2005) (1080p BluRay x265 YOGI).mkv,0
【超重磅】约啪大神【Q先森】，良家人妻，学生妹猎物多多，完美露脸，非常给力，多P，3P调教 / 【超重磅】约啪大神【Q先森】，良家人妻，学生妹猎物多多，完美露脸，非常给力，多P，3P调教.mp4,1
Chelovek.Kotoryi.Ubil.Don.Kihota.2018.DUAL.BDRip.720p.-HELLYWOOD.mkv / Chelovek.Kotoryi.Ubil.Don.Kihota.2018.DUAL.BDRip.720p.-HELLYWOOD.mkv,0
[ASW] Tensei Shitara Slime Datta Ken - 52 [1080p HEVC][C2E2384D].mkv / [ASW] Tensei Shitara Slime Datta Ken - 52 [1080p HEVC][C2E2384D].mkv,0
Alone S12E06 Purpose 1080p STAN WEB-DL DD 5 1 H 264-playWEB[EZTVx.to].mkv / Alone S12E06 Purpose 1080p STAN WEB-DL DD 5 1 H 264-playWEB[EZTVx.to].mkv,0
xvideosred.2024.shrooms.q.zane.walker.leaves.my.tight.pussy.dripping.cum.4k.mp4 / xvideosred.2024.shrooms.q.zane.walker.leaves.my.tight.pussy.dripping.cum.4k.mp4,0
Dom.2021.S01.PORTUGUESE.720p.AMZN.WEBRip.DDP5.1.x264-AGLET[rartv] / DOM.S01E02.METAMORPHOSIS.720p.AMZN.WEB-DL.DDP5.1.H.264-AGLET.mkv,0
Hor.WEB-DL.(1080p).lunkin / Hor.10.serya.WEB-DL.(1080p).by.lunkin.mkv,0
BrazzersExxtra.21.07.13.Katie.Kush.And.Kayley.Gunner.Frat.Attack.Part.2.XXX.1080p.HEVC.x265.PRT[XvX] / BrazzersExxtra.21.07.13.Katie.Kush.And.Kayley.Gunner.Frat.Attack.Part.2.XXX.1080p.HEVC.x265.PRT.mkv,1
chanelsantinicandyowhc1_4k.mp4 / chanelsantinicandyowhc1_4k.mp4,0
【TXH】Caribbean012513_494recud / 【TXH】Caribbean012513_494recud.mp4,1
Lustery.E730.Joana.And.Lee.Cummunication.Playing.With.Fire.XXX.720p.HEVC.x265.PRT / Lustery.E730.Joana.And.Lee.Cummunication.Playing.With.Fire.XXX.720p.HEVC.x265.PRT.mp4,1
Pink Floyd The Wall Movie - Music 1982 Eng Subs 1080p [H264-mp4] / Pink Floyd The Wall Movie - Music 1982 Eng Subs 1080p [H264-mp4].mp4,0
2.5 Jigen no Ririsa [1080 x265] / 2.5 Jigen no Ririsa - 01 [1080p x265 10bit].mkv,0
Interlude.in.Prague.2017.1080p.BluRay.x264-GETiT[TGx] / interlude.in.prague.2017.1080p.bluray.x264-getit.mkv,0
Rambo.2008.SWESUB.720p.BluRay.x264-Mr.Stiffy / Rambo.2008.SWESUB.720p.BluRay.x264-Mr.Stiffy.mkv,0
Bloodbath.at.the.House.of.Death.1984.WEB-DL.1080p.mkv / Bloodbath.at.the.House.of.Death.1984.WEB-DL.1080p.mkv,0
Nashville 1975 720p BluRay x264 AC3 - Ozlem / Nashville 1975 720p BluRay x264 AC3 - Ozlem.mp4,0
Kitana Lure - Rocco's Sex Clinic Treatment #16 (19.04.2025)_720p.mp4 / Kitana Lure - Rocco's Sex Clinic Treatment #16 (19.04.2025)_720p.mp4,1
Inferno Of Torture (1969) [1080p] [BluRay] [YTS.MX] / Inferno.Of.Torture.1969.1080p.BluRay.x264.AAC-[YTS.MX].mp4,0
The.UnBelievable.with.Dan.Aykroyd.S02E17.720p.HEVC.x265-MeGusta[EZTVx.to].mkv / The.UnBelievable.with.Dan.Aykroyd.S02E17.720p.HEVC.x265-MeGusta[EZTVx.to].mkv,0
TeamSkeetSelects.24.11.17.Compilation.XXX.720p.HEVC.x265.PRT / TeamSkeetSelects.24.11.17.Compilation.XXX.720p.HEVC.x265.PRT.mp4,1
[Up to 21°C] SHIBUYA♡HACHI - 04 (ABEMA 854x480 AVC AAC MP4) [9522A4BC].mp4 / [Up to 21°C] SHIBUYA♡HACHI - 04 (ABEMA 854x480 AVC AAC MP4) [9522A4BC].mp4,0
GGG - Lia-Louise Ich Schlucke Für Mein Leben Gern_25560_hd1080.mp4 / GGG - Lia-Louise Ich Schlucke Für Mein Leben Gern_25560_hd1080.mp4,1
Mr. Robot (2015) Season 2 S02 + Extras (1080p BluRay x265 HEVC 10bit AAC 5.1 RCVR) / Mr. Robot (2015) - S02E01-E02 - eps2.0_unm4sk-pt1.tc & eps2.0_unm4sk-pt2.tc (1080p BluRay x265 RCVR).mkv,0
BangingBeauties.20.01.30.Cali.Carter.XXX.SD.MP4-KLEENEX / BangingBeauties.20.01.30.Cali.Carter.XXX.SD.MP4-KLEENEX.mp4,1
平价正义.One.Dollar.Lawyer.2022.EP10.HD1080P.X264.AAC.Korean.CHS.BDYS / One.Dollar.Lawyer.2022.EP10.HD1080P.X264.AAC.Korean.CHS.BDYS.mp4,0
PPPE-206-uncensored-HD / PPPE-206-uncensored-nyap2p.com.mp4,1
wanz-984 / wanz-984.mp4,1
[Ex-torrenty.org]The.Blacklist.S10.PL.1080p.WEB-DL.DD5.1.H.264-Ralf.up.mp3de / Th3.B1acklist.S10E10.MULTi.1080p.WEB-DL.H264.DDP5.1-K83.up.mp3de.mkv,0
FIFA.World.Cup.All.The.Goals.Of.Germany.2006.720p.BluRay.x264 / FIFA.World.Cup.All.The.Goals.Of.Germany.2006.720p.BluRay.x264.mkv,0
[WWW.BLUDV.TV] As Viúvas 2019 (1080p) Acesse o ORIGINAL WWW.BLUDV.TV / As.Viúvas.2019.1080p.BluRay.x264.DUAL-WWW.BLUDV.TV.mkv,0
【精品泄密】女朋友吧最新换图流出23套 / 【精品泄密】女朋友吧最新换图流出23套.mp4,1
Fix.2009.1080p.WEBRip.x264-RARBG / Fix.2009.1080p.WEBRip.x264-RARBG.mp4,0
NASH-867 / NASH-867.mp4,1
初代网红绿茶婊，极品平模，三线女演员【王瑞儿】不雅私拍全集，紫薇滴蜡喷水，各种骚话M腿挑逗，脸逼同框 / 初代网红绿茶婊，极品平模，三线女演员【王瑞儿】不雅私拍全集，紫薇滴蜡喷水，各种骚话M腿挑逗，脸逼同框.mp4,1
약한영웅 Class 1.E05.221118.1080p-CJH.mp4 / 약한영웅 Class 1.E05.221118.1080p-CJH.mp4,0
FC2-PPV-2967869a / FC2-PPV-2967869a.mp4,1
[MagicStar] Eye See ~ Shunkan Kioku Sousa Hiiragi-han ~ EP04 [WEBDL] [1080p] [FOD] [JPN_SUB] / Eye.See.Shunkan.Kioku.Sousa.Hiiragi.han.EP04.1080p.FOD.WEB-DL.AAC2.0.H.264-MagicStar.mkv,0
Barbie Fairytopia (2005) [720p] [BluRay] [YTS.MX] / Barbie.Fairytopia.2005.720p.BluRay.x264.AAC-[YTS.MX].mp4,0
GVH-390 / jav20s8.com@GVH-390.mp4,1
the.au.pair.s01e02.720p.web.h264-skyfire[EZTVx.to].mkv / the.au.pair.s01e02.720p.web.h264-skyfire[EZTVx.to].mkv,0
필름시대사랑 Love.And.2015.KOREAN.1080p.AMZN.WEBRip.DDP2.0.x264-CHD / Love.And.2015.1080p.AMZN.WEB-DL.DDP2.0.H.264-CHD.mkv,0
顶点--清纯校园女神，家中下海 ️，晚自习回来悄悄直播赚生活费，吃着零食和哥哥们卖萌，脱裤子揉逼逼发骚！ / 顶点--清纯校园女神，家中下海 ️，晚自习回来悄悄直播赚生活费，吃着零食和哥哥们卖萌，脱裤子揉逼逼发骚！.mp4,1
大神丝雨 老公，你也插她呀，一人插一个。开放老婆拍摄老公干别人，特淫荡的换妻游戏！ / 大神丝雨 老公，你也插她呀，一人插一个。开放老婆拍摄老公干别人，特淫荡的换妻游戏！.mp4,1
Chicago.PD.S08E13.480p.x264-mSD[eztv.re].mkv / Chicago.PD.S08E13.480p.x264-mSD[eztv.re].mkv,0
Bitva.za.Haditu.2007.x264.BDRip.1080p.MediaClub.mkv / Bitva.za.Haditu.2007.x264.BDRip.1080p.MediaClub.mkv,0
Star Trek Discovery - Temporada 4 [HDTV 720p][Cap.405][AC3 5.1 Castellano][www.AtomixHQ.NET] / Star Trek Discovery - Temporada 4 [HDTV 720p][Cap.405][AC3 5.1 Castellano][www.AtomixHQ.NET].mkv,0
Flames 2022 S03 Complete Hindi www.DownloadHub.us 480p Web-DL ESubs / Flames.s03e05.kuch.tum.kaho.kuch.hum.kahein.480p.amzn.web-dl.ddp2.0.h.264-DownloadHub.us.mkv,0
madoubt.com 236953.xyz fc2ppv-1122594 / madoubt.com 236953.xyz fc2ppv-1122594.mp4,1
Mission.Impossible.Fallout.2018.720p.BluRay.x264.AC3-WAR / whmif.mkv,0
ClubSweethearts.22.11.20.Vulva.World.Cup.2022.XXX.SD.MP4-KLEENEX / ClubSweethearts.22.11.20.Vulva.World.Cup.2022.XXX.SD.MP4-KLEENEX.mp4,1
Oderzhimaya.2024.AMZN.WEB-DLRip.AVC.mkv / Oderzhimaya.2024.AMZN.WEB-DLRip.AVC.mkv,0
[AniDub]_Fairy.Tail.100.Years.Quest / Fairy.Tail.100.Years.Quest.s01e02.HD1080p.WEBRip.Rus.AniDub.com.mp4,0
91大神【sexydoll】约炮的都是极品反差婊，学生妹，良家少妇，白领，老师，精彩 / 91大神【sexydoll】约炮的都是极品反差婊，学生妹，良家少妇，白领，老师，精彩.mp4,1
Fighting For The Motherland 2020 1080p BluRay HEVC x265 5.1 BONE.mkv / Fighting For The Motherland 2020 1080p BluRay HEVC x265 5.1 BONE.mkv,0
Lost Colony The Legend Of Roanoke (2007) [720p] [BluRay] [YTS.MX] / Lost.Colony.The.Legend.Of.Roanoke.2007.720p.BluRay.x264.AAC-[YTS.MX].mp4,0
Otrovani - Prljava istina o našoj hrani.mkv / Otrovani - Prljava istina o našoj hrani.mkv,1
madoubt.com 652828.xyz KAMEF-069 / madoubt.com 652828.xyz KAMEF-069.mp4,1
Greys.Anatomy.S21E12.480p.x264-mSD[EZTVx.to].mkv / Greys.Anatomy.S21E12.480p.x264-mSD[EZTVx.to].mkv,0
酒店偷拍高质量情侣开房打炮，红裙冷艳女子，高颜值又高冷 连叫床都高冷的样子，开始干居然没反应 要高潮才叫出来 / 酒店偷拍高质量情侣开房打炮，红裙冷艳女子，高颜值又高冷 连叫床都高冷的样子，开始干居然没反应 要高潮才叫出来.mp4,1
Petite18.22.05.19.Harper.Red.XXX.720p.HEVC.x265.PRT / Petite18.22.05.19.Harper.Red.XXX.720p.HEVC.x265.PRT.mp4,1
Jurassic_World_Rebirth_2025_WEB-DL_2160p.mkv / Jurassic_World_Rebirth_2025_WEB-DL_2160p.mkv,0
YMDD-134.mp4 / YMDD-134.mp4,1
The Pirate Fairy (2014).mkv / The Pirate Fairy (2014).mkv,0
Brazil.Mulher.Procura.Corno.Para.Casar.2003.Sexxxy.XXX.DVDRip / Mulher.Procura.Corno.Para.Casar.mp4,1
Box Truck Sex – Nicole Love.mp4 / Box Truck Sex – Nicole Love.mp4,1
LegalPorno.21.04.23.Natasha.Teen.SZ2663.XXX.480p.MP4-XXX / legalporno.21.04.23.natasha.teen.sz2663.mp4,1
tra0174_caseycalvert.mp4 / tra0174_caseycalvert.mp4,1
BigBootyTGirls.20.03.25.Julia.Alves.Banging.Julias.Big.Badonk.XXX.480p.MP4-XXX / bbt200325juliaalvesbangingjuliasbigbadonk480p.mp4,1
BBI-189_000 / BBI-189_000.mp4,1
[JAV] [Uncensored] Caribbeancom 013120-001 [1080p] / 013120-001-carib-1080p.mp4,1
[SisLovesMe] Alex Coal - Banging Her Bird Box (08.02.2019) rq.mp4 / [SisLovesMe] Alex Coal - Banging Her Bird Box (08.02.2019) rq.mp4,1
amav.xyz_071921-001 / amav.xyz_071921-001.mp4,1
Bangbros - Michele James - Michele James And Her Amazing Big Tits (05.23.19).mp4 / Bangbros - Michele James - Michele James And Her Amazing Big Tits (05.23.19).mp4,0
madoubt.com 229263.xyz 10musume-081224_01 / madoubt.com 229263.xyz 10musume-081224_01.mp4,1
Bron Broen S01 Season 1 SD BluRay AAC x264 / Bron.Broen.S01E02.BDRip.x264.mp4,0
MIAA-595 / MIAA-595.mp4,1
The Incredibles 2 (2018) 1080p AV1 DDP Atmos [UnAV1Chain].mkv / The Incredibles 2 (2018) 1080p AV1 DDP Atmos [UnAV1Chain].mkv,0
World Of BangBros Big Tits 6 / Cristal Caraballo.mp4,0
ADN-406_1K-C / @ob911.cn_ADN-406_C.mp4,1
Confessions.17.10.02.Blair.Williams.And.Summer.Day.My.Nymphomaniac.Roommate.XXX.1080p.MP4-KTR[rarbg] / confessions.17.10.02.blair.williams.and.summer.day.my.nymphomaniac.roommate.mp4,1
Killer.Couples.S16E06.WEB.x264-TORRENTGALAXY[TGx] / Killer.Couples.S16E06.WEB.x264-TORRENTGALAXY.mkv,1
HEYZO-0666-HD / HEYZO-0666-HD.mp4,1
G奶大学生下海！奶子好大~【极品大学生】啪啪！内射，绝品，微微露了下脸，真的赞，这身材看了流口水 / G奶大学生下海！奶子好大~【极品大学生】啪啪！内射，绝品，微微露了下脸，真的赞，这身材看了流口水.mp4,1
Legend Of A Fighter [1982]x264DVDrip(KungFu.Classics) / Legend Of A Fighter [1982]x264DVDrip(KungFu.Classics).mp4,0
madoubt.com 259333.xyz fc2ppv-4731798 / madoubt.com 259333.xyz fc2ppv-4731798.mp4,1
FakeHostel - Bibi Bugatti - Her Morning Routine (22.05.2025) rq.mp4 / FakeHostel - Bibi Bugatti - Her Morning Routine (22.05.2025) rq.mp4,1
Shortys.Dream.Shop.S02E10.1080p.WEB.h264-FREQUENCY[EZTVx.to].mkv / Shortys.Dream.Shop.S02E10.1080p.WEB.h264-FREQUENCY[EZTVx.to].mkv,0
madoubt.com 869659.xyz fc2ppv-4749262 / madoubt.com 869659.xyz fc2ppv-4749262.mp4,1
GangbangCreampie.23.09.11.G387.Macey.Jade.Blowbang.XXX.1080p.MP4-WRB[XvX] / gangbangcreampie.23.09.11.g387.macey.jade.blowbang.mp4,1
入会粉丝团专属91逼芽外翻性感御姐【晓瑜】露脸性爱自拍，各种制服啪啪美女反差小浪蹄子 / 入会粉丝团专属91逼芽外翻性感御姐【晓瑜】露脸性爱自拍，各种制服啪啪美女反差小浪蹄子.mp4,1
[-PrimeCups-] Anissa Kate and Kendra Star 720p / PrimeCups - Anissa Kate and Kendra Star.mp4,0
[AniDub]_Undead.Unluck / Undead.Unluck.s01e01.HD1080p.WEBRip.Rus.AniDub.com.mp4,0
Come.Home.S01E02.720p.HDTV.x264-ORGANiC[rarbg] / Come.Home.S01E02.720p.HDTV.x264-ORGANiC.mkv,0
BrattySis.25.08.29.Lulu.Chu.Dont.Tell.My.Mom.XXX.720p.MP4-XXX[XC] / brattysis.25.08.29.lulu.chu.dont.tell.my.mom.720p.mp4,1
madoubt.com 235352.xyz fc2ppv-1187751 / madoubt.com 235352.xyz fc2ppv-1187751.mp4,1
madoubt.com 668236.xyz GVH-774 / madoubt.com 668236.xyz GVH-774.mp4,1
尾随偷拍 ️蓝色牛仔短裙身高175极品美腿小姐姐白色内内 ️两次抄底一对美女全都外纯内骚透明内隐约露逼 / 尾随偷拍 ️蓝色牛仔短裙身高175极品美腿小姐姐白色内内 ️两次抄底一对美女全都外纯内骚透明内隐约露逼.mp4,1
Joe Kidd (1972).mkv / Joe Kidd (1972).mkv,1
BBC.Torvill.and.Dean.The.Perfect.Day.720p.HDTV.x264.AAC.MVGroup.org.mkv / BBC.Torvill.and.Dean.The.Perfect.Day.720p.HDTV.x264.AAC.MVGroup.org.mkv,0
FC2-PPV-2544853 / FC2-PPV-2544853.H265.mp4,1
Lilo Stitch (2025) BDRemux 1080p Ukr Eng [Hurtom].mkv / Lilo Stitch (2025) BDRemux 1080p Ukr Eng [Hurtom].mkv,0
1001 gram (2014).mkv / 1001 gram (2014).mkv,1
水疗馆来客户女技师全程偷拍，水磨床上乳推磨屁股，按摩舔背舔菊花，全套服务口交上位骑乘猛操 / 水疗馆来客户女技师全程偷拍，水磨床上乳推磨屁股，按摩舔背舔菊花，全套服务口交上位骑乘猛操.mp4,1
04年广西妹妹：你老婆知道你在看这些吗，屁话那么多，他说：你家人知道你这样吗。正做着爱，朋友来敲门，3P淫乱，肏得惨烈！ / 04年广西妹妹：你老婆知道你在看这些吗，屁话那么多，他说：你家人知道你这样吗。正做着爱，朋友来敲门，3P淫乱，肏得惨烈！.mp4,1
Meteor (1979) 1080p h264 Ac3 Ita Eng Sub Eng-MIRCrew.mkv / Meteor (1979) 1080p h264 Ac3 Ita Eng Sub Eng-MIRCrew.mkv,0
Komisaras Reksas S02E07 LTPROF 480p.mp4 / Komisaras Reksas S02E07 LTPROF 480p.mp4,0
FansOne 糖葫芦防身术传人 (happyuncle69) NTR男友的来信邀约 二王一后滴蜡肛交抠喷 / 2048.vip-FansOne 糖葫芦防身术传人 (happyuncle69) NTR男友的来信邀约 二王一后滴蜡肛交抠喷.mp4,1
ELLKee.5.2O16.WEB-DLRip-AVC.by.White Smoke.R.G.Resident.mkv / ELLKee.5.2O16.WEB-DLRip-AVC.by.White Smoke.R.G.Resident.mkv,0
kpkp69.com_mikr010 / kpkp69.com_mikr010.mp4,1
508_chanel_preston_full-hd_480p.mp4 / 508_chanel_preston_full-hd_480p.mp4,1
alsscan.24.09.19.evelyn.payne.house.of.payne.mp4 / alsscan.24.09.19.evelyn.payne.house.of.payne.mp4,0
Gallerymagazine.13.07.15.Justine.Jolie.XXX.MP4-TBP[rarbg] / tbp-gm.130715.justinejolie.mp4,1
火爆网红鹿少女浴室性感情趣高跟被吊着闯红灯下面被干出血了呻吟给力 / 火爆网红鹿少女浴室性感情趣高跟被吊着闯红灯下面被干出血了呻吟给力.mp4,1
Carjackers - Ladri ad alta velocità.2025.1080p.AMZN.WEB-DL.DDP5.1.H.264-FHC.mkv / Carjackers - Ladri ad alta velocità.2025.1080p.AMZN.WEB-DL.DDP5.1.H.264-FHC.mkv,0
FBI.International.S04E17.720p.HEVC.x265-MeGusta[EZTVx.to].mkv / FBI.International.S04E17.720p.HEVC.x265-MeGusta[EZTVx.to].mkv,0
Justified S04E10 720p WEB-DL DD5.1 H.264-HDB [PublicHD] / Justified S04E10 720p WEB-DL DD5.1 H.264.mkv,0
AssParade - Mandy Muse - Big Black Cock for Mandy's Plump Ass / [AssParade] Mandy Muse - Big Black Cock for Mandy's Plump Ass (25.09.2017) tk.mp4,0
Masterclass - RuPaul Teaches Self-Expression and Authenticit / 186-02 - Finding Your Frequency - RuPaul Teaches Self-Expression and Authenticity.mp4,0
【酷吧电影最新首发 www.kubady2.com】乳房与月亮.La.teta.y.la.luna.1995.WEB-Rip.DDP2.0.H264.CHS - 1080P.西班牙语中字.mp4 / 【酷吧电影最新首发 www.kubady2.com】乳房与月亮.La.teta.y.la.luna.1995.WEB-Rip.DDP2.0.H264.CHS - 1080P.西班牙语中字.mp4,0
610.metrů.nad.zemí.BluRay.CZ.2022.1080p.mkv / 610.metrů.nad.zemí.BluRay.CZ.2022.1080p.mkv,0
[ Torrent911.me ] From.S02E07.FRENCH.WEBRip.x264.mp4 / [ Torrent911.me ] From.S02E07.FRENCH.WEBRip.x264.mp4,0
Clown.in.a.Cornfield.2025.720p.WEBRip.x265.DD5.1-TuKCo / Clown.in.a.Cornfield.2025.720p.WEBRip.x265.DD5.1-TuKCo.mkv,0
Perdidos de Amor (Bra-Por) 1996 / PTG/Perdidos de Amor - Capitulo 56 (480p_30fps_H264-128kbit_AAC).mp4,0
HEZ-588 / hhd800.com@HEZ-588.mp4,1
Detectives These Days Are Crazy S01E10 VOSTFR 1080p WEB x264 AAC -Tsundere-Raws (CR).mkv / Detectives These Days Are Crazy S01E10 VOSTFR 1080p WEB x264 AAC -Tsundere-Raws (CR).mkv,0
Ocean's [HEVC] 10bit / Ocean's Twelve BDRip 1080p [HEVC] 10 bit.mkv,0
Severance.S02E07.1080p.WEB-DL.DUAL.5.1 / Severance.S02E07.1080p.WEB-DL.DUAL.5.1.mkv,0
Avery Cristy And Kenna James - Pipes.mp4 / Avery Cristy And Kenna James - Pipes.mp4,1
귀멸의 칼날 유곽편 / 11 END.mkv,1
Godmothered.2020.P.WEB-DL.1O8Op.mkv / Godmothered.2020.P.WEB-DL.1O8Op.mkv,0
OopsFamily - Amber Stark - Pizza With Step-Uncle’s Big Pepperoni (04.10.2024) rq.mp4 / OopsFamily - Amber Stark - Pizza With Step-Uncle’s Big Pepperoni (04.10.2024) rq.mp4,1
fc2-ppv-3056477-HD / fc2-ppv-3056477_2-nyap2p.com.mp4,1
The.Patient.S01.1080p.DSNP.WEBRip.DDP5.1.x264-SMURF[rartv] / The.Patient.S01E10.The.Cantors.Husband.1080p.DSNP.WEB-DL.DDP5.1.H.264-SMURF.mkv,0
X-Men Origins Wolverine (2009) [1080p] / X-Men.Origins.Wolverine.2009.1080p.BrRip.x264.YIFY.mp4,0
Anna de Ville - Hardwerk GangBang (15.07.2025)_1080p.mp4 / Anna de Ville - Hardwerk GangBang (15.07.2025)_1080p.mp4,1
Saw.X.2023.1080p.WEBRip.x265.HEVC.DDP5.1-Kolio / Saw.X.2023.1080p.WEBRip.x265.HEVC.DDP5.1-Kolio.mkv,0
Turmschatten.S01.1080p / Turmschatten.S01E04.1080p.mkv,0
pppe-200 / 4k2.com@pppe-200.mp4,1
Kiara Lord And Lucy - Li Triple-X 1080.mp4 / Kiara Lord And Lucy - Li Triple-X 1080.mp4,0
回上海了 小母狗来机场接机 到家先一顿操！ / 回上海了 小母狗来机场接机 到家先一顿操！.mp4,1
Hazel Moore - Hazel Wants A Load Of Cum (11.01.2024)_1080p.mp4 / Hazel Moore - Hazel Wants A Load Of Cum (11.01.2024)_1080p.mp4,0
AIME-007 / AIME-007B.mp4,1
3.Body.Problem.S01E08.720p.rus.LostFilm.TV.mp4 / 3.Body.Problem.S01E08.720p.rus.LostFilm.TV.mp4,1
PrivateSociety.22.04.26.Athena.Lucky.Member.Fucks.His.Crush.XXX.720p.HEVC.x265.PRT / PrivateSociety.22.04.26.Athena.Lucky.Member.Fucks.His.Crush.XXX.720p.HEVC.x265.PRT.mp4,1
FuckStudies.25.08.12.Molly.Stone.XXX.1080p.MP4-WRB[XC] / fuckstudies.25.08.12.molly.stone.mp4,1
MyDadsHotGirlfriend - Whitney Westgate / MyDadsHotGirlfriend - Whitney Westgate.mp4,1
Prisoners.2013.BluRay.1080p.DTSx264-Talian-.mkv / Prisoners.2013.BluRay.1080p.DTSx264-Talian-.mkv,0
[ Torrent911.in ] The.Penguin.S01E06.VOSTFR.WEBRip.x264.mp4 / [ Torrent911.in ] The.Penguin.S01E06.VOSTFR.WEBRip.x264.mp4,0
The Nail Gun Massacre (1985) / The.Nail.Gun.Massacre.1985.720p.BluRay.x264.YIFY.mp4,0
Bonnie Rotten.mp4 / Bonnie Rotten.mp4,1
Sisters ~Natsu no Saigo no Hi~ Ultra Edition / [ToshiSubs] Sisters ~Natsu no Saigo no Hi~ Ultra Edition - Haruka & Chika 02 [F6B5DED9].mkv,1
[PascalsSubSluts] Cindy Sun - Barbie To The Slaughter (2017-10-12).mp4 / [PascalsSubSluts] Cindy Sun - Barbie To The Slaughter (2017-10-12).mp4,0
Resident.Alien.WEB-DL.1080p.TVShows / Resident.Alien.s01e07.WEB-DL.1080p.mkv,0
madoubt.com 992589.xyz AVSA-377 / madoubt.com 992589.xyz AVSA-377.mp4,1
HND197Cmp4 / HND197Cmp4.mp4,1
madoubt.com 963228.xyz caribbeancom-032420_001 / madoubt.com 963228.xyz caribbeancom-032420_001.mp4,1
Alexa Flexy - Petite Tourist Alexa Flexy Gets All Holes Stretched During No Strings DP Threesome GP3259 (28.06.2025)_720p.mp4 / Alexa Flexy - Petite Tourist Alexa Flexy Gets All Holes Stretched During No Strings DP Threesome GP3259 (28.06.2025)_720p.mp4,1
47 Ronin [MicroHD 1080 px][AC3 5.1-DTS 5.1-Castellano-AC3 5.1 Ingles+Subs][ES-EN] / 47RoninM1080.www.newpct1.com.mkv,0
Anissa Kate - Sunbathing Hottie Anissa Kate Takes A Titty Cumshot After Poolside BBC DP Threesome GP3254 (18.06.2025)_1080p.mp4 / Anissa Kate - Sunbathing Hottie Anissa Kate Takes A Titty Cumshot After Poolside BBC DP Threesome GP3254 (18.06.2025)_1080p.mp4,1
TVBOXNOW 我愛玫瑰園 / TVBOXNOW 我愛玫瑰園 EP106.mp4,1
080225_001-1PON / 080225_001-1PON.H265.mp4,1
Dune Part Two (2024_Eng 7.1-Fre 5.1-Spa 5.1_multisubs_AND EXTRAS_2160p) / Dune Part Two (2024_2160p).mkv,0
Instinct (2018) S02E08 (1080p AMZN WEB-DL x265 HEVC 10bit AC3 5.1 Qman) [UTR] / Instinct.(2018).S02E08.1080p.AMZN.WEB-DL.x265.10bit.EAC3.6.0-Qman[UTR].mkv,0
IPX-516 / IPX-516.mp4,1
How.Its.Made.S26.Special.Top.5.Dirtiest.Jobs.720p.HDTV.x264-DHD[rarbg] / How.Its.Made.S26.Special.Top.5.Dirtiest.Jobs.720p.HDTV.x264-DHD.mkv,0
www.UIndex.org    -    Frieren Beyond Journeys End S01E23 REPACK 1080p CR WEB-DL DUAL DDP2 0 H 264-Kitsune / Frieren Beyond Journeys End S01E23 REPACK 1080p CR WEB-DL DUAL DDP2 0 H 264-Kitsune.mkv,0
Godzilla.vs.Kong.2021.720p.WEBRip.800MB.x264-GalaxyRG[TGx] / Godzilla.vs.Kong.2021.720p.WEBRip.800MB.x264-GalaxyRG.mkv,0
Air Jaws Final Frontier (2023) [720p] [WEBRip] [YTS.MX] / Air.Jaws.Final.Frontier.2023.720p.WEBRip.x264.AAC-[YTS.MX].mp4,0
nbes-065 / nbes-065.mp4,1
FC2-PPV-1170160.mp4 / FC2-PPV-1170160.mp4,1
madoubt.com 399628.xyz pacopacomama-090616_156 / madoubt.com 399628.xyz pacopacomama-090616_156.mp4,1
SSIS-537 / hhd800.com@SSIS-537.mp4,1
[HorribleSubs] Folktales from Japan S2 - 24 [480p].mkv / [HorribleSubs] Folktales from Japan S2 - 24 [480p].mkv,1
Cloud Atlas (2012) / Cloud.Atlas.2012.720p.BrRip.x264.YIFY.mp4,0
LegalPorno - Dakota S18 VG425 (30.11.2024) rq.mp4 / LegalPorno - Dakota S18 VG425 (30.11.2024) rq.mp4,1
COGM-041 / hhd800.com@COGM-041.mp4,1
Teenikini.E89.Chole.Cherry.Three.Bikinis.XXX.1080p.MP4-KTR[XvX] / teenikini.e89.chole.cherry.three.bikinis.mp4,1
【小辉寻花】，20岁兼职学生妹，大奶子，不太敬业被干还看手机，大屌插入干得哇哇叫真是紧 / 【小辉寻花】，20岁兼职学生妹，大奶子，不太敬业被干还看手机，大屌插入干得哇哇叫真是紧.mp4,1
SSIS-674_CH_HD / SSIS-674_CH_HD.mp4,1
【极品稀缺 ️性爱泄密大礼包】百位极品露脸反差母狗性爱甄选 人前端庄女神 人后淫荡母狗 反差女神篇 / 【极品稀缺 ️性爱泄密大礼包】百位极品露脸反差母狗性爱甄选 人前端庄女神 人后淫荡母狗 反差女神篇.mp4,1
Law.And.Order.Organized.Crime.S05E06.1080p.WEB.h264-ETHEL[EZTVx.to].mkv / Law.And.Order.Organized.Crime.S05E06.1080p.WEB.h264-ETHEL[EZTVx.to].mkv,0
[KORSARS]_Ore.dake.Level.Up.na.Ken.S01.WEBRip.1080p.StudioBand / [KORSARS]_Ore.dake.Level.Up.na.Ken.S01E02.WEBRip.1080p.StudioBand.mkv,0
"[LegalPorno] Sofa Weber, Sasha Paige (07.03.2023) rq.mp4 / [LegalPorno] Sofa Weber, Sasha Paige (07.03.2023) rq.mp4",1
madoubt.com 388589.xyz 1pondo-071224_001 / madoubt.com 388589.xyz 1pondo-071224_001.mp4,1
Counterpart.S01E09.1080p.WEB.H264-DEFLATE[rarbg] / Counterpart.S01E09.1080p.WEB.H264-DEFLATE.mkv,0
老公啊你能去死吗03.mp4 / 老公啊你能去死吗03.mp4,1
Bachelor.in.Paradise.S08E11.720p.AMZN.WEBRip.DDP5.1.x264-NTb[TGx] / Bachelor.in.Paradise.S08E11.720p.AMZN.WEB-DL.DDP5.1.H.264-NTb.mkv,0
Shetland [HDTV 720p][cap.108] / Shetland [HDTV 720p][cap.108](wolfmax4k.com).mkv,0
330519_3xplanet_Caribbeancom_111922-001.mp4 / 330519_3xplanet_Caribbeancom_111922-001.mp4,1
Вий.2014_Nataleksa.mkv / Вий.2014_Nataleksa.mkv,1
[ Torrent911.io ] Barbie.2023.FRENCH.720p.WEBRip.x264-RZP.mkv / [ Torrent911.io ] Barbie.2023.FRENCH.720p.WEBRip.x264-RZP.mkv,0
Burning Up (Paradise Film) XXX DVDRip NEW (2013).mp4 / Burning Up (Paradise Film) XXX DVDRip NEW (2013).mp4,1
SDDE-405.mp4 / SDDE-405.mp4,1
madoubt.com 835865.xyz pacopacomama-090721_528 / madoubt.com 835865.xyz pacopacomama-090721_528.mp4,1
O.Continental.Do.Mundo.de.John.Wick.S01E01.1080p.WEB-DL.DUAL.5.1 / O.Continental.Do.Mundo.de.John.Wick.S01E01.1080p.WEB-DL.DUAL.5.1.mkv,0
星辰变.Stellar.Transformation.S06.2025.2160p.WEB-DL.AAC.H265-HDSWEB / 星辰变.Stellar.Transformation.S06E15.2025.2160p.WEB-DL.AAC.H265-HDSWEB.mkv,0
PremiumHDV.10.08.18.Carmen.From.Prague.With.Love.XXX.1080p.MP4-PTWINNERX[rarbg] / phdv-carmen.from.prague.with.love.mp4,1
madoubt.com 299253.xyz 1pondo-032725_001 / madoubt.com 299253.xyz 1pondo-032725_001.mp4,1
Upload.S04.ITA.ENG.1080p.AMZN.WEBRip.AAC.x265-Pir8 / Upload.4x04.Mile.End.ITA.ENG.1080p.AMZN.WEBRip.AAC.x265-Pir8.mkv,0
推油系列175 新客全程露脸经常失眠的四川美少妇找推油少年推油美容养颜被无套内射 / 推油系列175 新客全程露脸经常失眠的四川美少妇找推油少年推油美容养颜被无套内射.mp4,1
Revolution.S01.720p.x265-ZMNT / Revolution.S01E02.720p.x265-ZMNT.mkv,0
SSC8.mp4 / SSC8.mp4,1
Yellowstone.2018.S01E09.WEBRip.x264-TBS[eztv].mkv / Yellowstone.2018.S01E09.WEBRip.x264-TBS[eztv].mkv,0
www.TamilRockers.ws - Pichaikkaran (2016)Tamil 1080p True HD AVC x264 - UNTOUCHED - 3.6GB.mkv / www.TamilRockers.ws - Pichaikkaran (2016)Tamil 1080p True HD AVC x264 - UNTOUCHED - 3.6GB.mkv,0
"The.Platform.(2019) - (озвуч. В одне рило(2-во голоска)) / The.Platform.2019.iNTERNAL.1080p.WEB.H264-SECRECY (Ukr, Spa; Sub Ukr,Eng).mkv",0
madoubt.com 326992.xyz pacopacomama-111222_737 / madoubt.com 326992.xyz pacopacomama-111222_737.mp4,1
[EMBER] Sentai Dai Shikkaku - 02.mkv / [EMBER] Sentai Dai Shikkaku - 02.mkv,1
JAVHub.20.09.17.Miho.Miyazawa.gets.Fucked.at.her.Interview.JAPANESE.XXX.720p.HEVC.x265.PRT[XvX] / JAVHub.20.09.17.Miho.Miyazawa.gets.Fucked.at.her.Interview.JAPANESE.XXX.720p.HEVC.x265.PRT.mkv,1
Necessary Roughness. WEB-DL 1080p.mkv / Necessary Roughness. WEB-DL 1080p.mkv,0
ALSAngels.23.06.08.Monika.May.Photoshoot.XXX.1080p.MP4-WRB[XC] / alsangels.23.06.08.monika.may.photoshoot.1080p.mp4,1
[MissaX]Bree Daniels - The Gentleman pt. 2 [07.16.19].mp4 / [MissaX]Bree Daniels - The Gentleman pt. 2 [07.16.19].mp4,0
VG349_Katrin Fox (2024-03-08) 720p.mp4 / VG349_Katrin Fox (2024-03-08) 720p.mp4,0
GotFilled.23.02.02.Demi.Morgan.XXX.480p.MP4-XXX / gotfilled.23.02.02.demi.morgan.mp4,1
Brenda Starr.mkv / Brenda Starr.mkv,0
FC2-PPV-1182277 / FC2-PPV-1182277_1.mp4,1
American Beauty .mkv / American Beauty .mkv,0
Under.suspicion.2000.1080p.BDRip.AV1-DiN / Under.suspicion.2000.1080p.BDRip.AV1-DiN.mkv,0
极品反差婊 高颜值模特下海给老鸨发私密视频让她来拉皮条，没想到意外流出，外表楚楚动人，内心却风骚无比 / ri.bi-极品反差婊 高颜值模特下海给老鸨发私密视频让她来拉皮条，没想到意外流出，外表楚楚动人，内心却风骚无比.mp4,1
Vmeste navsegda.by.mjjhec / Vmeste navsegda.14 seriya.2020.HDTVRip.mp4,0
Stripchat站，日本美女小姐姐【N0Ao0】高颜值美乳，无毛骚穴，按摩器震动流白浆 / Stripchat站，日本美女小姐姐【N0Ao0】高颜值美乳，无毛骚穴，按摩器震动流白浆.mp4,1
Harley Quinn S03 (360p re-webrip) / Harley Quinn S03E09 Climax at Jazzapajizza.mp4,0
Rectify - Temporada 3 [HDTV 720p][Cap.304][AC3 5.1 Español Castellano] / Rect304720p [www.newpct1.com].mkv,0
El manipulador [HDTV 720p][Cap.107](wolfmax4k.com) / El manipulador [HDTV 720p][Cap.107](wolfmax4k.com).mkv,0
115544.xyz SDAM-112 / 115544.xyz SDAM-112.mp4,1
[SexyHub] - Facesitting Pussy Eating Babes - Lesbea [KTR].ss / [SexyHub] - Facesitting Pussy Eating Babes - Lesbea [KTR].ss.mp4,1
[ Torrent911.rs ] Chicago.Fire.S12E05.FRENCH.1080p.AMZN.WEB-DL.H264-AwA / Chicago.Fire.S12E05.FRENCH.1080p.AMZN.WEB-DL.H264-AwA.mkv,0
The.Last.Dance.2024.1080p.BluRay.x264-WiKi / The.Last.Dance.2024.1080p.BluRay.x264-WiKi.mkv,0
【极品稀缺 ️大开眼界】 家庭摄像头 超清晰近视角大陆内地摄像头破解 近距离各种姿势操骚货老婆情人 好刺激 / 【极品稀缺 ️大开眼界】 家庭摄像头 超清晰近视角大陆内地摄像头破解 近距离各种姿势操骚货老婆情人 好刺激.mp4,1
FamilyStrokes.22.02.17.Alex.Coal.The.Secret.Job.XXX.720p.WEB.x264-GalaXXXy[XvX] / FamilyStrokes.22.02.17.Alex.Coal.The.Secret.Job.XXX.720p.WEB.x264-GalaXXXy.mkv,1
natty2_gfdressfullbodymassagetoppingbareback-HD-001-by-am.mp4 / natty2_gfdressfullbodymassagetoppingbareback-HD-001-by-am.mp4,1
The 4 Rascals (2025) [1080p] [WEBRip] [5.1] [YTS.MX] / The.4.Rascals.2025.1080p.WEBRip.x264.AAC5.1-[YTS.MX].mp4,0
Nebulous Dark (0000) [720p] [WEBRip] [YTS.MX] / Nebulous.Dark.0000.720p.WEBRip.x264.AAC-[YTS.MX].mp4,0
OnlyFans.2023.Esperanza.Gomez.And.Max.Fills.XXX.720p.MP4-XXX[XC] / onlyfans.2023.esperanza.gomez.and.max.fills.xxx.mp4,1
bddavr-001 / bddavr-001.mp4,1
Binan.Koukou.Chikyuu.Bouei-bu.Haikara.S01E07.1080p.AMZN.WEB-DL.JPN.DDP2.0.H.264-ToonsHub.mkv / Binan.Koukou.Chikyuu.Bouei-bu.Haikara.S01E07.1080p.AMZN.WEB-DL.JPN.DDP2.0.H.264-ToonsHub.mkv,0
madoubt.com 868985.xyz fc2ppv-1035070 / madoubt.com 868985.xyz fc2ppv-1035070.mp4,1
FC2-PPV-3173130 / FC2-PPV-3173130.H265.mp4,1
Uno.Koichiro.no.nurete.noru.AKA.Wet.and.Wild.1982.720p.AAC.x264.Rus.sub.mkv / Uno.Koichiro.no.nurete.noru.AKA.Wet.and.Wild.1982.720p.AAC.x264.Rus.sub.mkv,0
11860.kalink.and.MagicDarkLight.and.Li0n.and.Fobos.and.Danny.Amv.and.TakeshiAMV-SAIKURON.amvnews.ru.mp4 / 11860.kalink.and.MagicDarkLight.and.Li0n.and.Fobos.and.Danny.Amv.and.TakeshiAMV-SAIKURON.amvnews.ru.mp4,1
Mickey.17.2025.1080p.WebRip.HEVC.X265-RMT.mkv / Mickey.17.2025.1080p.WebRip.HEVC.X265-RMT.mkv,0
300.2006.BDRip.1080p.Rus.Eng.mkv / 300.2006.BDRip.1080p.Rus.Eng.mkv,0
A Christmas Teen Hangover / a-christmas-teen-hangover-scene-5.1080p.mp4,1
madoubt.com 389569.xyz AQSH-065 / madoubt.com 389569.xyz AQSH-065.mp4,1
Frozen.(Lokalizovannuy videoryad).2013.BDRip.x264.800x.rip by Frost O.S.mp4 / Frozen.(Lokalizovannuy videoryad).2013.BDRip.x264.800x.rip by Frost O.S.mp4,0
Bride of Chucky (1998) [1080p] / Bride.of.Chucky.1998.1080p.BluRay.x264.YIFY.mp4,0
Torrent Sheril Blossom 2 / Sheril Blossom 2 Bukkake 18.11.09..mp4,1
madoubt.com 985925.xyz heyzo-3165 / madoubt.com 985925.xyz heyzo-3165.mp4,1
2011 / Coronation Street 2011-07-14~/Coronation Street 14th July 2011 - HD 720p.mp4,0
HD_ZEX-409 / freedl.org@ZEX-409.mp4,1
That Time I Got Reincarnated as a Slime S03E11 VOSTFR 1080p WEB x264 AAC -Tsundere-Raws (CR).mkv / That Time I Got Reincarnated as a Slime S03E11 VOSTFR 1080p WEB x264 AAC -Tsundere-Raws (CR).mkv,0
Teenies_Julia_en_Zela_geven_een_sexfeest.mp4 / Teenies_Julia_en_Zela_geven_een_sexfeest.mp4,1
(GMA-041) Muto Ayaka - Bondage training wife (720p).mp4 / (GMA-041) Muto Ayaka - Bondage training wife (720p).mp4,1
IMAX.Chronos.1985.1080p.BRrip.x264.AAC.MVGroup.Forum.mkv / IMAX.Chronos.1985.1080p.BRrip.x264.AAC.MVGroup.Forum.mkv,0
"webyoung_pornolab.net / Megan Salinas, Veronika - Summer Fun_22032.mp4",1
Beauty.And.The.Beast.2017.720p.BluRay.x265.HEVC.DTS-WAR / whbatbeastt.mkv,0
NubileFilms.25.07.07.Katie.Kush.And.Melody.Marks.Just.Like.College.XXX.1080p.HEVC.x265.PRT / NubileFilms.25.07.07.Katie.Kush.And.Melody.Marks.Just.Like.College.XXX.1080p.HEVC.x265.PRT.mp4,1
MIDV-746-C_GG5 / gg5.co@MIDV-746-C_GG5.mp4,1
MIDE-022-uncensored-HD / MIDE-022-uncensored-nyap2p.com.mp4,1
Day of the Fight 1951 720p HDRip Flac Sub Ita Eng Esp x265-NAHOM / Day of the Fight 1951 720p HDRip Flac Sub Ita Eng Esp x265-NAHOM.mkv,0
MKMP-625CX / MKMP-625CX.mp4,1
metartx.22.03.08.purr.simona.spy.on.me.4k.mp4 / metartx.22.03.08.purr.simona.spy.on.me.4k.mp4,1
Alissa Foxy & Ellie Luna - Love By The Pool 01.02.2023_1080p.mp4 / Alissa Foxy & Ellie Luna - Love By The Pool 01.02.2023_1080p.mp4,0
Entrevias - Temporada 2 [HDTV 720p][Cap.206][AC3 5.1 Castellano][www.AtomixHQ.TEL] / Entrevias - Temporada 2 [HDTV 720p][Cap.206][AC3 5.1 Castellano][www.AtomixHQ.TEL].mkv,0
Snovidenija.1999.WEBRip.1080p.mkv / Snovidenija.1999.WEBRip.1080p.mkv,0
007.Casino.Royale.2006.BDRip.1080p.x264.AVC / 007.Casino.Royale.2006.BDRip.1080p.x264.AVC.mkv,0
USBA-024.mp4 / USBA-024.mp4,1
RealWifeStories.22.08.31.Rachel.Starr.An.Extramarital.Affair.XXX.SD.MP4-KLEENEX / RealWifeStories.22.08.31.Rachel.Starr.An.Extramarital.Affair.XXX.SD.MP4-KLEENEX.mp4,1
[ Torrent911.eu ] Sidonie.Au.Japon.2024.French.WEBRIP.mp4 / [ Torrent911.eu ] Sidonie.Au.Japon.2024.French.WEBRIP.mp4,0
gvh-493 / gvh-493.mp4,1
tushy.17.02.25.alyssa.cole[tk][480p].mp4 / tushy.17.02.25.alyssa.cole[tk][480p].mp4,1
校花为了赚钱拼了【猪猪女孩】喊来舔狗干她穿上白丝舔脚无套内射极品反差小淫娃 / 校花为了赚钱拼了【猪猪女孩】喊来舔狗干她穿上白丝舔脚无套内射极品反差小淫娃.mp4,1
Sirina.140th.Amateur.My.Son's.Best.Friend.Greek.Porn.2017 / Sirina.140th.Amateur.My.Son's.Best.Friend.Greek.Porn.2017.mp4,1
Udemy - Create Viral AI Video Using ChatGPT For Affiliate Marketing / 10 Complete Video Editing with AI.mp4,0
Jennifer White (Scene 1 from ''Butts 101'') Cocaine.mp4 / Jennifer White (Scene 1 from ''Butts 101'') Cocaine.mp4,1
SUPERNATURAL EXTRAS SEASONS 4-10 BDRemux 1080p by Stiles RG SerialS / Supernatural Season 10 A Very Special Supernatural Special BDRemux 1080p Rus Eng Subs by by Stiles RG SerialS.mkv,0
BrazzersExxtra.21.06.30.Natasha.Nice.Window.Licking.Double.Dicking.XXX.720p.HEVC.x265.PRT / BrazzersExxtra.21.06.30.Natasha.Nice.Window.Licking.Double.Dicking.XXX.720p.HEVC.x265.PRT.mp4,1
Lilo.i.Stich.2025.Pk2.TELECINE.1O8Op.mkv / Lilo.i.Stich.2025.Pk2.TELECINE.1O8Op.mkv,1
The Recruit (2003) / The.Recruit.2003.720p.BrRip.x264.YIFY.mp4,0
SEAL.Team.S07E01.720p.HEVC.x265-MeGusta[EZTVx.to].mkv / SEAL.Team.S07E01.720p.HEVC.x265-MeGusta[EZTVx.to].mkv,0
"341.DoctorAdventures - Kissa Sins, Pristine Edge / DoctorAdventures - Kissa Sins, Pristine Edge (Peep Show Nurses)_480p.mp4",1
MommysGirl.24.05.25.Reagan.Foxx.And.Kimmy.Kimm.XXX.2160p.MP4-WRB[XC] / mommysgirl.24.05.25.reagan.foxx.and.kimmy.kimm.4k.mp4,1
Guns.Up.2025.1080p.WEBRip.LAT.DUB.1XBET.mp4 / Guns.Up.2025.1080p.WEBRip.LAT.DUB.1XBET.mp4,0
Vina And Kenzie Are Anal Sweethearts [09.26.19][HD].mp4 / Vina And Kenzie Are Anal Sweethearts [09.26.19][HD].mp4,1
Pussika_ / 18onlygirls.com-Liya_Double_Orgasm_HD.mp4,1
EvilAngel.21.12.09.Yumi.Sin.XXX.720p.MP4-XXX / evilangel.21.12.09.yumi.sin.720p.mp4,1
www.Torrenting.com - Invisible.2024.S01E02.1080p.WEB.h264-EDITH / Invisible.2024.S01E02.1080p.WEB.h264-EDITH.mkv,1
Foundation.S03E04.480p.x264-mSD[EZTVx.to].mkv / Foundation.S03E04.480p.x264-mSD[EZTVx.to].mkv,0
Kara_no_Kyoukai_3_Tsuukaku_Zanryuu_[AniLibria_TV]_[BDRip_1080p_HEVC].mkv / Kara_no_Kyoukai_3_Tsuukaku_Zanryuu_[AniLibria_TV]_[BDRip_1080p_HEVC].mkv,0
TVBOXNOW 宮 / TVBOXNOW 宮 EP26.mp4,1
paraphilia51.com / Cum On Command.mp4,0
[ Torrent911.ac ] Constellation.S01E06.FRENCH.WEBRip.x264.mp4 / [ Torrent911.ac ] Constellation.S01E06.FRENCH.WEBRip.x264.mp4,0
"투게더 Together, 2025.1080p.KORSUB.WEBRip.H264.AAC / 투게더 Together, 2025.1080p.KORSUB.WEBRip.H264.AAC.mkv",0
czechsexcasting.e185.luna.dark.mp4 / czechsexcasting.e185.luna.dark.mp4,1
082217-484-carib-whole.mp4 / 082217-484-carib-whole.mp4,1
The.Boss.Baby.Back.in.the.Crib.S01.720p.NF.WEBRip.DDP5.1.x264-SMURF[eztv.re] / The.Boss.Baby.Back.in.the.Crib.S01E05.Turf.War.720p.NF.WEB-DL.DDP5.1.x264-SMURF[eztv.re].mkv,0
BBC Earths Natural Wonders 3 of 3 7th Mar 2018 1920x1080 (Deep61) [WWRG] / BBC Earths Natural Wonders 3 of 3 7th Mar 2018 1920x1080 (Deep61) [WWRG].mp4,0
MissaX.24.05.22.Layla.Jenner.Bachelorette.Pt.1.XXX.2160p.MP4-P2P[XC] / missax.24.05.22.layla.jenner.bachelorette.pt.1.xxx.mp4,1
SexMex.21.07.13.Galidiva.Her.Step-Son.Is.Scared.Of.Thunders.XXX.1080p.HEVC.x265.PRT / SexMex.21.07.13.Galidiva.Her.Step-Son.Is.Scared.Of.Thunders.XXX.1080p.HEVC.x265.PRT.mp4,1
闻姐姐黑jio / 闻姐姐黑jio.mp4,1
Strike 1 - LostFilm.TV [1080p] / Strike.S01E04.1080p.rus.LostFilm.TV.mkv,0
Action.USA.1989.1080p.BluRay.x264.DTS-MaG / Action.USA.1989.1080p.BluRay.x264.DTS-MaG.mkv,0
[Yaoi801 Fansub] Quan Zhi Gao Shou - The King’s Avatar 2 - Episodio 6 [Sub Ita] [1080p x264 AAC].mp4 / [Yaoi801 Fansub] Quan Zhi Gao Shou - The King’s Avatar 2 - Episodio 6 [Sub Ita] [1080p x264 AAC].mp4,0
MIDV-176.mp4 / MIDV-176.mp4,1
Father To Son (2018) [720p] [BluRay] [YTS.MX] / Father.To.Son.2018.720p.BluRay.x264.AAC-[YTS.MX].mp4,0
[HorribleSubs] Grisaia no Rakuen - 09 [720p].mkv / [HorribleSubs] Grisaia no Rakuen - 09 [720p].mkv,0
HeavyOnHotties.19.05.17.Caroline.De.Jaie.Two.Jets.XXX.1080p.MP4-KTR[N1C] / hotties.19.05.17.caroline.de.jaie.two.jets[N1C].mp4,1
MIMK-151 / MIMK-151.H265.mp4,1
FC2-PPV-4137624 / FC2-PPV-4137624.mp4,1
madoubt.com 252832.xyz fc2ppv-1480904 / madoubt.com 252832.xyz fc2ppv-1480904.mp4,1
中港台未删减三级片性爱裸露啪啪553部甄选 港台电影《香港奇案之吸血贵利王》 / 中港台未删减三级片性爱裸露啪啪553部甄选 港台电影《香港奇案之吸血贵利王》.mp4,1
Clips4Sale.2023.Ruby.Onyx.Two.Horny.Hot.Wives.Creampied.By.Two.Hung.Bulls.XXX.1080p.HEVC.x265.PRT / Clips4Sale.2023.Ruby.Onyx.Two.Horny.Hot.Wives.Creampied.By.Two.Hung.Bulls.XXX.1080p.HEVC.x265.PRT.mp4,1
Cannibal.2013.1080p.BDRip.AV1-DiN / Cannibal.2013.1080p.BDRip.AV1-DiN.mkv,0
"온리 더 브레이브 (초고화질) Only the Brave,2017.1080p.KOR.FHDRip.H264.AAC-REEL.mp4 / 온리 더 브레이브 (초고화질) Only the Brave,2017.1080p.KOR.FHDRip.H264.AAC-REEL.mp4",0
Wolf.Man.P.2025.WEB-DLRip-AVC.mkv / Wolf.Man.P.2025.WEB-DLRip-AVC.mkv,0
[SubsPlease] Lycoris Recoil - Friends are thieves of time. - 05 (720p) [935BA21A].mkv / [SubsPlease] Lycoris Recoil - Friends are thieves of time. - 05 (720p) [935BA21A].mkv,0
Exploding.Kittens.2024.WEB-DL.1080p.[Hurtom] / Exploding.Kittens.2024.S01E02.Tartar Recall.mkv,0
The.Matrix.1999.1080p.10bit.BluRay.6CH.x265.HEVC-PSA / The.Matrix.1999.1080p.10bit.BluRay.6CH.x265.HEVC-PSA.mkv,0
High Society (1956) [720p] [BluRay] [YTS.MX] / High.Society.1956.720p.BluRay.x264.AAC-[YTS.MX].mp4,0
The Boy That Never Was 2024 S01 720p WEB-DL HEVC x265 BONE / The Boy That Never Was 2024 S01E03 720p WEB-DL HEVC x265 BONE.mkv,0
STARS-836.HD / STARS-836~nyap2p.com.mp4,1
PropertySex.23.08.04.Aria.Valencia.Stress.Reliever.XXX.720p.HEVC.x265.PRT / PropertySex.23.08.04.Aria.Valencia.Stress.Reliever.XXX.720p.HEVC.x265.PRT.mp4,1
Jessica Robbin AKA Jessica Rabbit / BigTitsLikeBigDicks.13.01.12.Jessica.Rabbit.XXx.mp4,1
"Alice Flore aka Alice Murkovski & Karolina Rus aka Ledy Gi - 'M So Embarrassed... Stepmom's Lover Fucks My Ass, She Catches Us Cheating And He Shuts Her Mouth With His Huge Dick!_1080p.mp4 / Alice Flore aka Alice Murkovski & Karolina Rus aka Ledy Gi - 'M So Embarrassed... Stepmom's Lover Fucks My Ass, She Catches Us Cheating And He Shuts Her Mouth With His Huge Dick!_1080p.mp4",0
InTheCrack.E1990.Isabella.Rosse.Medellin.XXX.1080p.MP4-NBQ[XC] / itc.e1990.isabella.rosse.medellin.mp4,1
Moment.of.Contact.2022.1080p.AMZN.WEBRip.x265-An0mal1 / Moment.of.Contact.2022.1080p.AMZN.WEBRip.x265-An0mal1.mkv,0
极品宅男福利！青春无敌！推特福利姬大网红柚木好友，可盐可甜嫩妹【青木小荷】收费私拍，紫薇3P打炮被死胖子摧残蹂躏 / 极品宅男福利！青春无敌！推特福利姬大网红柚木好友，可盐可甜嫩妹【青木小荷】收费私拍，紫薇3P打炮被死胖子摧残蹂躏.mp4,1
Sidelined.The.QB.and.Me.2024.720p.BluRay.DD.5.1.x264-MegaPeer.mkv / Sidelined.The.QB.and.Me.2024.720p.BluRay.DD.5.1.x264-MegaPeer.mkv,0
MEYD-799_6K / @jnty60.app_MEYD-799.mp4,1
[BBWHighway.com] Zariah June - Zariah June Loves Cum [720p].mp4 / [BBWHighway.com] Zariah June - Zariah June Loves Cum [720p].mp4,0
Hitoribocchi no Isekai Kouryaku [WEB-DL AMZN 1080p AVC DDP] / Hitoribocchi no Isekai Kouryaku - 04 [WEB-DL AMZN 1080p AVC DDP].mkv,0
Lena.Polanski.HD.Blonde.Deepthroat.Hardcore.POV.mp4 / Lena.Polanski.HD.Blonde.Deepthroat.Hardcore.POV.mp4,1
MetArtX.22.11.25.Mila.Azul.My.Domestic.2.XXX.2160p.MP4-WRB[rarbg] / metartx.22.11.25.mila.azul.my.domestic.2.4k.mp4,1
小谢尔顿.Young.Sheldon.S06E02.720p.WEB.H264.双语字幕初校版-深影字幕组.mp4 / 小谢尔顿.Young.Sheldon.S06E02.720p.WEB.H264.双语字幕初校版-深影字幕组.mp4,1
1498-en-content-v01-jnl-fusion-tko-fat-blast.mp4 / 1498-en-content-v01-jnl-fusion-tko-fat-blast.mp4,1
After.2019.720p.BluRay.x264.AC3-HUD / After.2019.720p.BluRay.x264.AC3-HUD.mkv,0
madoubt.com 525399.xyz caribbeancom-043022_001 / madoubt.com 525399.xyz caribbeancom-043022_001.mp4,1
F1.2025.13.04.Belgian.Race.WEB-DL.1080p-MAZEPA.mkv / F1.2025.13.04.Belgian.Race.WEB-DL.1080p-MAZEPA.mkv,0
madoubt.com 528239.xyz RKI-661 / madoubt.com 528239.xyz RKI-661.mp4,1
Hungry.Ghosts.S01E03.WEB.h264-WEBTUBE[TGx] / Hungry.Ghosts.S01E03.WEB.h264-WEBTUBE.mkv,0
MacGyver S04 [COMPLETA] - SD.H264.Ita Eng Ac3 Sub Ita Eng by SnakeSPL / MacGyver S04 Ep13-16 - SD.H264.Ita Eng Ac3 Sub Ita Eng by SnakeSPL/Dal profondo del cuore - SD.H264.Ita Eng Ac3 Sub Ita Eng by SnakeSPL.mkv,0
UER062 / ure00062.mp4,1
SYK-002 / SYK-002-A.mp4,1
x-art_maddy_rose_van_wylde_maddy_me_crazy_540.mp4 / x-art_maddy_rose_van_wylde_maddy_me_crazy_540.mp4,1
20250828_UECL_25.26_Qual_PO_2nd.Leg_PAOK_vs_RJK_[rgfootball.net]_720p.50.mkv / 20250828_UECL_25.26_Qual_PO_2nd.Leg_PAOK_vs_RJK_[rgfootball.net]_720p.50.mkv,0
BLX-0035.mp4 / BLX-0035.mp4,1
Resurrection.S02E01.WEBDL.1080p.NewStudio.TV.mkv / Resurrection.S02E01.WEBDL.1080p.NewStudio.TV.mkv,0
12 / ADN-232-uncensored-nyap2p.com.mp4,1
PornMegaLoad.21.06.08.Lavina.Dream.And.Roxanne.Miller.Amazing.Student.Bodies.XXX.720p.MP4-XXX / pml.21.06.08.lavina.dream.and.roxanne.miller.amazing.student.bodies.720p.mp4,1
Desiree  - Black Ambush.720x400.mp4 / Desiree  - Black Ambush.720x400.mp4,1
"Cherie Deville, Brittany Andrews - MILF Quest Episode 2 (20.06.2025)_480p.mp4 / Cherie Deville, Brittany Andrews - MILF Quest Episode 2 (20.06.2025)_480p.mp4",1
Avatar.The.Way.of.Water.2022.2160p.UHD.BDRemux.TrueHD.Atmos.7.1.HDR.DoVi.P8.by.DVT.mkv / Avatar.The.Way.of.Water.2022.2160p.UHD.BDRemux.TrueHD.Atmos.7.1.HDR.DoVi.P8.by.DVT.mkv,0
[ Torrent911.tv ] New.Amsterdam.2018.S04E18.FRENCH.AMZN.WEBRip.DD5.1.H264.mp4 / [ Torrent911.tv ] New.Amsterdam.2018.S04E18.FRENCH.AMZN.WEBRip.DD5.1.H264.mp4,0
[LegalPorno] Anastasia Mistress VK040 (17.02.2021) rq.mp4 / [LegalPorno] Anastasia Mistress VK040 (17.02.2021) rq.mp4,1
Buffaloed.2019.720p.AMZN.WEBRip.800MB.x264-GalaxyRG[TGx] / Buffaloed.2019.720p.AMZN.WEBRip.800MB.x264-GalaxyRG.mkv,0
Anal Models 4 / Eveline Dellai.mp4,1
[GJ.Y] 凡人修仙传 - 93 (B-Global Donghua 1920x1080 HEVC AAC MKV) [3FA337FB].mkv / [GJ.Y] 凡人修仙传 - 93 (B-Global Donghua 1920x1080 HEVC AAC MKV) [3FA337FB].mkv,0
【高清影视之家发布 www.WHATMV.com】喜剧之王[简繁英字幕].The.King.of.Comedy.1982.1080p.BluRay.x264.FLAC.1.0-QuickIO / The.King.of.Comedy.1982.1080p.BluRay.x264.FLAC.1.0-QuickIO.mkv,0
DVAJ-0051.1080p.mkv / DVAJ-0051.1080p.mkv,0
Isabelle-3581.mp4 / Isabelle-3581.mp4,1
DANCINGBEAR - Birthday Party Crashed By Dancing Bear XXX AdultP2P / DANCINGBEAR - Birthday Party Crashed By Dancing Bear XXX AdultP2P.mp4,1
Filthy Rich & Catflap (1987) - Complete and Uncut - DVDRip 576p - BBC Comedy / S01E06 - Smear Campaign.mkv,0
www.Torrenting.com - Due Date 2010 1080p BluRay DTS-HD MA 5 1 x264-PirateM / Due.Date.2010.1080p.BluRay.DTS-HD.MA.5.1.x264-PirateM/Due.Date.2010.1080p.BluRay.DTS-HD.MA.5.1.x264-PirateM.mkv,0
12.062816_113-paco / 062816_113-paco.mp4,1
Konec.igri.2024.1080p.MegaPeer / 01.mkv,0
How.to.Get.Away.with.Murder.S06 / How.to.Get.Away.with.Murder.S06E15.mkv,0
Josephine aka Josephine James - Josephine Gives A Bridal Suite Tour That Takes A Sexy Turn (24.10.2023)_1080p.mp4 / Josephine aka Josephine James - Josephine Gives A Bridal Suite Tour That Takes A Sexy Turn (24.10.2023)_1080p.mp4,0
PlumperPass.21.11.01.Lila.Lovely.Prepping.For.BBC.1080p.mp4 / PlumperPass.21.11.01.Lila.Lovely.Prepping.For.BBC.1080p.mp4,0
[98t.tv]493NAEN-106 / 493NAEN-106.mp4,1
CJOB-135 / hhd800.com@CJOB-135.mp4,1
brazzersexxtra.24.03.21.crystal.rush.and.scarlit.scandal.please.tempt.my.boyfriend.480p.mp4 / brazzersexxtra.24.03.21.crystal.rush.and.scarlit.scandal.please.tempt.my.boyfriend.480p.mp4,0
Your.Friendly.Neighborhood.Spider-Man.S01E01.Amazing.Fantasy.720p.HEVC.x265-MeGusta[EZTVx.to].mkv / Your.Friendly.Neighborhood.Spider-Man.S01E01.Amazing.Fantasy.720p.HEVC.x265-MeGusta[EZTVx.to].mkv,0
[ Torrent911.ws ] FBI.S05E06.FRENCH.WEBRip.x264.mp4 / [ Torrent911.ws ] FBI.S05E06.FRENCH.WEBRip.x264.mp4,0
VRHotwife_Bella Bare_Kyle Starr_Woman POV With Another Woman And 2 Guys_For Women_4096p_LR_180.mp4 / VRHotwife_Bella Bare_Kyle Starr_Woman POV With Another Woman And 2 Guys_For Women_4096p_LR_180.mp4,0
TVBOXNOW 愛回家之開心速遞 / TVBOXNOW 愛回家之開心速遞 EP2599_MP4-720P.mp4,1
The.Watchers.2024.1080p.BDRemux.AVC.TrueHD.Atmos / The.Watchers.2024.1080p.BDRemux.AVC.TrueHD.Atmos.mkv,0
085_3xplanet_SNIS-353.mp4 / 085_3xplanet_SNIS-353.mp4,1
Bliss.2021.720p.WEBRip.800MB.x264-GalaxyRG[TGx] / Bliss.2021.720p.WEBRip.800MB.x264-GalaxyRG.mkv,0
madoubt.com 636635.xyz heyzo-0629 / madoubt.com 636635.xyz heyzo-0629.mp4,1
[Staxus] OrlandoWhite-YuriAdamov - 720p.mp4 / [Staxus] OrlandoWhite-YuriAdamov - 720p.mp4,0
Monica Santhiago - Big Booty Latina Milfs! (04.07.2025)_720p.mp4 / Monica Santhiago - Big Booty Latina Milfs! (04.07.2025)_720p.mp4,1
[Thz.la]miae-243.mp4 / [Thz.la]miae-243.mp4,1
Movies for John / The Jewel of the Nile (1985) (1080p BluRay x265 HEVC 10bit AAC 5.1 Tigole)/The Jewel of the Nile (1985) (1080p BluRay x265 10bit Tigole).mkv,0
早期天花板级别【裸体钢管舞秀】各种原滋原味极品身材风情女郎劲曲热舞大尺度秒杀现在舞团 / 早期天花板级别【裸体钢管舞秀】各种原滋原味极品身材风情女郎劲曲热舞大尺度秒杀现在舞团.mp4,1
Penelope Kay And Kimora Quin - Fix It Or Fuck Us SD.mp4 / Penelope Kay And Kimora Quin - Fix It Or Fuck Us SD.mp4,0
GloryHoleSecrets.25.06.13.Julia.James.First.Glory.Hole.XXX.480p.MP4-XXX[XC] / gloryholesecrets.25.06.13.julia.james.first.glory.hole.480p.mp4,1
Autumn.Gardening.with.Carol.Klein.S03E03.1080p.HDTV.H264-DARKFLiX[eztv.re].mkv / Autumn.Gardening.with.Carol.Klein.S03E03.1080p.HDTV.H264-DARKFLiX[eztv.re].mkv,0
[Over-Time] GARO Versus Road - 12 [FC7F71E0].mkv / [Over-Time] GARO Versus Road - 12 [FC7F71E0].mkv,1
Oscar - Un Fidanzato per Due Figlie (1991) 1080p H265 ita eng AC3 5.1 sub ita eng Licdom.mkv / Oscar - Un Fidanzato per Due Figlie (1991) 1080p H265 ita eng AC3 5.1 sub ita eng Licdom.mkv,0
Bookish.S01E04.1080p.HEVC.x265-MeGusta[EZTVx.to].mkv / Bookish.S01E04.1080p.HEVC.x265-MeGusta[EZTVx.to].mkv,0
SexMex.22.06.15.Silvia.Santez.Shes.Afraid.Of.The.Dark.XXX.480p.MP4-XXX / sexmex.22.06.15.silvia.santez.shes.afraid.of.the.dark.mp4,1
WAAA-137 / hhd800.com@WAAA-137.mp4,1
삼시세끼 Light.E04.241011.720p-NEXT.mp4 / 삼시세끼 Light.E04.241011.720p-NEXT.mp4,1
Hellfjord.720p.S01.ViruseProject / Hellfjord.720p.S01E06.ViruseProject.mkv,1
www.UIndex.org    -    Love on the Spectrum U S S03E07 720p NF WEB-DL DDP5 1 H 264-Kitsune / Love on the Spectrum U S S03E07 720p NF WEB-DL DDP5 1 H 264-Kitsune.mkv,0
apak-312 / 4k2.com@apak-312.mp4,1
And.Just.Like.That.S03E05.1080p.HEVC.x265-MeGusta[EZTVx.to].mkv / And.Just.Like.That.S03E05.1080p.HEVC.x265-MeGusta[EZTVx.to].mkv,0
"[Moozzi2] Wake Up, Girls! - Movie 01 - 「 Shichinin no Idol 」 - Movie + SP / [Moozzi2] Wake Up, Girls! - Movie 01 - 「 Shichinin no Idol 」 (BD 1920x1080 x.264 DTS).mkv",0
The.Courier.2020.BRRip.x264.AC3.BGAUDiO-SiSO / The.Courier.2020.BRRip.x264.AC3.BGAUDiO-SiSO.mkv,0
CADV-799 / CADV-799-A.mp4,1
Infinite.2021.1080p.WEBRip.x265-DiN / Infinite.2021.1080p.WEBRip.x265-DiN.mkv,0
www.UIndex.org    -    Stick S01E03 1080p WEB HEVC x265-RMTeam / Stick S01E03 1080p WEB HEVC x265-RMTeam.mkv,0
OnlyFans_bunni_emmie_pov_blowjob_onlyfans_video_leaked-NJBNYI / bunni_emmie_pov_blowjob_onlyfans_video_leaked-NJBNYI.mp4,1
Penny.Pax.Britney.Light.Emma.Hix.Aaliyah.Love.What.s.Considered.Normal.AllHerLuv.lesbian.mp4 / Penny.Pax.Britney.Light.Emma.Hix.Aaliyah.Love.What.s.Considered.Normal.AllHerLuv.lesbian.mp4,1
RembO.S01.2022-2023.WEB-DL.720p.ExKinoRay / RembO.S01.E09.2023.WEB-DL.720p.ExKinoRay.mkv,0
Honoo no Toukyuuji Dodge Danpei x265 10bit / [Shiniori-Raws] Honoo no Toukyuuji Dodge Danpei - 12 (BD 960x720 x265 10bit AAC).mp4,0
Countdown.S01E13.720p.rus.LostFilm.TV.mp4 / Countdown.S01E13.720p.rus.LostFilm.TV.mp4,1
大猿魂.Wu.Kong.S01.2025.2160p.WEB-DL.DDP2.0.H265-HDSWEB / 大猿魂.Wu.Kong.S01E06.2025.2160p.WEB-DL.DDP2.0.H265-HDSWEB.mkv,0
[Anistar.org] One Piece [TV-1] - 1133.5 [720p].mkv / [Anistar.org] One Piece [TV-1] - 1133.5 [720p].mkv,0
Two.Of.A.Kind.1983.DVDrip.576p.H264 / Two.Of.A.Kind.1983.DVDrip.576p.H264.mp4,0
Invasion.2021.S01.WEB-DLRip-AVC / Invasion.s01e09.WEB-DLRip-AVC.TR.mkv,0
Evangelion / 3. Breath of Evangelion.mp4,0
madoubt.com 225529.xyz 1pondo-042925_001 / madoubt.com 225529.xyz 1pondo-042925_001.mp4,1
Hostage To The Devil (2016) [1080p] [BluRay] [5.1] [YTS.MX] / Hostage.To.The.Devil.2016.1080p.BluRay.x264.AAC5.1-[YTS.MX].mp4,0
Vorovka.2023.WEBRip.by.mjjhec.mp4 / Vorovka.2023.WEBRip.by.mjjhec.mp4,0
HardX.24.07.27.Slimthick.Vic.XXX.1080p.MP4-WRB[XC] / hardx.24.07.27.slimthick.vic.mp4,1
第三布局尘沙惑第3集.mp4 / 第三布局尘沙惑第3集.mp4,1
madoubt.com 963228.xyz 1pondo-042820_001 / madoubt.com 963228.xyz 1pondo-042820_001.mp4,1
[Erai-raws] Kaijuu 8 Gou 2nd Season - 07 [1080p CR WEB-DL AVC AAC][MultiSub][7AEB9669].mkv / [Erai-raws] Kaijuu 8 Gou 2nd Season - 07 [1080p CR WEB-DL AVC AAC][MultiSub][7AEB9669].mkv,0
madoubt.com 225998.xyz heyzo-2465 / madoubt.com 225998.xyz heyzo-2465.mp4,1
EvilAngel 24 08 07 Eight Starlets Orgy With Gang Of Fans XXX 720p-XLeech.mp4 / EvilAngel 24 08 07 Eight Starlets Orgy With Gang Of Fans XXX 720p-XLeech.mp4,1
Midway.2019.BDRip.1080p.mkv / Midway.2019.BDRip.1080p.mkv,0
Platonic.2023.S02E01.480p.x264-mSD[EZTVx.to].mkv / Platonic.2023.S02E01.480p.x264-mSD[EZTVx.to].mkv,0
Chaos.2005.BRRip.Hin.Eng.300MB.er.prince.mkv / Chaos.2005.BRRip.Hin.Eng.300MB.er.prince.mkv,0
"The Upper Flr - Pen Barber, Gaia - The Masochist Meets Da Porn Star.mp4 / The Upper Flr - Pen Barber, Gaia - The Masochist Meets Da Porn Star.mp4",1
【财阀的儿子 ️魔王的虐性奴调教日常生活】牛逼富二代坐拥两条母狗 各种玩虐爆操 小穴依旧还算粉嫩 / 【财阀的儿子 ️魔王的虐性奴调教日常生活】牛逼富二代坐拥两条母狗 各种玩虐爆操 小穴依旧还算粉嫩.mp4,1
VENU-818.mp4 / VENU-818.mp4,1
madoubt.com 293826.xyz 1pondo-010123_001 / madoubt.com 293826.xyz 1pondo-010123_001.mp4,1
Ashley Red - Desperate Housewives Crave Fresh Cock 9 (08.09.2022)_480p.mp4 / Ashley Red - Desperate Housewives Crave Fresh Cock 9 (08.09.2022)_480p.mp4,1
Fantastic.Beasts.The.Secrets.of.Dumbledore.2022.1080p.HMAX.WEBRip.DDP5.1.Atmos.x264-SMURF / Fantastic.Beasts.The.Secrets.of.Dumbledore.2022.1080p.HMAX.WEB-DL.DDP5.1.Atmos.H.264-SMURF.mkv,0
顶级超淫现场！多男女群P盛宴肏出新高度人体蜈蚣！极品身材反差淫趴女神【可爱米亚】最新，堪比岛国疯狂多人乱交 / 顶级超淫现场！多男女群P盛宴肏出新高度人体蜈蚣！极品身材反差淫趴女神【可爱米亚】最新，堪比岛国疯狂多人乱交.mp4,1
Roy Orbison Forever (2022) [1080p] [WEBRip] [YTS.MX] / Roy.Orbison.Forever.2022.1080p.WEBRip.x264.AAC-[YTS.MX].mp4,0
Тренировка мышц груди и рук. 2 уровня сложности (2011) WEBrip / Chest Workout Home Version.mp4,1
Haley Spades - Cum To Detention (25.01.2025)_480p.mp4 / Haley Spades - Cum To Detention (25.01.2025)_480p.mp4,1
MormonGirlz.20.11.18.Trillium.Feels.So.Good.Being.Bad.XXX.1080p.MP4-XXX[XvX] / MormonGirlz.20.11.18.Trillium.Feels.So.Good.Being.Bad.XXX.1080p.MP4-XXX.mkv,1
"Carolina Abril, Clover - Friendly Fire.mp4 / Carolina Abril, Clover - Friendly Fire.mp4",1
HUNTB-257 / HUNTB-257.mp4,1
JAVHub.20.06.11.Mariru.Amamiya.Gangbanged.by.her.Coworkers.JAPANESE.XXX.1080p.HEVC.x265.PRT[XvX] / JAVHub.20.06.11.Mariru.Amamiya.Gangbanged.by.her.Coworkers.JAPANESE.XXX.1080p.HEVC.x265.PRT.mkv,1
FC2-PPV-2346868 / hhd800.com@FC2-PPV-2346868.mp4,1
SONE-567 / hhd800.com@SONE-567.mp4,1
Les Misérables (2018) Season 1 S01 (1080p BluRay x265 HEVC 10bit AAC 5.1 RZeroX) / Les Misérables (2018) - S01E06 - Episode 6 (1080p BluRay x265 RZeroX).mkv,0
hhd800.com@FC2-PPV-4483816.mp4 / hhd800.com@FC2-PPV-4483816.mp4,1
Beauty-Angels.21.12.30.Limea.And.Queenlin.XXX.720p.HEVC.x265.PRT[XvX] / Beauty-Angels.21.12.30.Limea.And.Queenlin.XXX.720p.HEVC.x265.PRT.mkv,1
Matlock.2024.S01E13.Pregame.1080p.HEVC.x265-MeGusta[TGx] / Matlock.2024.S01E13.Pregame.1080p.HEVC.x265-MeGusta.mkv,0
784MDMU-001 / hhd800.com@784MDMU-001.mp4,1
SHIC-302 / hhd800.com@SHIC-302.mp4,1
PervDoctor.21.11.19.Charly.Summer.And.Penny.Barber.Do.It.For.The.Test.XXX.480p.MP4-XXX / pervdoctor.21.11.19.charly.summer.and.penny.barber.do.it.for.the.test.mp4,1
The.Gilded.Age.S03E03.1080p.WEB-DL-[Feranki1980].mkv / The.Gilded.Age.S03E03.1080p.WEB-DL-[Feranki1980].mkv,0
NNPJ-410-C / NNPJ-410-C.mp4,1
Violet Evergarden [J&N union] / 12 Violet Evergarden [J&N union].mkv,1
madoubt.com 995286.xyz heyzo-1841 / madoubt.com 995286.xyz heyzo-1841.mp4,1
GirlCum.20.10.24.Jessie.Saint.Orgasmic.Mania.XXX.REPACK.1080p.MP4-WRB[XvX] / girlcum.20.10.24.jessie.saint.orgasmic.mania.repack.mp4,1
Um Motivo para Lutar 2023 1080p WEB-DL DUAL 5.1 / Um Motivo para Lutar 2023 1080p WEB-DL DUAL 5.1.mkv,0
Carib-011511-592-HD / Carib-011511-592-nyap2p.com.mp4,1
madoubt.com 692523.xyz MIMK-207 / madoubt.com 692523.xyz MIMK-207.mp4,1
【2023年新模型2K高清修复版】2021.7.4，【赵总寻花】，上海，外围女神，甜美健谈配合 / gc2048.com-【2023年新模型2K高清修复版】2021.7.4，【赵总寻花】，上海，外围女神，甜美健谈配合，无水印收藏版.mp4,1
mfgc5.com 【零零后杀手】歌厅探花，花臂纹身骚御姐，唱唱歌骑在身上各种摸，抬起双腿沙发上爆操 / mfgc5.com 【零零后杀手】歌厅探花，花臂纹身骚御姐，唱唱歌骑在身上各种摸，抬起双腿沙发上爆操.mp4,1
33.ssni208 / ssni208.mp4,1
TrickyOldTeacher-Sandra.720p.mp4 / TrickyOldTeacher-Sandra.720p.mp4,0
FC2-PPV-1708015 / FC2-PPV-1708015.mp4,1
【91抖阴地址 k4p7.c0m（改为com） 看片同城约炮专属】FC2PPV 4744486.mp4 / 【91抖阴地址 k4p7.c0m（改为com） 看片同城约炮专属】FC2PPV 4744486.mp4,1
www.UIndex.org    -    Walking With Dinosaurs 2025 S01E01 The Orphan 1080p iP WEB-DL AAC2 0 HFR H 264-RAWR / Walking With Dinosaurs 2025 S01E01 The Orphan 1080p iP WEB-DL AAC2 0 HFR H 264-RAWR.mkv,0
The.Spiderwick.Chronicles.2008.Open.Matte.1080p.WEB-DL.mkv / The.Spiderwick.Chronicles.2008.Open.Matte.1080p.WEB-DL.mkv,0
FC2-PPV-4703456 / hhd800.com@FC2-PPV-4703456.mp4,1
Anal4K.22.03.11.Andi.Rose.Analed.On.St.Paddys.XXX.1080p.HEVC.x265.PRT[XvX] / Anal4K.22.03.11.Andi.Rose.Analed.On.St.Paddys.XXX.1080p.HEVC.x265.PRT.mkv,1
MasterClass - Christina Aguilera Teaches Singing / 18.Singing It Live.mkv,1
White.Men.Cant.Jump.1992.720p.BluRay.x264-x0r[SN] / White.Men.Cant.Jump.1992.720p.BluRay.x264-x0r.mkv,0
Wind Chill - Horror 2007 Eng Rus Multi Subs 1080p [H264-mp4] / Wind Chill - Horror 2007 Eng Rus Multi Subs 1080p [H264-mp4].mp4,1
madoubt.com 962662.xyz caribbeancom-112517_002 / madoubt.com 962662.xyz caribbeancom-112517_002.mp4,1
"103912821 - Asian teen gets tied, spanked and fucked - Shibari Japanese rope bondage with Baebi Hel.mp4 / 103912821 - Asian teen gets tied, spanked and fucked - Shibari Japanese rope bondage with Baebi Hel.mp4",1
[Anistar.org] The Demon Hunter [TV-1] - 61 [1080p].mp4 / [Anistar.org] The Demon Hunter [TV-1] - 61 [1080p].mp4,0
2023-09-30-BunnyMiffy-性感高跟白丝吊袜护士给病人的治疗方案 / 2023-09-30-BunnyMiffy-性感高跟白丝吊袜护士给病人的治疗方案.mp4,1
Raya.and.the.Last.Dragon.2021.WEBRip.x264.AAC-HUD / Raya.and.the.Last.Dragon.2021.WEBRip.x264.AAC-HUD.mkv,0
madoubt.com 323683.xyz 1pondo-120616_440 / madoubt.com 323683.xyz 1pondo-120616_440.mp4,1
The.Rookie.S01E08.HDTV.x264-KILLERS[eztv].mkv / The.Rookie.S01E08.HDTV.x264-KILLERS[eztv].mkv,0
Los.Caballeros.Del.Zodiaco.Contraatacan.1988.1080p.BluRay.x264-dem3nt3 / saint.seiya.shinku.no.shounen.densetsu.1988.1080p.bluray.x264-dem3nt3.mkv,0
MIDA-312 / hhd800.com@MIDA-312.mp4,1
曾火爆一时的CB站华裔女神Asia_fox夫妻各种玩B啪啪啪美女应该学过瑜伽能解锁好多体位超长2小时完整原版 / 曾火爆一时的CB站华裔女神Asia_fox夫妻各种玩B啪啪啪美女应该学过瑜伽能解锁好多体位超长2小时完整原版.mp4,1
FC2-PPV-4397277 / hhd800.com@FC2-PPV-4397277.mp4,1
www.scenetime.com - Secrets.of.Great.British.Castles.S01E02.1080p.WEB.x264-CRiMSON / Secrets.of.Great.British.Castles.S01E02.1080p.WEB.x264-CRiMSON.mkv,0
The.Walking.Dead.Dead.City.S02E04.720p.rus.LostFilm.TV.mp4 / The.Walking.Dead.Dead.City.S02E04.720p.rus.LostFilm.TV.mp4,0
φάκελος χωρίς τίτλο / Missing.Crown.Prince.S01E14.1080p.VIU.WEB-DL.AAC2.0.H.264-CHIOS.mkv,0
Lustery.E988.Arden.And.Tommy.A.Kind.Of.Eruption.XXX.480p.MP4-XXX[XC] / lustery.e988.arden.and.tommy.a.kind.of.eruption.480p.mp4,1
Zlomek sekundy -Split Second 1992 1080p cz / Zlomek sekundy -Split Second.1992.1080p.x264.AC3.5.1.EN.AC3.CZ.mkv.mp4,0
"Много шума из ничего. Much Ado About Nothing (Sonia Friedman Productions, Wyndham's Theatre, dir. Josie Rourke, 2011).mkv / Много шума из ничего. Much Ado About Nothing (Sonia Friedman Productions, Wyndham's Theatre, dir. Josie Rourke, 2011).mkv",0
[CathyScraving.com] 2020-10-27 - Scene 742 - Nora's 3rd Ever 3some 720p.mp4 / [CathyScraving.com] 2020-10-27 - Scene 742 - Nora's 3rd Ever 3some 720p.mp4,0
[Yaoi801 Fansub] Kikou Kantai Dairugger XV - 15 [Sub Ita] [480 x264 AAC].mp4 / [Yaoi801 Fansub] Kikou Kantai Dairugger XV - 15 [Sub Ita] [480 x264 AAC].mp4,0
032620_275-paco-mp4 / 032620_275-paco-1080p.mp4,0
madoubt.com 288229.xyz REBD-961 / madoubt.com 288229.xyz REBD-961.mp4,1
383NMCH-107 / hhd800.com@383NMCH-107.mp4,1
Ni.chaînes.ni.maîtres.2024.HDRip-AVC.x264_New-Team.mkv / Ni.chaînes.ni.maîtres.2024.HDRip-AVC.x264_New-Team.mkv,0
Nick of Time (1995) BDRip-AVC.mkv / Nick of Time (1995) BDRip-AVC.mkv,0
HardcoreYouth.14.11.17.Serrena.XXX.1080p.MP4.SEXORS / hardcoreyouth.14.11.17.serrena.sexors.mp4,1
Mezh.dvuh.ogney.2009.L2.Rus.Eng.x264.HDRip.FireBit.mkv / Mezh.dvuh.ogney.2009.L2.Rus.Eng.x264.HDRip.FireBit.mkv,0
Big.Brother.US.S25E39.720p.WEB.h264-EDITH[TGx] / Big.Brother.US.S25E39.720p.WEB.h264-EDITH.mkv,0
HeartBeat.S01E12 / HeartBeat.S01E12.720p.AMZN.WEB-DL.DDP2.0.H.264-MARK.mkv,0
SONE-363.mp4 / SONE-363.mp4,1
Virus.1999.1080p.BDRip.AV1-DiN / Virus.1999.1080p.BDRip.AV1-DiN.mkv,0
Stalk.S02.2021.WEB.1080p-ylnian / Stalk.S02.E03.2021.WEB.1080p-ylnian.mkv,0
Fancy Steel - Step Sisters / Fancy Steel - Step Sisters.mp4,1
madoubt.com 896255.xyz pacopacomama-051624_100 / madoubt.com 896255.xyz pacopacomama-051624_100.mp4,1
We.Were.the.Lucky.Ones.S01E05.2160p.WEB.H265-SuccessfulCrab[TGx] / we.were.the.lucky.ones.s01e05.2160p.web.h265-successfulcrab.mkv,0
Bad.Times.At.The.El.Royale.2018.BDRip.x264-COCAIN[EtMovies] / cocain-bad.times.at.the.el.royale.2018.bdrip.x264[EtMovies].mkv,0
To the Manor Born 1979 S01-S03 Complete 720p WEB-DL H264 BONE / S04 Christmas Specials/To the Manor Born Season 04 Episode 02 Christmas Special 2007 720p WEB-DL H264 BONE.mp4,0
BULL - Complete Season 3 S03 (2018-2019) - 720p AMZN Web-DL x264 / BULL - S03 E11 - Separate Together (720p - AMZN Web-DL).mp4,0
【抖音】极品丰韵大奶熟女『黑纱杨玉环』 黑丝肥臀高跟自慰私拍 / 【抖音】极品丰韵大奶熟女『黑纱杨玉环』 黑丝肥臀高跟自慰私拍.mp4,1
Black In White Pussy 2 / blackinwhitepy2.mp4,1
"Man With No Name Trilogy (1964-1966) / 1966.The.Good,.The.Bad.And.The.Ugly.1920x816.BDRip.x264.DTS-HD.MA.mkv",0
SONE-202-C / SONE-202-C.mp4,1
MomPOV.Mom.POV.MILF.Alex.78.HD.XXX / MomPOV.Mom.POV.MILF.Alex.78.HD.XXX.mp4,1
Teresa Teng - (The Ultimate Voice Japanese Edition) {2012} / LIVE SHOW/Teresa Teng - (The Ultimate Voice Japanese Edition) {2012} [DVD-Rip].mp4,0
小骚逼约大哥出来嗨皮，看着下方车流嫂子摸大哥鸡巴勾搭，扒下裤子就开干激情后入捏着奶子，叫声好骚精彩不断 / 小骚逼约大哥出来嗨皮，看着下方车流嫂子摸大哥鸡巴勾搭，扒下裤子就开干激情后入捏着奶子，叫声好骚精彩不断.mp4,1
[EVANO.COM] De l'ombre à la lumière-360p - de lombre a la lumiere.mp4 / [EVANO.COM] De l'ombre à la lumière-360p - de lombre a la lumiere.mp4,1
Mismatch.3x03.La.palabra.del.niño.(Spanish.French.Subs).WEB-DL.1080p.x264-AAC.by.Fly3RS.mp4 / Mismatch.3x03.La.palabra.del.niño.(Spanish.French.Subs).WEB-DL.1080p.x264-AAC.by.Fly3RS.mp4,0
ShagStreet.25.06.23.Aaliyah.Yasin.XXX.1080p.MP4-WRB[XC] / shagstreet.25.06.23.aaliyah.yasin.mp4,1
Bluey S03E14 - Pass the Parcel / Bluey - Pass the Parcel.mp4,0
Jonah.2023.720p.BluRay.DD.5.1.x264-MegaPeer.mkv / Jonah.2023.720p.BluRay.DD.5.1.x264-MegaPeer.mkv,0
Kerry - 18yo Hot Ass Fuck Kerry Gives Me Her First Ever Blowjob On Camera Mouthcum.864x486.mp4 / Kerry - 18yo Hot Ass Fuck Kerry Gives Me Her First Ever Blowjob On Camera Mouthcum.864x486.mp4,1
Asshole fever - Tina Hot 540p / 8533-540p.mp4,1
FamilyStrokes.18.08.23.Jane.Wilde..480p.MP4-XXX / familystrokes.18.08.23.jane.wilde.mp4,1
Holly Hendrix - Stranded Teen Gets Picked Up and Fucked 480.mp4 / Holly Hendrix - Stranded Teen Gets Picked Up and Fucked 480.mp4,1
Tom Of Your Life (2020) [720p] [WEBRip] [YTS.MX] / Tom.Of.Your.Life.2020.720p.WEBRip.x264.AAC-[YTS.MX].mp4,0
www.youiv.pw-KIDM-613B.mp4 / www.youiv.pw-KIDM-613B.mp4,1
anilos.17.05.06.rachel.evans.ride.it.mp4 / anilos.17.05.06.rachel.evans.ride.it.mp4,1
[SubsPlease] Tokyo 24-ku - 09 (1080p) [5AA5478A].mkv / [SubsPlease] Tokyo 24-ku - 09 (1080p) [5AA5478A].mkv,0
Odin.vdoh.2020.AVC.mkv / Odin.vdoh.2020.AVC.mkv,0
New.Madison.Morgan.Wet.Pussy.Filled.Deep.With.BBC.Cum.2025.Hardcore.Milf.Creampie.BBC.Onlyfans.ILUVY.mp4 / New.Madison.Morgan.Wet.Pussy.Filled.Deep.With.BBC.Cum.2025.Hardcore.Milf.Creampie.BBC.Onlyfans.ILUVY.mp4,1
艺校舞蹈系9分颜值极品身材气质女神【小桃子】露脸私拍动感裸舞+疯狂紫薇你就说现在还有纯的妹子吗 / V/1(16)_(new).mp4,1
Adobe.Premiere.Pro.CS6.v6.0.1.014.Multilingual.mundomanuales.com / Activado Premiere CS6.mp4,1
Elsbeth.S02E11.1080p.x265-ELiTE / Elsbeth.S02E11.1080p.x265-ELiTE.mkv,0
El Incidente (PROPER) - Temporada 1 [HDTV 720p][Cap.101][AC3 5.1 Español Castellano] / El Incidente (PROPER) 720p 1x01 [www.newpct1.com].mkv,0
Fresh.Off.the.Boat.S01.1080p.WEB-DL.DD5.1.H.264-v.serij2013 / Fresh.Off.the.Boat.S01E11.Very.Superstitious.1080p.WEB-DL.DD5.1.H.264-v.serij2013.mkv,0
KANO-001-C_GG5 / gg5.co@KANO-001-C_GG5.mp4,1
[apreder]MM_If_I_See_Randy_Again_Do_You_Want_Me_to_Hit_Him_with_the_Axe(2006)DVB.mkv / [apreder]MM_If_I_See_Randy_Again_Do_You_Want_Me_to_Hit_Him_with_the_Axe(2006)DVB.mkv,0
Foundation.S03.1080p / Foundation.S03E01.1080p.mkv,0
tom-i-dzherri-filqm.mp4 / tom-i-dzherri-filqm.mp4,1
Mix.Tape.2025.S01E04.1080p.HEVC.x265-MeGusta[EZTVx.to].mkv / Mix.Tape.2025.S01E04.1080p.HEVC.x265-MeGusta[EZTVx.to].mkv,0
After.2019.1080p.BluRay.x264-DRONES[rarbg] / After.2019.1080p.BluRay.x264-DRONES.mkv,0
F1.2025.R06.Miami.Grand.Prix.Race.1080p.mkv / F1.2025.R06.Miami.Grand.Prix.Race.1080p.mkv,0
新晋大奶两闺蜜【暴力少女】跳跳糖晗JJ~双飞啪啪~爽炸啦! / 新晋大奶两闺蜜【暴力少女】跳跳糖晗JJ~双飞啪啪~爽炸啦!.mp4,1
DDF - Alyssa Reece - Robot Girl Programmed to Fuck [12.02.19].mp4 / DDF - Alyssa Reece - Robot Girl Programmed to Fuck [12.02.19].mp4,1
[APTX-Fansub] Detective Conan - 1050 HD [06B37BFC].mp4 / [APTX-Fansub] Detective Conan - 1050 HD [06B37BFC].mp4,1
Young Frankenstein (1974) / Young.Frankenstein.1974.720p.BRrip.x264.YIFY.mp4,0
the.neighborhood.s07e13.1080p.web.h264-successfulcrab[EZTVx.to].mkv / the.neighborhood.s07e13.1080p.web.h264-successfulcrab[EZTVx.to].mkv,0
madoubt.com 569256.xyz 1pondo-072724_001 / madoubt.com 569256.xyz 1pondo-072724_001.mp4,1
That's Erotic(1979)Classic / Thats Erotic (1979).mp4,1
The.Outrun.2024.WEB.MVO-RGB.mkv / The.Outrun.2024.WEB.MVO-RGB.mkv,0
[ Torrent911.cx ] The.Marvels.2023.Truefrench.HDRip.x264.mp4 / [ Torrent911.cx ] The.Marvels.2023.Truefrench.HDRip.x264.mp4,0
Warrior S03E10 WEB-DL 1080p x264 DUAL 5.1 / Warrior S03E10 WEB-DL 1080p x264 DUAL 5.1.mkv,0
Coraline.2009.720p.BluRay.mkv / Coraline.2009.720p.BluRay.mkv,0
Lilo.and.Stitch.2025.1080p.WEB.DUAL.AUDiO.H.265-WAR / Lilo.and.Stitch.2025.1080p.WEB.DUAL.AUDiO.H.265-WAR.mkv,0
'Envelope' starring Kevin Spacey .RG-CreativeSound.mp4 / 'Envelope' starring Kevin Spacey .RG-CreativeSound.mp4,1
Kung Fu Panda 4 (2024).mkv / Kung Fu Panda 4 (2024).mkv,0
The Night Of - Temporada 1 [HDTV 720p][Cap.108][AC3 5.1 Español Castellano] / TNOf720p1x08 [www.newpct1.com].mkv,0
Women.Seeking.Women.123.2015.720p.x264-worldmkv.mkv / Women.Seeking.Women.123.2015.720p.x264-worldmkv.mkv,0
Wild.Portugal.(2019).1080p.WEB-DL.Rus.Eng.[sub.Eng]-BLUEBIRD.mkv / Wild.Portugal.(2019).1080p.WEB-DL.Rus.Eng.[sub.Eng]-BLUEBIRD.mkv,0
Andor [HDTV 720p][Cap.207] / Andor [HDTV 720p][Cap.207].mkv,0
人间六味03.mp4 / 人间六味03.mp4,1
El Amanecer Del Planeta De Los Simios [BluRay 1080 px][DTS 5.1-Castellano-DTS 5.1 Ingles+Subs][ES-EN] / ElAmanecerDelPlanetaDeLosSimiosBD1080.www.newpct1.com.mkv,0
Jingle Boobs XXX WEB-DL x264-TORANAGA / Jingle Boobs.mp4,1
A Year In My Life (2006) [1080p] [WEBRip] [5.1] [YTS.MX] / A.Year.In.My.Life.2006.1080p.WEBRip.x264.AAC5.1-[YTS.MX].mp4,0
Snapped.S35E04.1080p.WEBRip.x264-BAE[EZTVx.to].mkv / Snapped.S35E04.1080p.WEBRip.x264-BAE[EZTVx.to].mkv,0
SAS - Octavia Red - Quality Control  1080p.mp4 / SAS - Octavia Red - Quality Control  1080p.mp4,0
MommyBlowsBest Alana Cruise Let Mommy Help Clean You Up 720p HEVC x265 piemonster.mkv / MommyBlowsBest Alana Cruise Let Mommy Help Clean You Up 720p HEVC x265 piemonster.mkv,0
www.SceneTime.com  - The.Last.Post.S01E01.1080p.HDTV.H264-MTB / the.last.post.s01e01.1080p.hdtv.h264-mtb.mkv,0
www.Torrenting.com   -    Jeff.Dunham.Me.The.People.2022.1080p.WEB.h264-BAE / Jeff.Dunham.Me.The.People.2022.1080p.WEB.h264-BAE.mkv,0
"Blake Mason - Matt B, Nathan B, and RJ / Matt B Nathan B & RJ.mp4",0
Tushy.20.12.06.Lina.Luxa.XXX.720p.HEVC.x265.PRT / Tushy.20.12.06.Lina.Luxa.XXX.720p.HEVC.x265.PRT.mp4,1
madoubt.com 833582.xyz fc2ppv-4606055 / madoubt.com 833582.xyz fc2ppv-4606055.mp4,1
snis-396-C / snis-396-C.mp4,1
"[StepSiblingsCaught] Chloe Temple, Jasmine Grey - A Long Time Cumming (27.08.2019) rq.mp4 / [StepSiblingsCaught] Chloe Temple, Jasmine Grey - A Long Time Cumming (27.08.2019) rq.mp4",1
Alain Tanner - (1979) Messidor.mkv / Alain Tanner - (1979) Messidor.mkv,1
www.Torrenting.org - The Great Model Railway Challenge S02E05 1080p HDTV H264-PLUTO / The.Great.Model.Railway.Challenge.S02E05.1080p.HDTV.H264-PLUTONiUM.mkv,0
www.MovieRulz.pl - Broken Darkness (2018) 720p HC HDRip x264 AAC 1 GB.mkv / www.MovieRulz.pl - Broken Darkness (2018) 720p HC HDRip x264 AAC 1 GB.mkv,0
Power.Book.II.Ghost.S04E02.1080p.HEVC.x265-MeGusta[EZTVx.to].mkv / Power.Book.II.Ghost.S04E02.1080p.HEVC.x265-MeGusta[EZTVx.to].mkv,0
qbd-068均匀美丽的小姐 / qbd-068均匀美丽的小姐.mp4,1
COMANDO.TO - 007 – A Serviço Secreto de Sua Majestade 1969 [1080p] / COMANDO.TO - 007 – A Serviço Secreto de Sua Majestade.1969.BluRay.1080p.DUAL.mkv,0
ROYD-187 / hhd800.com@ROYD-187.mp4,1
The Water Magician S01E05 VOSTFR 1080p WEB x264 AAC -Tsundere-Raws (CR).mkv / The Water Magician S01E05 VOSTFR 1080p WEB x264 AAC -Tsundere-Raws (CR).mkv,0
OnlyFans 2025 Tiny Texie Anal XXX 1080p AV1-XLeech / OnlyFans 2025 Tiny Texie Anal XXX 1080p AV1-XLeech.mkv,1
Girl With Green Eyes (1964) [BluRay] [720p] [YTS.AM] / Girl.With.Green.Eyes.1964.720p.BluRay.x264-[YTS.AM].mp4,0
movie_22505_data / movie_22505.mp4,1
Yu-Gi-Oh! GX! DVDrip / [AU_RAW] Yu-Gi-Oh!GX 104 (DVDrip 480p x264_AC3).mkv,0
IP Man (2008) / Ip Man 2008.720p.BrRip.x264.YIFY.mp4,0
MetArt.23.03.26.Aly.Deity.Feather.Tail.XXX.1080p.HEVC.x265.PRT[XvX] / MetArt.23.03.26.Aly.Deity.Feather.Tail.XXX.1080p.HEVC.x265.PRT.mkv,1
ergv-034 / ergv-034.mp4,1
madoubt.com 592239.xyz caribbeancom-121815_453 / madoubt.com 592239.xyz caribbeancom-121815_453.mp4,1
msfh-016 / msfh-016.mp4,1
Wanted.Man.2024.1080p.BluRay.x265.AC3.DUAL-SiSO / Wanted.Man.2024.1080p.BluRay.x265.AC3.DUAL-SiSO.mkv,0
madoubt.com 356959.xyz caribbeancom-121824_001 / madoubt.com 356959.xyz caribbeancom-121824_001.mp4,1
Ariella Ferrera And Jynx Maze - You Want Us To Clean Your Dick HD 720p / cfnm_ariella_jynx_vl072513_720p_8000.mp4,0
9-1-1.S08E16.720p.HDTV.x264.mp4 / 9-1-1.S08E16.720p.HDTV.x264.mp4,0
[ANK-Raws] 冴えない彼女の育てかた2 (BDrip 1920x1080 HEVC-YUV420P10 FLAC) / [ANK-Raws] 冴えない彼女の育てかた2 08 (BDrip 1920x1080 HEVC-YUV420P10 FLAC).mkv,1
take.5.with.zan.rowe.s01e03.missy.higgins.1080p.hdtv.h264-cbfm[eztv.re].mkv / take.5.with.zan.rowe.s01e03.missy.higgins.1080p.hdtv.h264-cbfm[eztv.re].mkv,0
jpgc1097 / jpgc1097.mp4,1
红色空姐制服捆绑调教足交后入女上站立啪啪 / 视频/【91home.cc】红色空姐制服捆绑调教足交后入女上站立啪啪.mp4,1
The.Soul-mate.2018.KOREAN.WEBRip.x264-VXT / The.Soul-mate.2018.KOREAN.WEBRip.x264-VXT.mp4,0
ipzz-451 / ipzz-451.mp4,1
HookupHotshot.22.09.18.Tommy.King.Returns.XXX.480p.MP4-XXX / hookuphotshot.22.09.18.tommy.king.returns.mp4,1
Bastarden.2023.UHDRip.1080p.ExKinoRay.mkv / Bastarden.2023.UHDRip.1080p.ExKinoRay.mkv,0
Gianna Michaels Megapack Cumshot Compilation / Gianna Michaels Megapack Cumshot Compilation Part 1.mp4,1
白夜破晓14.mp4 / 白夜破晓14.mp4,1
The.Perfect.Mother.S01.PL.720p.NF.WEB.DDP5.1.x264-raven / The.Perfect.Mother.S01E01.PL.720p.NF.WEB-DL.DDP5.1.x264-raven.mkv,0
Chief.of.Station.2024.BDRip.1080p.pk.mkv / Chief.of.Station.2024.BDRip.1080p.pk.mkv,0
bda035.mp4 / bda035.mp4,1
madoubt.com 935998.xyz fc2ppv-4721682 / madoubt.com 935998.xyz fc2ppv-4721682.mp4,1
IENE-745 M男性感開発アナル責めメンズエステ.mp4 / IENE-745 M男性感開発アナル責めメンズエステ.mp4,1
Tushy.22.10.23.Mia.Nix.XXX.720p.WEB.x264-GalaXXXy[XvX] / Tushy.22.10.23.Mia.Nix.XXX.720p.WEB.x264-GalaXXXy.mkv,1
726ANKK-052 / hhd800.com@726ANKK-052.mp4,1
Sound Horizon - Concert Tour 2006-2007 Roman (Bokutachi Ga Tsunagaru Monogatari) / Sound Horizon Concert Tour 2006-2007 『Roman ～僕達が繋がる物語～』 Disc 1 - ''le discque de la Lune'' [6763115E].mkv,1
PremiumHDV.11.02.11.Milla.Mason.Relax.Hes.My.Stepdad.XXX.1080p.MP4-VSEX[rarbg] / phdv_110211_1920x1080_12kB.mp4,1
SlutInspection.2023.Penny.Archer.Anal.Creampie.For.Redhead.Slut.XXX.1080p.HEVC.x265.PRT[XvX] / SlutInspection.2023.Penny.Archer.Anal.Creampie.For.Redhead.Slut.XXX.1080p.HEVC.x265.PRT.mkv,1
Little Lanta - Folded And Pumped 29-10-2022.mp4 / Little Lanta - Folded And Pumped 29-10-2022.mp4,0
校花下海！超漂亮超可爱~【蕾姆】揉穴自慰！超过瘾~ / 校花下海！超漂亮超可爱~【蕾姆】揉穴自慰！超过瘾~.mp4,1
[ Torrent911.gs ] Beyond.Paradise.S01E03.FRENCH.AD.1080p.WEB.H264-TFA / Beyond.Paradise.S01E03.FRENCH.AD.1080p.WEB.H264-TFA.mkv,0
"简陋出租房偷拍公共卫生间洗澡的大奶妹,竟然还带一根木棍放在门旁边防身,人与人之间的信任一点都没有啊 / 简陋出租房偷拍公共卫生间洗澡的大奶妹,竟然还带一根木棍放在门旁边防身,人与人之间的信任一点都没有啊.mp4",1
Taras.Bulba.2009.x264.BDRip(720p).Kinozal.TV-HD.mkv / Taras.Bulba.2009.x264.BDRip(720p).Kinozal.TV-HD.mkv,0
Notting Hill (1999) PL.720p.BRRip.H264-wasik   Lektor PL.mkv / Notting Hill (1999) PL.720p.BRRip.H264-wasik   Lektor PL.mkv,0
[MagicStar] Fermat no Ryouri EP08 [WEBDL] [1080p] [JPN_SUB] / [MagicStar] Fermat no Ryouri EP08 [WEBDL] [1080p].mkv,0
DorcelClub.23.02.08.Shalina.Devine.And.Lili.Charmelle.XXX.SD.MP4-KLEENEX / DorcelClub.23.02.08.Shalina.Devine.And.Lili.Charmelle.XXX.SD.MP4-KLEENEX.mp4,1
[168x.me]sprd-1050 / sprd-1050.mp4,1
[CSM] Isaac Hardy Barebacks Kip Johnson - 720p.mp4 / [CSM] Isaac Hardy Barebacks Kip Johnson - 720p.mp4,0
Alain Guiraudie - (2003) No Rest for the Brave.mkv / Alain Guiraudie - (2003) No Rest for the Brave.mkv,0
Jar City[h264][h33t][mattlb0619] / Jar City[h264][h33t][mattlb0619].mp4,1
DitaDior_ThorJohnsonVSHC1_1080p.mp4 / DitaDior_ThorJohnsonVSHC1_1080p.mp4,1
Дубравка.1967.SATRip-AVC_[New-team]_by_AVP_Studio.mkv / Дубравка.1967.SATRip-AVC_[New-team]_by_AVP_Studio.mkv,1
The.Grand.Tour.S02E03.WEB.h264-SKGTV[ettv] / the.grand.tour.s02e03.web.h264-skgtv[ettv].mkv,0
ATKGirlfriends.18.11.15.Emily.Willis.XXX.1080p.MP4-KTR[N1C] / atkgfs.18.11.15.emily.willis[N1C].mp4,1
START-117 / START-117.mp4,1
BangRealTeens.20.10.12.Mia.Taylor.Is.A.Smoking.Hot.Teen.That.Loves.Sex.XXX.1080p.HEVC.x265.PRT / BangRealTeens.20.10.12.Mia.Taylor.Is.A.Smoking.Hot.Teen.That.Loves.Sex.XXX.1080p.HEVC.x265.PRT.mp4,1
Ashgrove (2022) lat.mp4 / Ashgrove (2022) lat.mp4,1
Digimon.Adventure.02.The.Beginning.2023.BDRip.Dual.Audio.5.1.10bits.x265-Rapta.mkv / Digimon.Adventure.02.The.Beginning.2023.BDRip.Dual.Audio.5.1.10bits.x265-Rapta.mkv,0
RealityJunkies.25.03.07.Cassie.Del.Isla.Fantasy.Play.XXX.1080p.MP4-WRB[XC] / realityjunkies.25.03.07.cassie.del.isla.fantasy.play.mp4,1
Annihilation (2018).1080p.mkv / Annihilation (2018).1080p.mkv,0
www.UIndex.org    -    Route Irish 2010 1080p BluRay X264-7SinS / Route Irish 2010 1080p BluRay X264-7SinS.mkv,0
Key.Largo.1948.1080p.BluRay.H264.AAC-RARBG / Key.Largo.1948.1080p.BluRay.H264.AAC-RARBG.mp4,0
HD-HJMO-405 / HD-HJMO-405.mp4,1
MrAnal - Bonnie Rotten / ma13465-480p.mp4,1
Portia.Harlow.MILF.bigtits.mp4 / Portia.Harlow.MILF.bigtits.mp4,1
Dead.Boy.Detectives.S01E06.1080p.rus.LostFilm.TV.mkv / Dead.Boy.Detectives.S01E06.1080p.rus.LostFilm.TV.mkv,0
SOE942MP4 / SOE942F.mp4,1
TVBOXNOW DCU海底特殊搜查隊 / TVBOXNOW DCU海底特殊搜查隊 EP08.mp4,1
FC2-PPV-4448434 / hhd800.com@FC2-PPV-4448434.mp4,1
PPPD-881 / PPPD-881.H265.mp4,1
www.UIndex.org    -    FamilyTherapyXXX.25.05.12.Angel.Youngs.The.LA.Trip.XXX.1080p.MP4-WRB / familytherapyxxx.25.05.12.angel.youngs.the.la.trip.mp4,1
madoubt.com 995536.xyz pacopacomama-050123_840 / madoubt.com 995536.xyz pacopacomama-050123_840.mp4,1
ATKGalleria.14.11.20.Stella.Cox.Toys.XXX.1080p.MP4-KTR / Sample/atkg.14.11.20.stella.cox.toys-sample.mp4,1
GirlfriendsFilms.21.07.09.Alison.Rey.And.Liv.Revamped.XXX.720p.HEVC.x265.PRT / GirlfriendsFilms.21.07.09.Alison.Rey.And.Liv.Revamped.XXX.720p.HEVC.x265.PRT.mp4,1
EvilAngel.15.03.16.Zoey.Monroe.His.Ass.Is.Mine.XXX.480p.MP4-JustDifferent / evilangel.15.03.16.zoey.monroe.his.ass.is.mine.mp4,1
(無修正-流出) STARS-182 (Uncensored Leaked) 青空ひかり 絶頂開発 細い手足を震わせながら激イキ！初めての巨根大絶頂SEX (Hikari Aozora)  / STARS-182-B.mp4,1
Halloween UNRATED (2007) / Halloween.UNRATED.2007.720p.BRrip.x264.YIFY.mp4,0
Sweetie Fox - Fox Maid Hard Anal Sex In Torn Tights [Manyvids.com].mp4 / Sweetie Fox - Fox Maid Hard Anal Sex In Torn Tights [Manyvids.com].mp4,1
Veronika.nechochet.umirat.(2016).SATRjp.(AVC).Files-x / 04.Veronika.nechochet.umirat.(2016).SATRip.(AVC).by.Серый1779.Files-x.mkv,1
Es.por.su.bien.2024.1080p-dual-Lat.mp4 / Es.por.su.bien.2024.1080p-dual-Lat.mp4,0
Una tienda para asesinos [HDTV 720p][Cap.102] / Una tienda para asesinos [HDTV 720p][Cap.102].mkv,0
Lásky Jedné Plavovlásky AKA The Loves of a Blonde.1965.CriterionDVDRip.x264 / Lásky Jedné Plavovlásky AKA The Loves of a Blonde.1965.CriterionDVDRip.x264.mkv,0
极品宅男福利！青春无敌！推特福利姬大网红柚木好友，可盐可甜嫩妹【青木小荷】收费私拍，紫薇3P打炮被死胖子摧残蹂躏 / 极品宅男福利！青春无敌！推特福利姬大网红柚木好友，可盐可甜嫩妹【青木小荷】收费私拍，紫薇3P打炮被死胖子摧残蹂躏.mp4,1
The.Awful.Truth.1937.720p.WEB-DL.H264-GABE [PublicHD] / The.Awful.Truth.1937.720p.WEB-DL.AAC2.0.H.264-GABE.mkv,0
madoubt.com 692523.xyz ROE-329 / madoubt.com 692523.xyz ROE-329.mp4,1
Molchanie.WEB-DL.(1080p).lunkin / Molchanie.03.serya.WEB-DL.(1080p).by.lunkin.mkv,0
Pokusa_2023.PL.WEB-DL.x264.AAC.2.0-MG.mkv / Pokusa_2023.PL.WEB-DL.x264.AAC.2.0-MG.mkv,0
魔女04.mp4 / 魔女04.mp4,1
madoubt.com 663992.xyz fc2ppv-4699133 / madoubt.com 663992.xyz fc2ppv-4699133.mp4,1
Watch.Download.https.streamtape.com.v.VyKGyW6JVxTK2vQ.https.bigwarp.io.p90xl28wz7au.https.lulustream.com.9fkvh13tbk1s.PornBox.Sofa.Weber.aka.Sophie.Weber.SHUT.UP.and.SUCK.MY.DICK.The.Deepest.Pussy.Fuck.EVER.23.07.2025.Young.Gonzo.Hardcore.AllSex.mp4 / Watch.Download.https.streamtape.com.v.VyKGyW6JVxTK2vQ.https.bigwarp.io.p90xl28wz7au.https.lulustream.com.9fkvh13tbk1s.PornBox.Sofa.Weber.aka.Sophie.Weber.SHUT.UP.and.SUCK.MY.DICK.The.Deepest.Pussy.Fuck.EVER.23.07.2025.Young.Gonzo.Hardcore.AllSex.mp4,1
[SubsPlease] Jidou Hanbaiki ni Umarekawatta Ore wa Meikyuu wo Samayou S2 - 04 (480p) [FA0C8FF0].mkv / [SubsPlease] Jidou Hanbaiki ni Umarekawatta Ore wa Meikyuu wo Samayou S2 - 04 (480p) [FA0C8FF0].mkv,1
